client_id,client_segment,industry,agreed_terms
CLI-2697,Enterprise,Manufacturing,Net-30
CLI-1295,SMB,Construction,Net-30
CLI-1682,Mid-Market,IT Services,Net-30
CLI-2077,Enterprise,Retail,Net-60
CLI-1749,Enterprise,Retail,Net-15
CLI-1739,Mid-Market,Retail,NET-15
CLI-4644,Enterprise,Pharma,Net-15
CLI-2538,enterprise,IT Services,Net-60
CLI-4447,SMB,Textiles,Net-30
CLI-0451,SMB,Retail,Net-60
CLI-4332,SMB,Construction,net15
CLI-4432,SMB,IT Services,Net-30
CLI-2235,Mid-Market,Pharma,Net-60
CLI-0018,Mid-Market,Construction,Net-60
CLI-0738,SMB,Retail,Net-30
CLI-1926,Enterprise,Retail,Net-15
CLI-1106,Mid-Market,Textiles,Net-15
CLI-2317,Mid-Market,Pharma,Net-30
CLI-4818,Enterprise,FMCG,Net-30
CLI-3204,Enterprise,Manufacturing,Net-15
CLI-0347,Enterprise,Retail,Net-60
CLI-4598,Enterprise,Manufacturing,Net-15
CLI-0345,Enterprise,Manufacturing,Net-60
CLI-1374,Enterprise,Retail,Net-30
CLI-3041,Mid-Market,Logistics,Net-60
CLI-0702,Enterprise,Construction,Net-15
CLI-1678,Mid-Market,IT Services,Net-30
CLI-1398,Mid-Market,Logistics,Net-15
CLI-0024,SMB,Logistics,Net-30
CLI-2293,Enterprise,Retail,Net-15
CLI-2865,Mid-Market,FMCG,Net-30
CLI-0020,SMB,Pharma,
CLI-4808,SMB,FMCG,Net-15
CLI-2061,SMB,IT Services,Net-30
CLI-3886,SMB,,Net-60
CLI-3368,Enterprise,Logistics,Net-60
CLI-1099,SMB,IT Services,Net-15
CLI-4707,Enterprise,Construction,Net-30
CLI-2868,Mid-Market,Construction,Net-15
CLI-1570,Enterprise,IT Services,Net-15
CLI-0008,Mid-Market,IT Services,Net-30
CLI-3799,Mid-Market,FMCG,net30
CLI-0717,Enterprise,Textiles,Net-60
CLI-2523,SMB,Retail,Net-60
CLI-0012,Enterprise,Logistics,Net-15
CLI-4784,Enterprise,Retail,Net-15
CLI-2138,Mid-Market,Textiles,Net-15
CLI-4542,Mid-Market,Logistics,Net-60
CLI-3431,Mid-Market,Manufacturing,Net-30
CLI-1534,Mid Market,Construction,Net-60
CLI-3974,Enterprise,FMCG,Net-15
CLI-1607,Mid-Market,Manufacturing,Net-15
CLI-3347,Mid-Market,FMCG,Net-60
CLI-0374,Mid-Market,FMCG,Net-30
CLI-2144,Mid-Market,Manufacturing,Net-60
CLI-3346,SMB,Pharma,Net-30
CLI-0276,Mid-Market,IT Services,Net-15
CLI-1408,SMB,FMCG,Net-15
CLI-4940,SMB,Textiles,Net-15
CLI-0516,SMB,Logistics,Net-30
CLI-3429,Mid-Market,,Net-15
CLI-1497,SMB,Logistics,net30
CLI-1693,SMB,FMCG,Net-60
CLI-0467,Enterprise,Textiles,30 days
CLI-2036,Mid-Market,Construction,Net-15
CLI-4555,Enterprise,FMCG,Net-15
CLI-3130,Mid-Market,Logistics,Net-30
CLI-1176,Enterprise,Textiles,Net-15
CLI-4272,SMB,Retail,Net-15
CLI-0997,SMB,IT Services,
CLI-0666,SMB,Textiles,Net-15
CLI-3629,Enterprise,Manufacturing,Net-15
CLI-3909,SMB,FMCG,Net-30
CLI-2101,SMB,Pharma,Net-60
CLI-2071,Mid-Market,Manufacturing,Net-15
CLI-2001,Enterprise,,Net-30
CLI-3520,Mid-Market,Logistics,Net-15
CLI-3075,Enterprise ,Pharma,Net-60
CLI-3712,Mid-Market,Manufacturing,Net-30
CLI-2342,Enterprise,FMCG,
CLI-4790,smb,Logistics,Net-15
CLI-3198,MID-MARKET,Pharma,Net-15
CLI-3698,Mid-Market,Construction,30 days
CLI-4747,Enterprise,Textiles,Net-15
CLI-4369,Enterprise,Textiles,Net-60
CLI-1366,Mid-Market,Textiles,Net-60
CLI-0195,SMB,IT Services,Net-15
CLI-3660,Mid-Market,Construction,Net-30
CLI-4482,Mid-Market,Logistics,Net-30
CLI-0448,Enterprise,Manufacturing,Net-15
CLI-1170,Mid-Market,Pharma,Net-30
CLI-0987,Enterprise,Manufacturing,Net-30
CLI-0663,Enterprise,,Net-30
CLI-2729,Enterprise,IT Services,Net-30
CLI-0122,Enterprise,Pharma,Net-15
CLI-2924,Enterprise,,Net-30
CLI-3631,Mid-Market,FMCG,Net-30
CLI-3580,Enterprise,FMCG,NET-15
CLI-1311,Enterprise,Retail,Net-15
CLI-0505,Mid-Market,FMCG,Net-30
CLI-0953,Enterprise,Retail,Net-30
CLI-3015,Mid-Market,Manufacturing,Net-60
CLI-1800,Enterprise,Pharma,Net-15
CLI-4678,SMB,IT Services,net15
CLI-1992, SMB,Logistics,Net-15
CLI-4025,Enterprise,Textiles,Net-60
CLI-1403,SMB,IT Services,Net-15
CLI-2399,SMB,FMCG,Net-60
CLI-0825,Enterprise,Construction,Net-30
CLI-4794,Mid-Market,Retail,Net-30
CLI-4919,SMB,Textiles,Net-15
CLI-0229,Mid-Market,Retail,NET-30
CLI-0439,SMB,Retail,Net-30
CLI-1801,Mid-Market,Logistics,Net-60
CLI-1365,SMB,,Net-30
CLI-4579,Enterprise,Logistics,Net-15
CLI-1292,Mid-Market,Logistics,Net-60
CLI-1088,Mid-Market,Retail,Net-15
CLI-0547,Enterprise,Pharma,Net-30
CLI-0910,Mid-Market,FMCG,Net-30
CLI-4253,Enterprise,Textiles,Net-30
CLI-3065,Mid-Market,Construction,Net-15
CLI-3874,SMB,Retail,Net-60
CLI-0328,mid-market,Logistics,Net-15
CLI-3143,Mid-Market,Textiles,Net-60
CLI-1957,Mid-Market,Manufacturing,Net-30
CLI-1753,Mid-Market,Retail,Net-60
CLI-0430,Mid-Market,Textiles,Net-15
CLI-4262,SMB,Textiles,Net-15
CLI-3050,Enterprise,Retail,Net-15
CLI-3270,Mid-Market,Retail,Net-15
CLI-3208,SMB,Retail,Net-60
CLI-3703,Mid-Market,Manufacturing,Net-60
CLI-3113,Mid-Market,IT Services,Net-60
CLI-4884,Enterprise,,
CLI-0639,Mid-Market,FMCG,Net-15
CLI-0610,Mid-Market,IT Services,
CLI-0233,Mid Market,Pharma,Net-60
CLI-3187,SMB,Retail,Net-60
CLI-0444,Mid-Market,Construction,Net-30
CLI-3818,SMB,Construction,Net-15
CLI-3093,Mid-Market,,15 days
CLI-3449,SMB,FMCG,Net-60
CLI-3569,smb,Pharma,Net-30
CLI-2731,Mid-Market,Pharma,Net-15
CLI-3229,Mid-Market,Textiles,Net-60
CLI-0354,Mid-Market,Retail,30 days
CLI-3992,SMB,Retail,Net-30
CLI-4337,Mid-Market,Retail,
CLI-3749,SMB,Pharma,Net-60
CLI-2352,Enterprise,,NET-60
CLI-4642,Mid-Market,Construction,Net-15
CLI-1767,Enterprise,Retail,Net-30
CLI-1256,Enterprise,Pharma,Net-60
CLI-3067,Enterprise,Pharma,Net-15
CLI-4604,SMB,Retail,Net-60
CLI-3706,Enterprise,Logistics,Net-15
CLI-0200,Mid-Market,Logistics,Net-60
CLI-1998,Enterprise,Construction,Net-30
CLI-3309,Mid-Market,Manufacturing,NET-60
CLI-4732,SMB,Textiles,Net-15
CLI-4080, SMB,IT Services,Net-30
CLI-4978,Enterprise,Retail,Net-60
CLI-1329,Mid-Market,IT Services,Net-15
CLI-3472,Mid-Market,Construction,Net-30
CLI-3108,Enterprise ,Retail,Net-60
CLI-0262,SMB,Retail,Net-15
CLI-0247,SMB,Pharma,Net-15
CLI-4611,Enterprise,Retail,Net-60
CLI-0719,Mid-Market,Manufacturing,Net-30
CLI-2574,Enterprise,IT Services,Net-15
CLI-1277,Mid-Market,Retail,30 days
CLI-4655,SMB,Construction,Net-15
CLI-1009,SMB,IT Services,15 days
CLI-4371,SMB,Textiles,Net-15
CLI-3847,SMB,Pharma,Net-15
CLI-4412,SMB,Manufacturing,Net-15
CLI-4405,Enterprise,Retail,Net-15
CLI-3477,Mid-Market,Construction,Net-30
CLI-0841,Mid-Market,Logistics,30 days
CLI-1214,Mid-Market,Pharma,Net-15
CLI-1829,Enterprise,Logistics,Net-60
CLI-4014,SMB,FMCG,Net-15
CLI-1238,Enterprise,Manufacturing,Net-15
CLI-3302,Enterprise,Retail,Net-30
CLI-2575,Mid-Market,Manufacturing,Net-60
CLI-4527,SMB,Textiles,
CLI-0545,Enterprise,Manufacturing,Net-60
CLI-4322,SMB,Textiles,Net-60
CLI-0319,SMB,FMCG,Net-60
CLI-1512,Enterprise,IT Services,Net-15
CLI-1035,SMB,Logistics,Net-30
CLI-2893,SMB,Manufacturing,Net-60
CLI-0998,SMB,Textiles,Net-60
CLI-2940,Mid-Market,Retail,Net-15
CLI-1130,Enterprise,Textiles,Net-30
CLI-3574,Enterprise,FMCG,Net-15
CLI-4851,SMB,FMCG,Net-60
CLI-2099,SMB,Manufacturing,Net-60
CLI-4957,SMB,Manufacturing,Net-30
CLI-2794,SMB,Textiles,60 days
CLI-1529,Enterprise,Textiles,Net-15
CLI-4145,Enterprise,Pharma,Net-60
CLI-1663,SMB,Manufacturing,Net-60
CLI-0705,Enterprise,FMCG,Net-60
CLI-2013,Mid-Market,Construction,Net-30
CLI-3403,SMB,Retail,Net-30
CLI-1634,Mid-Market,Construction,Net-30
CLI-3438,Enterprise,IT Services,Net-60
CLI-0533,Enterprise,Textiles,Net-30
CLI-3082,Mid-Market,Logistics,Net-30
CLI-0808,Enterprise,FMCG,Net-30
CLI-4786,SMB,Construction,Net-30
CLI-2419,Enterprise,Pharma,Net-15
CLI-4148,SMB,Retail,Net-15
CLI-0152,Mid-Market,Textiles,Net-30
CLI-3709,SMB,Pharma,30 days
CLI-4182,Mid-Market,Pharma,Net-30
CLI-3350,Enterprise,Retail,Net-15
CLI-1396,enterprise,Construction,Net-30
CLI-2864,Enterprise,IT Services,net15
CLI-3559,Enterprise,Construction,Net-30
CLI-4039,SMB,Retail,
CLI-3226,Mid-Market,FMCG,Net-30
CLI-2838,Enterprise,FMCG,Net-60
CLI-3207,Mid-Market,Retail,Net-30
CLI-2095,SMB,Pharma,Net-60
CLI-4729,Mid-Market,Manufacturing,Net-15
CLI-4974,SMB,IT Services,Net-60
CLI-3827,Mid-Market,Manufacturing,Net-60
CLI-2133,Mid-Market,Pharma,Net-30
CLI-0469,Enterprise,Retail,Net-60
CLI-4229,Mid-Market,Textiles,Net-60
CLI-2240,SMB,Textiles,Net-30
CLI-0401,Enterprise,Manufacturing,Net-30
CLI-3480,Mid-Market,Logistics,NET-60
CLI-2818,Mid-Market,Manufacturing,Net-15
CLI-4864,SMB,Pharma,Net-30
CLI-1647,Mid Market,Textiles,Net-60
CLI-0554,Smb,Textiles,Net-60
CLI-0206,enterprise,Textiles,Net-30
CLI-2657,Mid-Market,Pharma,Net-60
CLI-1612,Enterprise,Retail,Net-15
CLI-0177,Mid-Market,Manufacturing,60 days
CLI-4748,Enterprise,FMCG,Net-60
CLI-2324,Mid-Market,Construction,Net-60
CLI-0782,Mid-Market,IT Services,Net-30
CLI-4519,Mid-Market,FMCG,Net-30
CLI-2686,Mid-Market,Retail,Net-30
CLI-3420,Mid-Market,Manufacturing,NET-60
CLI-4099,Mid-Market,FMCG,Net-30
CLI-3003,SMB,IT Services,
CLI-1811,SMB,Logistics,Net-15
CLI-1849,SMB,Construction,Net-60
CLI-3545,SMB,Retail,Net-60
CLI-4892,MID-MARKET,Logistics,Net-30
CLI-0994,SMB,Manufacturing,30 days
CLI-2992,SMB,IT Services,15 days
CLI-0409,Enterprise,Construction,Net-15
CLI-4188,SMB,Manufacturing,Net-60
CLI-2845,mid-market,IT Services,Net-60
CLI-2213,Enterprise,Textiles,Net-15
CLI-1363,mid-market,FMCG,Net-30
CLI-0706,Mid-Market,Pharma,Net-60
CLI-4532,SMB,Retail,Net-15
CLI-3042,ENTERPRISE,Logistics,Net-30
CLI-4395,Mid-Market,Textiles,Net-15
CLI-4445,Enterprise,Construction,Net-15
CLI-4052,Mid-Market,FMCG,Net-15
CLI-0297,Mid-Market,Manufacturing,Net-15
CLI-4856,Mid-Market,IT Services,Net-30
CLI-4859,Enterprise,Construction,Net-15
CLI-2035,Mid-Market,Manufacturing,Net-15
CLI-3068,Enterprise,Retail,Net-30
CLI-1351,SMB,Retail,Net-15
CLI-2155,Enterprise,Retail,Net-15
CLI-1964,Mid-Market,Construction,Net-60
CLI-2529,Mid-Market,FMCG,Net-60
CLI-0230,smb,Logistics,Net-30
CLI-2409,mid-market,IT Services,Net-60
CLI-1000,Enterprise,Logistics,Net-15
CLI-4413,Enterprise,IT Services,Net-15
CLI-2501,Enterprise,Retail,Net-30
CLI-3264,enterprise,IT Services,Net-60
CLI-3302,SMB,Retail,Net-60
CLI-1654,SMB,Construction,Net-15
CLI-2410,Mid-Market,Construction,net15
CLI-4034,Enterprise,Textiles,Net-60
CLI-3781,Mid-Market,Manufacturing,Net-15
CLI-1517,SMB,Retail,Net-15
CLI-4948,Mid-Market,Manufacturing,Net-30
CLI-2470,Enterprise,Manufacturing,Net-60
CLI-3954,Enterprise,Retail,Net-60
CLI-1322,Mid-Market,FMCG,Net-15
CLI-1297,Mid-Market,Textiles,Net-60
CLI-3913,Mid-Market,Textiles,Net-60
CLI-0203,Mid-Market,Logistics,Net-60
CLI-0302,Mid-Market,Construction,Net-15
CLI-4756,Mid-Market,FMCG,Net-30
CLI-3577,Mid-Market,Retail,Net-15
CLI-3997,Mid-Market,Construction,Net-15
CLI-4955,SMB,Textiles,net15
CLI-1710,Enterprise,Retail,Net-30
CLI-4471,Mid-Market,Retail,Net-30
CLI-4782,Mid-Market,Construction,Net-15
CLI-1198,Enterprise,Construction,Net-60
CLI-2070,SMB,IT Services,Net-60
CLI-0274,Mid-Market,Logistics,Net-60
CLI-1044,Mid-Market,Manufacturing,Net-30
CLI-1163,SMB,FMCG,Net-15
CLI-4345,SMB,Pharma,Net-15
CLI-0659,SMB,FMCG,Net-60
CLI-0635,SMB,Pharma,Net-60
CLI-1218,SMB,Textiles,Net-15
CLI-0265,Mid-Market,Logistics,Net-30
CLI-3209,Enterprise,FMCG,Net-60
CLI-1103,Mid-Market,Manufacturing,Net-30
CLI-0458, SMB,FMCG,Net-60
CLI-0049,SMB,Logistics,Net-60
CLI-3844,Enterprise ,Logistics,Net-30
CLI-2904,Mid-Market,,30 days
CLI-4185,Enterprise,Retail,Net-60
CLI-0077,SMB,Logistics,Net-15
CLI-1435,SMB,Textiles,Net-15
CLI-4639,Mid-Market,Construction,Net-30
CLI-2689,Enterprise,Pharma,Net-60
CLI-4728,Smb,,Net-30
CLI-0700,Mid-Market,Logistics,Net-60
CLI-2120,Mid-Market,Textiles,Net-30
CLI-3851,Mid-Market,Construction,Net-15
CLI-4032,Enterprise,IT Services,NET-60
CLI-3390,Mid-Market,FMCG,Net-30
CLI-4640,Enterprise,Logistics,Net-30
CLI-3961,Mid-Market,Construction,
CLI-0983,Mid-Market,Manufacturing,Net-30
CLI-2861,Mid-Market,IT Services,Net-30
CLI-4363,Mid-Market,Pharma,Net-15
CLI-0588,Enterprise,IT Services,Net-60
CLI-3487,SMB,Manufacturing,Net-15
CLI-4602,SMB,Construction,Net-15
CLI-0646,SMB,Textiles,Net-60
CLI-4855,Enterprise,,NET-15
CLI-2446,mid-market,Manufacturing,
CLI-0597,Enterprise,Retail,
CLI-4958,SMB,Logistics,Net-30
CLI-0320,SMB,Construction,Net-15
CLI-3351,Enterprise,Logistics,Net-30
CLI-0207,Mid-Market,Manufacturing,Net-15
CLI-4502,SMB,FMCG,Net-60
CLI-1544,Mid-Market,Logistics,Net-30
CLI-3466,Enterprise,Construction,15 days
CLI-3201,SMB,FMCG,Net-30
CLI-2026,SMB,FMCG,Net-60
CLI-2337,Enterprise,Textiles,Net-60
CLI-1213,ENTERPRISE,FMCG,Net-30
CLI-2542,Mid-Market,Construction,Net-30
CLI-3183,Enterprise,Retail,Net-30
CLI-3486,Enterprise,Pharma,
CLI-1196,Enterprise,,Net-30
CLI-3707,Enterprise,Manufacturing,
CLI-2684,Enterprise,Manufacturing,Net-60
CLI-4673,Enterprise,Logistics,Net-30
CLI-0155,SMB,Manufacturing,Net-60
CLI-1150,Enterprise,Pharma,Net-15
CLI-1465,SMB,Retail,Net-60
CLI-1910,Mid-Market,Construction,NET-60
CLI-4161,Enterprise,Retail,Net-15
CLI-4550,smb,Manufacturing,Net-30
CLI-3975, SMB,IT Services,Net-60
CLI-3074,Enterprise,FMCG,Net-15
CLI-1714,Mid-Market,Retail,Net-60
CLI-0165,Mid-Market,IT Services,Net-30
CLI-3852,Mid-Market,IT Services,30 days
CLI-0868,Mid-Market,Pharma,Net-60
CLI-3407,Enterprise,IT Services,Net-15
CLI-2974,SMB,Pharma,Net-15
CLI-0480,SMB,Textiles,net30
CLI-4295,SMB,Textiles,Net-15
CLI-1237,SMB,Logistics,Net-30
CLI-1140,Mid-Market,Textiles,Net-60
CLI-2137,Enterprise,,Net-30
CLI-4067,SMB,Logistics,Net-30
CLI-1020,enterprise,Construction,Net-30
CLI-4866,Enterprise,Pharma,Net-15
CLI-3655,Enterprise,Textiles,
CLI-4651,Mid-Market,Manufacturing,
CLI-0407,Enterprise,Pharma,15 days
CLI-1631,Mid-Market,Retail,Net-30
CLI-3388,SMB,Retail,net60
CLI-2998,SMB,Textiles,Net-15
CLI-1495,SMB,Construction,Net-60
CLI-3052,SMB,Textiles,NET-15
CLI-0058,Enterprise,FMCG,Net-30
CLI-2314,Enterprise,FMCG,NET-60
CLI-4112,Enterprise,Manufacturing,Net-30
CLI-0312,SMB,Logistics,Net-30
CLI-3549,Enterprise,Retail,15 days
CLI-3573,Mid-Market,FMCG,Net-60
CLI-0082,SMB,Pharma,net60
CLI-0774,Mid-Market,Logistics,Net-15
CLI-1411,SMB,FMCG,Net-60
CLI-3945,SMB,Retail,
CLI-0352,Enterprise,,Net-30
CLI-0330,SMB,IT Services,Net-60
CLI-3002,Enterprise,IT Services,Net-15
CLI-3164,SMB,IT Services,Net-30
CLI-4836,Enterprise,,
CLI-1436,Mid-Market,Logistics,60 days
CLI-3894,Mid-Market,Manufacturing,Net-30
CLI-3638,Mid-Market,Logistics,Net-15
CLI-1416,Enterprise,Construction,NET-30
CLI-4195,Mid-Market,Textiles,Net-30
CLI-2583,MID-MARKET,IT Services,net15
CLI-3590,Enterprise,Logistics,Net-30
CLI-0803,Enterprise,Construction,Net-60
CLI-2847,SMB,Logistics,Net-15
CLI-1817,Mid-Market,Manufacturing,Net-30
CLI-2887,Enterprise,Retail,Net-30
CLI-1697,Mid-Market,Retail,Net-15
CLI-3258,Enterprise,Retail,Net-60
CLI-3104,Enterprise,Manufacturing,Net-15
CLI-3669,SMB,FMCG,Net-60
CLI-0870,Mid-Market,FMCG,Net-15
CLI-4686,SMB,Construction,Net-60
CLI-2257,Mid-Market,Retail,Net-30
CLI-2584,SMB,IT Services,Net-30
CLI-1059,Smb,FMCG,Net-30
CLI-3456,SMB,Manufacturing,NET-15
CLI-1032,Enterprise,IT Services,Net-60
CLI-0574,SMB,Logistics,Net-30
CLI-4435,MID-MARKET,Manufacturing,Net-60
CLI-1539,Mid-Market,FMCG,Net-15
CLI-2392,Mid-Market,IT Services,Net-15
CLI-4645,SMB,Construction,Net-30
CLI-0169,Mid-Market,Pharma,Net-30
CLI-2666,SMB,IT Services,
CLI-3596,Mid-Market,Pharma,Net-30
CLI-2395,SMB,Pharma,Net-30
CLI-2795,Mid-Market,,Net-60
CLI-1337,Mid-Market,Construction,Net-30
CLI-0072,SMB,Manufacturing,Net-60
CLI-4578,Mid-Market,Textiles,Net-60
CLI-4436,Mid-Market,Manufacturing,Net-30
CLI-0455,Enterprise,Pharma,Net-30
CLI-3857,SMB,Textiles,Net-15
CLI-2603,SMB,,Net-60
CLI-1257,Enterprise,Pharma,Net-30
CLI-0101,Mid-Market,Manufacturing,Net-30
CLI-3445,Enterprise,IT Services,Net-60
CLI-4494,Enterprise,IT Services,Net-60
CLI-4242,Mid-Market,,Net-60
CLI-2945,SMB,Manufacturing,Net-60
CLI-2503,Mid-Market,Construction,Net-30
CLI-1156,Mid-Market,Logistics,Net-60
CLI-3496,Mid-Market,Pharma,Net-30
CLI-2622,SMB,,Net-60
CLI-3134,Mid-Market,FMCG,Net-60
CLI-2926,Enterprise,FMCG,Net-15
CLI-3539,Enterprise,Pharma,Net-60
CLI-2136,Enterprise,Logistics,Net-15
CLI-4327,Mid-Market,,Net-60
CLI-2394,Smb,Construction,Net-30
CLI-0311,Enterprise,Manufacturing,Net-60
CLI-2842,Mid-Market,FMCG,Net-60
CLI-3436,Enterprise,IT Services,Net-60
CLI-3955,Enterprise ,FMCG,Net-60
CLI-2435,SMB,Pharma,Net-30
CLI-3787,Enterprise,Retail,Net-15
CLI-4042,Enterprise,Manufacturing,Net-30
CLI-0529,Enterprise,Logistics,Net-60
CLI-2948,Mid-Market,Logistics,Net-15
CLI-1934,SMB,IT Services,Net-15
CLI-2190,Enterprise,Textiles,Net-30
CLI-3967,SMB,Logistics,Net-15
CLI-1779,SMB,Textiles,Net-15
CLI-1527,SMB,Logistics,Net-15
CLI-0468,Enterprise,Manufacturing,Net-30
CLI-2404,SMB,Retail,Net-60
CLI-0091,Enterprise,FMCG,Net-30
CLI-0979,Enterprise,Construction,Net-60
CLI-2447,Enterprise,Pharma,Net-15
CLI-4372,Enterprise,Textiles,Net-15
CLI-0799,Mid-Market,Pharma,Net-15
CLI-2367,Enterprise,FMCG,Net-30
CLI-2984,Mid-Market,Logistics,Net-60
CLI-2194,SMB,IT Services,Net-60
CLI-0897,ENTERPRISE,FMCG,Net-30
CLI-1935,Enterprise,Retail,Net-30
CLI-4594,Mid-Market,Pharma,Net-60
CLI-3058,SMB,Pharma,Net-15
CLI-0056,Enterprise,IT Services,60 days
CLI-3392,SMB,FMCG,Net-30
CLI-2986,SMB,Retail,Net-15
CLI-1426,SMB,Textiles,
CLI-4127,SMB,Construction,Net-15
CLI-2808,Mid-Market,Manufacturing,Net-30
CLI-4331,Mid-Market,FMCG,Net-15
CLI-3334,Mid-Market,Textiles,Net-60
CLI-3421,mid-market,Pharma,Net-30
CLI-1093,Enterprise,Manufacturing,Net-30
CLI-2215,Enterprise,,Net-15
CLI-2919,SMB,Manufacturing,Net-15
CLI-3276,Enterprise ,Logistics,Net-30
CLI-0408,Mid-Market,Construction,Net-30
CLI-3156,Enterprise,Logistics,Net-30
CLI-4683,Mid-Market,Manufacturing,Net-15
CLI-1041,SMB,Manufacturing,NET-15
CLI-2852,Mid-Market,Retail,Net-60
CLI-1129,Mid-Market,Textiles,Net-60
CLI-0026,Enterprise,Retail,Net-30
CLI-3232,SMB,Retail,Net-15
CLI-3778,Mid-Market,,Net-15
CLI-0266,Mid-Market,Textiles,Net-30
CLI-4841,SMB,Manufacturing,Net-60
CLI-4389,Mid-Market,Textiles,
CLI-3416,Enterprise,FMCG,Net-60
CLI-1571,Enterprise,FMCG,Net-60
CLI-2609,Enterprise,FMCG,Net-15
CLI-3315,SMB,Manufacturing,15 days
CLI-4271,Enterprise,FMCG,Net-60
CLI-4093,Enterprise,Textiles,Net-30
CLI-0456,SMB,Manufacturing,Net-60
CLI-1469,Mid-Market,FMCG,Net-15
CLI-2870,Enterprise,Pharma,Net-15
CLI-1716,SMB,IT Services,Net-60
CLI-0292,SMB,Textiles,Net-15
CLI-0256,Enterprise,IT Services,Net-30
CLI-2269,Enterprise,FMCG,60 days
CLI-2570,Mid-Market,Textiles,Net-60
CLI-4286,Mid-Market,Pharma,Net-15
CLI-3192,Mid-Market,Construction,Net-15
CLI-0350,SMB,Logistics,Net-15
CLI-1431,Mid-Market,Textiles,Net-60
CLI-2073,SMB,Construction,Net-60
CLI-3908,SMB,Pharma,Net-15
CLI-2607,ENTERPRISE,Textiles,Net-30
CLI-3166,Enterprise,Logistics,Net-15
CLI-4492,SMB,Pharma,Net-60
CLI-0291,SMB,Logistics,NET-15
CLI-1546,Enterprise,Manufacturing,Net-60
CLI-0973,SMB,Textiles,Net-15
CLI-0642,Enterprise,Logistics,Net-60
CLI-4629,Mid-Market,FMCG,Net-15
CLI-3536,Mid-Market,Manufacturing,net60
CLI-3988,Enterprise,FMCG,Net-60
CLI-0294,Mid-Market,Retail,Net-30
CLI-4797,Mid-Market,Manufacturing,Net-15
CLI-3820,Mid-Market,IT Services,Net-60
CLI-2027,Mid-Market,Construction,Net-30
CLI-0406,Mid-Market,IT Services,Net-15
CLI-4558,SMB,Textiles,Net-60
CLI-3530,Enterprise,FMCG,30 days
CLI-2177,Enterprise,IT Services,Net-30
CLI-1785,Enterprise,Construction,Net-30
CLI-4641,Enterprise,IT Services,Net-15
CLI-4130,Enterprise,FMCG,Net-15
CLI-3651,SMB,Construction,Net-15
CLI-3454,SMB,Pharma,Net-15
CLI-1519,Mid-Market,Retail,Net-30
CLI-2778,SMB,FMCG,Net-30
CLI-1428,Enterprise,Retail,Net-30
CLI-2267,mid-market,Textiles,Net-15
CLI-4250,Enterprise,Logistics,Net-60
CLI-1513,Enterprise,Pharma,NET-30
CLI-2816,SMB,IT Services,Net-30
CLI-2100,Enterprise,Construction,Net-15
CLI-2678,Enterprise,Textiles,Net-60
CLI-0984,SMB,FMCG,Net-15
CLI-1770,SMB,Logistics,Net-30
CLI-1855,Mid-Market,Retail,Net-30
CLI-1844,Mid-Market,Retail,Net-30
CLI-1820,enterprise,Construction,Net-30
CLI-2256,SMB,Retail,Net-30
CLI-4105,Mid-Market,FMCG,Net-30
CLI-4316,Mid-Market,Construction,Net-30
CLI-3180,MID-MARKET,Logistics,Net-15
CLI-2741,Mid-Market,Construction,Net-30
CLI-3272,Enterprise,Manufacturing,Net-30
CLI-1154,Mid-Market,Manufacturing,Net-30
CLI-0154,Enterprise,IT Services,Net-30
CLI-1049,Mid-Market,IT Services,
CLI-2245,Enterprise,IT Services,Net-60
CLI-0198,SMB,Retail,Net-60
CLI-3585,Enterprise,Textiles,Net-15
CLI-2334,Mid-Market,IT Services,Net-60
CLI-2693,Enterprise,IT Services,Net-30
CLI-3994,SMB,Manufacturing,
CLI-2182,SMB,IT Services,Net-60
CLI-0733,Mid-Market,Logistics,
CLI-0905,Mid-Market,,Net-15
CLI-4009,Mid-Market,Manufacturing,Net-15
CLI-3000,Enterprise,Manufacturing,Net-15
CLI-4515,Mid-Market,Manufacturing,Net-30
CLI-1572,Mid-Market,Textiles,Net-30
CLI-2113,SMB,Manufacturing,15 days
CLI-4434,Enterprise,Retail,Net-30
CLI-1101,SMB,Construction,Net-15
CLI-3551,Enterprise,Textiles,Net-15
CLI-3996,SMB,Pharma,Net-15
CLI-4468,Enterprise,IT Services,Net-30
CLI-3324,Mid-Market,Manufacturing,60 days
CLI-0323,Enterprise,Textiles,Net-30
CLI-4890,MID-MARKET,Manufacturing,Net-15
CLI-2422,SMB,Manufacturing,Net-15
CLI-2006,Enterprise,Manufacturing,NET-60
CLI-2743,Mid-Market,Retail,
CLI-4788,SMB,Textiles,Net-15
CLI-0549,Enterprise,Construction,Net-15
CLI-1973,SMB,Textiles,Net-15
CLI-4926,Mid-Market,Textiles,Net-15
CLI-1384,Mid-Market,Logistics,30 days
CLI-4210,Mid-Market,IT Services,Net-60
CLI-4372,Mid-Market,Construction,Net-30
CLI-1948,Enterprise,,Net-15
CLI-2340,SMB,Retail,Net-60
CLI-2463,Enterprise,FMCG,Net-15
CLI-3517,Enterprise,,Net-30
CLI-0778,Enterprise,Construction,Net-15
CLI-3150,Mid-Market,FMCG,Net-30
CLI-2771,Mid-Market,Construction,Net-15
CLI-2606,Enterprise,Textiles,Net-15
CLI-0193,SMB,Textiles,Net-60
CLI-0036,Enterprise,Retail,Net-30
CLI-3914,Enterprise,Construction,Net-30
CLI-2588,Enterprise,Manufacturing,Net-15
CLI-3234,SMB,Pharma,Net-15
CLI-3737,SMB,,Net-30
CLI-0817,SMB,Pharma,Net-15
CLI-3858,Enterprise,Construction,NET-30
CLI-2223,SMB,IT Services,Net-15
CLI-3283,Enterprise,Textiles,Net-60
CLI-4159,SMB,Retail,Net-30
CLI-3881,SMB,Manufacturing,Net-15
CLI-3803,Mid-Market,Logistics,Net-30
CLI-2192,Mid-Market,IT Services,net30
CLI-1347,Enterprise,IT Services,Net-30
CLI-1320,SMB,Logistics,Net-15
CLI-4001,SMB,Logistics,Net-60
CLI-4505,Enterprise,Retail,Net-30
CLI-4381,SMB,Logistics,Net-15
CLI-4875,SMB,Construction,Net-60
CLI-1251,Mid-Market,FMCG,Net-15
CLI-2350,SMB,Logistics,Net-30
CLI-3040,Enterprise ,Manufacturing,Net-60
CLI-2910,Enterprise,Textiles,Net-30
CLI-2765,Mid-Market,Pharma,Net-30
CLI-4729,Enterprise,Construction,Net-60
CLI-2271,Enterprise,Logistics,Net-30
CLI-0470,SMB,Construction,Net-15
CLI-0081,Mid-Market,Construction,Net-30
CLI-3217,Mid-Market,Pharma,Net-30
CLI-3296,SMB,IT Services,Net-30
CLI-2844,Enterprise,Manufacturing,Net-60
CLI-4310,Enterprise,Logistics,Net-60
CLI-4569,SMB,Manufacturing,Net-15
CLI-3593,Enterprise ,Manufacturing,Net-30
CLI-4078,SMB,Logistics,Net-60
CLI-4123,Mid-Market,Manufacturing,Net-15
CLI-2117,Mid-Market,Textiles,Net-60
CLI-2048,Enterprise,FMCG,Net-60
CLI-4143,ENTERPRISE,Retail,Net-15
CLI-4464,Enterprise,IT Services,NET-30
CLI-2674,Mid-Market,Manufacturing,Net-60
CLI-1782,Mid-Market,Retail,Net-60
CLI-2531,smb,Textiles,
CLI-4921,SMB,Textiles,Net-15
CLI-4387,SMB,Manufacturing,Net-60
CLI-3777,Enterprise,Construction,Net-60
CLI-2481,SMB,Textiles,Net-60
CLI-3978,Enterprise,FMCG,Net-15
CLI-2050,Enterprise,Retail,Net-30
CLI-4312,SMB,Retail,Net-15
CLI-1090,Enterprise,Pharma,Net-15
CLI-2311,Mid-Market,IT Services,
CLI-1192,Enterprise,Pharma,Net-60
CLI-1455,SMB,Construction,Net-60
CLI-2779,SMB,Textiles,Net-30
CLI-4133,enterprise,Logistics,Net-30
CLI-3772,Enterprise,Textiles,Net-30
CLI-4073,Mid-Market,Retail,Net-60
CLI-1109,SMB,Retail,Net-15
CLI-2120,Enterprise,Logistics,Net-15
CLI-0904,Enterprise,IT Services,Net-30
CLI-4760,SMB,Pharma,
CLI-1243,SMB,Pharma,Net-30
CLI-1299,Mid-Market,Retail,Net-30
CLI-0162,Enterprise,Construction,Net-30
CLI-2879,SMB,FMCG,Net-15
CLI-1459,SMB,Textiles,Net-15
CLI-3665,SMB,IT Services,Net-15
CLI-2641,Smb,Retail,Net-60
CLI-0517,Enterprise,Pharma,
CLI-4687,Mid-Market,Pharma,Net-15
CLI-3115,Enterprise,Logistics,Net-60
CLI-2203,Mid-Market,Manufacturing,Net-60
CLI-1478,Enterprise,Retail,Net-60
CLI-2914,Mid-Market,Construction,Net-15
CLI-4721,ENTERPRISE,IT Services,Net-60
CLI-2093,Mid-Market,FMCG,Net-15
CLI-0970,Mid-Market,IT Services,Net-60
CLI-3435,Enterprise,Retail,
CLI-2227,SMB,Retail,
CLI-3260,Mid-Market,Manufacturing,Net-15
CLI-0183,SMB,Logistics,Net-15
CLI-2423,Enterprise,Manufacturing,Net-15
CLI-3807,SMB,FMCG,Net-60
CLI-0242,SMB,Construction,Net-60
CLI-4840,Mid-Market,Manufacturing,Net-60
CLI-0021,Mid-Market,IT Services,Net-15
CLI-0489,Mid-Market,Manufacturing,Net-60
CLI-2530,Mid-Market,Pharma,Net-15
CLI-2413,SMB,Manufacturing,Net-30
CLI-2320,Mid-Market,Textiles,Net-30
CLI-0403,Mid-Market,Pharma,Net-15
CLI-4647,Mid-Market,Construction,Net-30
CLI-4713,Enterprise,IT Services,Net-60
CLI-4275,SMB,Pharma,Net-15
CLI-0766,Smb,Pharma,Net-60
CLI-4865,Enterprise,Pharma,Net-15
CLI-4717,SMB,Retail,Net-60
CLI-0569,Mid-Market,Manufacturing,Net-15
CLI-3810,SMB,FMCG,Net-30
CLI-4755,Enterprise,Retail,Net-15
CLI-2382,Mid-Market,Retail,Net-30
CLI-3846,SMB,Logistics,Net-60
CLI-1234,Enterprise,Logistics,Net-30
CLI-4567,Enterprise,Construction,Net-60
CLI-4845,Enterprise,Manufacturing,Net-30
CLI-1526, SMB,FMCG,Net-60
CLI-0216,Mid-Market,Textiles,
CLI-1013,Enterprise,Logistics,Net-60
CLI-2195,SMB,IT Services,Net-60
CLI-3575, SMB,Pharma,30 days
CLI-1776,Mid-Market,Pharma,Net-60
CLI-4648,SMB,IT Services,Net-30
CLI-1223,Enterprise,Textiles,15 days
CLI-1857,Enterprise,,Net-15
CLI-4672,Mid-Market,Manufacturing,Net-30
CLI-3284,Mid-Market,Textiles,Net-15
CLI-2986,Enterprise,IT Services,Net-15
CLI-3731,Enterprise,Retail,Net-30
CLI-3181,SMB,Logistics,Net-30
CLI-0592,Enterprise,Pharma,Net-30
CLI-4624,Enterprise,IT Services,Net-60
CLI-4769,MID-MARKET,Pharma,Net-15
CLI-3762,Mid-Market,Logistics,Net-30
CLI-3285,SMB,IT Services,Net-30
CLI-0714,SMB,Retail,Net-15
CLI-2796,Enterprise,Manufacturing,
CLI-4619,Enterprise,FMCG,Net-30
CLI-4977,Enterprise,Retail,Net-30
CLI-4826,SMB,FMCG,Net-30
CLI-2102,MID-MARKET,Construction,Net-60
CLI-3230,SMB,Pharma,Net-30
CLI-2971,Enterprise,Manufacturing,Net-15
CLI-3418,SMB,Construction,Net-60
CLI-3691, SMB,Pharma,Net-15
CLI-4344,Mid-Market,FMCG,Net-30
CLI-2895,smb,Logistics,Net-60
CLI-0593,SMB,Manufacturing,Net-60
CLI-0619,Mid-Market,Manufacturing,
CLI-4056,Mid-Market,Pharma,Net-30
CLI-1270,SMB,FMCG,Net-15
CLI-3206,SMB,Construction,Net-60
CLI-3906,Mid-Market,Pharma,Net-60
CLI-1108,Enterprise,Manufacturing,Net-30
CLI-3211,SMB,Pharma,60 days
CLI-3897,SMB,Pharma,Net-60
CLI-1806,Mid-Market,Pharma,
CLI-0342,SMB,Manufacturing,Net-30
CLI-1725,Enterprise,Construction,Net-60
CLI-2599,Mid-Market,IT Services,Net-60
CLI-1448,mid-market,Construction,
CLI-3146,Mid-Market,Construction,Net-30
CLI-4155,Enterprise,FMCG,Net-15
CLI-1873,Enterprise,Logistics,Net-60
CLI-1824,SMB,FMCG,Net-60
CLI-0462,Enterprise,Textiles,Net-60
CLI-1595,SMB,Logistics,Net-15
CLI-0289,Mid-Market,Pharma,Net-15
CLI-1183,Enterprise,Construction,NET-30
CLI-2204,Enterprise,IT Services,Net-15
CLI-0269,MID-MARKET,Pharma,Net-60
CLI-4771,Enterprise,Logistics,Net-15
CLI-3568,SMB,FMCG,Net-30
CLI-3495,Enterprise,Logistics,Net-15
CLI-0116,SMB,Construction,Net-15
CLI-2400,Enterprise,Construction,Net-15
CLI-2920,Mid Market,Logistics,Net-60
CLI-0565,Mid-Market,,Net-30
CLI-0826,Mid-Market,Textiles,Net-30
CLI-1999,Enterprise,Construction,Net-60
CLI-2091,Mid-Market,Pharma,Net-30
CLI-3825,enterprise,Retail,NET-30
CLI-1367,Enterprise,Retail,Net-15
CLI-2259,Mid-Market,IT Services,Net-15
CLI-1966,SMB,Pharma,Net-60
CLI-3966,Enterprise,,Net-30
CLI-1858,SMB,Construction,Net-15
CLI-0273,SMB,Logistics,Net-15
CLI-4324,Enterprise,FMCG,Net-30
CLI-2493,SMB,Construction,Net-60
CLI-4467,Enterprise,Textiles,Net-15
CLI-1407,Mid-Market,Logistics,Net-30
CLI-3371,Mid-Market,IT Services,Net-30
CLI-3607,Enterprise,FMCG,Net-30
CLI-4426,SMB,Logistics,Net-15
CLI-3471,SMB,Manufacturing,Net-15
CLI-0361,Enterprise,Pharma,Net-60
CLI-1187,Mid-Market,Construction,Net-15
CLI-2503,Mid-Market,FMCG,Net-30
CLI-0687,Mid-Market,Retail,Net-60
CLI-1848,SMB,Textiles,Net-15
CLI-3385,SMB,FMCG,Net-60
CLI-0749,mid-market,Construction,Net-15
CLI-0290,Enterprise,Retail,Net-60
CLI-1125,Mid-Market,Logistics,Net-60
CLI-4174,SMB,Manufacturing,Net-60
CLI-3316,Mid-Market,Retail,
CLI-3943,SMB,FMCG,Net-60
CLI-4781,SMB,Pharma,Net-15
CLI-0246,Enterprise,FMCG,Net-15
CLI-0976,Mid-Market,Manufacturing,Net-60
CLI-0960,Enterprise,Manufacturing,Net-60
CLI-2297,Enterprise,IT Services,Net-15
CLI-4277,Enterprise,FMCG,Net-60
CLI-0363,SMB,Pharma,Net-60
CLI-0038,Enterprise,IT Services,Net-30
CLI-2761,Mid-Market,Logistics,Net-60
CLI-0172,SMB,Textiles,Net-60
CLI-2668,SMB,Logistics,net60
CLI-2681,Enterprise,Textiles,Net-60
CLI-1021,SMB,FMCG,Net-15
CLI-3896,SMB,Construction,Net-60
CLI-4603,SMB,Construction,Net-30
CLI-4631,Mid-Market,Pharma,
CLI-0400,SMB,Textiles,Net-60
CLI-3423,Enterprise,FMCG,Net-60
CLI-3591,SMB,FMCG,Net-30
CLI-2218,Mid-Market,Textiles,Net-15
CLI-3942,Mid-Market,Retail,Net-60
CLI-3555, SMB,Textiles,60 days
CLI-2028,Enterprise,Logistics,Net-30
CLI-1728,SMB,Construction,Net-15
CLI-3796,Mid-Market,Manufacturing,Net-30
CLI-3563,SMB,Manufacturing,Net-30
CLI-3515,Enterprise,FMCG,Net-30
CLI-1947,SMB,Construction,Net-60
CLI-1757,SMB,IT Services,Net-30
CLI-4674,Mid-Market,Logistics,Net-15
CLI-0792,Enterprise,,Net-15
CLI-1576,Enterprise,Textiles,Net-15
CLI-2703,SMB,Logistics,Net-60
CLI-0438,SMB,Retail,Net-60
CLI-0344,SMB,Construction,Net-60
CLI-3620,Mid-Market,Manufacturing,
CLI-1386,SMB,Pharma,Net-30
CLI-3742,Enterprise,Textiles,Net-30
CLI-3029,SMB,Pharma,Net-60
CLI-2756,Enterprise,Logistics,Net-15
CLI-0986,Mid-Market,Manufacturing,Net-15
CLI-4613,Enterprise,Manufacturing,Net-30
CLI-1345,Enterprise,Logistics,Net-30
CLI-4526,Enterprise,Pharma,Net-30
CLI-1002,Enterprise,Construction,Net-30
CLI-0117,Mid-Market,FMCG,Net-15
CLI-4443,SMB,Pharma,Net-60
CLI-1980,Enterprise,Retail,Net-15
CLI-2088,ENTERPRISE,Pharma,Net-30
CLI-2793,MID-MARKET,IT Services,Net-60
CLI-4206,Mid-Market,Textiles,Net-60
CLI-0872,SMB,Textiles,Net-15
CLI-3414,SMB,Manufacturing,Net-30
CLI-2199, SMB,Textiles,Net-15
CLI-2265,SMB,Pharma,Net-60
CLI-0473,Enterprise,Manufacturing,Net-60
CLI-2996,SMB,Construction,Net-30
CLI-3684,Enterprise,Retail,
CLI-0887,Enterprise,Retail,Net-15
CLI-1097,mid-market,Pharma,Net-30
CLI-1506,Enterprise,Logistics,Net-60
CLI-0950,Enterprise,Textiles,Net-60
CLI-0353,Enterprise,Textiles,Net-30
CLI-3055,Mid-Market,,Net-30
CLI-1462,Mid-Market,IT Services,Net-15
CLI-3174,SMB,Retail,Net-15
CLI-0683,SMB,FMCG,Net-15
CLI-4083,SMB,Manufacturing,Net-60
CLI-4313,Enterprise,IT Services,Net-60
CLI-3863,SMB,Pharma,Net-30
CLI-3834,Mid-Market,Textiles,Net-30
CLI-1880,Enterprise,FMCG,Net-60
CLI-3463,Mid Market,Construction,net15
CLI-3300,Enterprise,Logistics,Net-60
CLI-2405,SMB,Logistics,Net-15
CLI-4365,SMB,Manufacturing,Net-60
CLI-1559,Mid-Market,IT Services,
CLI-3652,Enterprise,Manufacturing,Net-15
CLI-0835,SMB,Logistics,Net-30
CLI-4138,Mid-Market,Pharma,Net-15
CLI-0586,SMB,FMCG,
CLI-0865,SMB,Textiles,Net-15
CLI-2176,SMB,FMCG,Net-15
CLI-4302,SMB,Manufacturing,30 days
CLI-0070,Enterprise,IT Services,Net-60
CLI-0665,Enterprise,FMCG,Net-15
CLI-3588,Mid-Market,Construction,Net-30
CLI-0163,Mid-Market,FMCG,Net-60
CLI-3608,Mid-Market,FMCG,Net-60
CLI-3758,Mid-Market,Manufacturing,Net-60
CLI-1200,Enterprise,Textiles,Net-30
CLI-1502,SMB,FMCG,Net-60
CLI-2738,Enterprise,Textiles,Net-60
CLI-4071,Mid-Market,Manufacturing,Net-15
CLI-4897,Enterprise,Construction,Net-60
CLI-3419,Mid-Market,Textiles,Net-15
CLI-2640,Mid-Market,Logistics,
CLI-4891,SMB,Pharma,Net-15
CLI-4049,Enterprise,Construction,Net-30
CLI-4815,smb,,Net-30
CLI-2533,Mid-Market,FMCG,Net-60
CLI-3566,Mid-Market,Logistics,Net-30
CLI-4573,Enterprise,IT Services,NET-15
CLI-0125,Mid-Market,IT Services,Net-60
CLI-2158,Mid-Market,FMCG,Net-15
CLI-0938,SMB,IT Services,Net-30
CLI-3317,Enterprise,FMCG,Net-30
CLI-2824,Enterprise,IT Services,Net-60
CLI-2330,Mid-Market,FMCG,Net-15
CLI-0674,Enterprise,Textiles,Net-15
CLI-4811,Mid-Market,IT Services,Net-30
CLI-2708,SMB,Textiles,Net-60
CLI-1376,Enterprise,IT Services,Net-30
CLI-0779,ENTERPRISE,FMCG,Net-30
CLI-2571,Mid-Market,Pharma,Net-15
CLI-2700,Enterprise,Construction,Net-30
CLI-0164,Enterprise,Logistics,Net-60
CLI-2667,Enterprise,Pharma,Net-30
CLI-1096,Enterprise,IT Services,Net-15
CLI-1793,Mid-Market,Manufacturing,Net-60
CLI-3163,SMB,Logistics,Net-30
CLI-4018,Enterprise,Pharma,Net-60
CLI-4495,Mid-Market,Textiles,Net-30
CLI-1019,Mid-Market,Retail,Net-15
CLI-1952,Mid-Market,Retail,Net-60
CLI-3489,Mid-Market,IT Services,Net-60
CLI-2408,Mid-Market,Textiles,Net-60
CLI-3705,Mid-Market,Pharma,Net-30
CLI-2557,Mid-Market,IT Services,Net-30
CLI-1982,mid-market,FMCG,Net-60
CLI-0551,Mid-Market,Pharma,Net-60
CLI-0481,Mid-Market,IT Services,Net-15
CLI-1729,SMB,Manufacturing,Net-15
CLI-4057,Mid-Market,FMCG,Net-60
CLI-4199,Enterprise,Logistics,Net-15
CLI-3602,Mid-Market,Retail,Net-15
CLI-3542,Enterprise ,Pharma,Net-60
CLI-1736,SMB,,Net-30
CLI-1617,SMB,FMCG,Net-30
CLI-3426,Mid-Market,Manufacturing,Net-30
CLI-4767,SMB,FMCG,Net-60
CLI-0392,SMB,Construction,Net-15
CLI-1142,Mid-Market,Textiles,Net-15
CLI-3556,Enterprise,FMCG,Net-60
CLI-1164,SMB,Construction,
CLI-1051,smb,,Net-15
CLI-1372,Mid-Market,Logistics,Net-30
CLI-2646,SMB,Pharma,Net-15
CLI-2142,Mid-Market,Retail,Net-30
CLI-1505,Enterprise,Pharma,Net-15
CLI-3692,Mid-Market,Pharma,Net-60
CLI-0585,SMB,Retail,Net-15
CLI-3188,Smb,Pharma,Net-30
CLI-1867,SMB,Textiles,Net-30
CLI-2189,Mid-Market,Textiles,Net-60
CLI-4816,Mid-Market,IT Services,Net-15
CLI-1318,Enterprise,Logistics,Net-15
CLI-2659,Enterprise,Manufacturing,Net-15
CLI-4163,mid-market,Logistics,Net-60
CLI-2323,Mid-Market,IT Services,Net-60
CLI-2908,SMB,Construction,15 days
CLI-0821,smb,Textiles,Net-60
CLI-2365,Enterprise,Logistics,Net-15
CLI-4069,Enterprise,Pharma,Net-30
CLI-0359,Enterprise,Construction,Net-60
CLI-0395,Enterprise,Textiles,Net-60
CLI-1300,Enterprise,FMCG,Net-30
CLI-2076,Enterprise,Retail,Net-15
CLI-2054,Mid-Market,Construction,
CLI-2664,Mid-Market,Textiles,Net-30
CLI-3729,Mid-Market,Logistics,Net-60
CLI-0731,SMB,Retail,net60
CLI-2442,Enterprise,Manufacturing,Net-30
CLI-2813,Mid-Market,IT Services,Net-30
CLI-3151,Mid-Market,FMCG,Net-30
CLI-3131,Enterprise,IT Services,Net-60
CLI-0660,Enterprise,IT Services,Net-15
CLI-1276,Mid-Market,Retail,Net-60
CLI-4669,Smb,IT Services,Net-30
CLI-1033,Enterprise,Textiles,Net-15
CLI-1706,SMB,Logistics,Net-15
CLI-4659,Mid Market,Logistics,Net-30
CLI-1840,Enterprise,FMCG,Net-60
CLI-4868,Mid-Market,Textiles,Net-30
CLI-1630,Mid-Market,Manufacturing,Net-60
CLI-2891,Mid-Market,Logistics,15 days
CLI-1674,Mid-Market,Pharma,Net-15
CLI-3370,Mid-Market,Textiles,Net-30
CLI-3465,Enterprise,IT Services,Net-60
CLI-3790,Mid-Market,Textiles,Net-60
CLI-2103,Mid-Market,Textiles,Net-15
CLI-3500,Enterprise,Construction,Net-30
CLI-3284,Enterprise,Pharma,Net-60
CLI-3609,Mid-Market,Construction,Net-30
CLI-4246,SMB,Manufacturing,Net-60
CLI-1480,Mid-Market,FMCG,NET-30
CLI-1445,Enterprise,Manufacturing,Net-15
CLI-3244,Enterprise,IT Services,Net-30
CLI-1733,Mid-Market,Pharma,Net-15
CLI-4737,SMB,Textiles,60 days
CLI-0703,Mid-Market,Pharma,Net-15
CLI-2944,SMB,Pharma,Net-30
CLI-1537,Mid Market,Construction,Net-30
CLI-4119,Mid-Market,Manufacturing,Net-60
CLI-3794,Mid-Market,Retail,Net-60
CLI-2633,SMB,Retail,Net-15
CLI-4165,SMB,,
CLI-2654,SMB,FMCG,Net-15
CLI-0194,SMB,Manufacturing,Net-15
CLI-2455,SMB,Textiles,Net-15
CLI-2384,SMB,IT Services,30 days
CLI-3869,Mid-Market,IT Services,Net-15
CLI-3379,Enterprise,FMCG,Net-60
CLI-2143,Enterprise,Pharma,Net-30
CLI-3792,Enterprise,Manufacturing,Net-30
CLI-3619,SMB,Logistics,Net-30
CLI-0780,SMB,Construction,Net-60
CLI-3331,Mid-Market,FMCG,
CLI-3716,Mid-Market,IT Services,Net-30
CLI-4015,Mid-Market,Textiles,Net-30
CLI-3366,Enterprise,Retail,Net-30
CLI-4217,Mid-Market,Logistics,NET-15
CLI-1959,Enterprise,IT Services,net30
CLI-4696,SMB,Logistics,Net-15
CLI-4411,Enterprise,Retail,Net-15
CLI-0377,Enterprise,Textiles,Net-15
CLI-2712,Enterprise,Logistics,Net-30
CLI-1316,SMB,Construction,Net-15
CLI-3005,Mid-Market,Manufacturing,Net-15
CLI-3085,Enterprise,Pharma,Net-60
CLI-0022,Enterprise,Pharma,Net-60
CLI-0948,SMB,Retail,Net-15
CLI-1727,Mid Market,Textiles,Net-15
CLI-3735,SMB,Manufacturing,Net-15
CLI-1120,Mid-Market,Retail,Net-15
CLI-4241,SMB,Retail,Net-60
CLI-3409,Enterprise,FMCG,Net-60
CLI-0478,Mid-Market,Retail,
CLI-1681,ENTERPRISE,IT Services,Net-30
CLI-0831,SMB,Retail,Net-30
CLI-0245,SMB,Retail,NET-60
CLI-3773,Enterprise ,Textiles,Net-30
CLI-1141,SMB,Construction,Net-15
CLI-0109,SMB,Construction,Net-15
CLI-0954,Enterprise ,Construction,Net-60
CLI-2878,Mid-Market,Manufacturing,Net-30
CLI-1453,Mid-Market,Logistics,Net-60
CLI-3570,Enterprise,Textiles,Net-15
CLI-0988, SMB,Pharma,NET-15
CLI-4240,SMB,IT Services,Net-15
CLI-0014,Mid-Market,Construction,Net-60
CLI-3540,SMB,Manufacturing,Net-30
CLI-3191,Mid-Market,FMCG,
CLI-0854,SMB,FMCG,Net-15
CLI-1331,Mid-Market,Construction,Net-30
CLI-3534,Enterprise,Pharma,Net-60
CLI-1473,Enterprise,Construction,Net-30
CLI-3105,Mid-Market,Manufacturing,Net-30
CLI-1717,Mid-Market,Construction,Net-30
CLI-5000,Mid-Market,IT Services,Net-15
CLI-1836,Mid-Market,Construction,Net-60
CLI-0103,Mid-Market,Construction,Net-60
CLI-1862,Enterprise,FMCG,Net-30
CLI-4320,Mid-Market,FMCG,Net-30
CLI-2483,SMB,Pharma,Net-30
CLI-3359,Enterprise,Logistics,Net-30
CLI-0625,smb,Construction,Net-15
CLI-0662,Mid-Market,Pharma,Net-60
CLI-2649,Enterprise,FMCG,Net-60
CLI-1574,Mid-Market,Logistics,60 days
CLI-4160,SMB,Textiles,Net-15
CLI-3194,SMB,Pharma,Net-60
CLI-4547,Mid-Market,Manufacturing,Net-30
CLI-3612,Mid-Market,Retail,Net-15
CLI-0842,Mid-Market,Retail,Net-15
CLI-2858,SMB,Manufacturing,Net-30
CLI-4599,ENTERPRISE,Textiles,Net-30
CLI-3514,Enterprise,Textiles,Net-60
CLI-3250,SMB,Textiles,Net-60
CLI-0112,Enterprise,IT Services,Net-30
CLI-1343,Mid-Market,FMCG,Net-15
CLI-3241,Enterprise,Construction,Net-30
CLI-3094,Mid-Market,Retail,Net-15
CLI-2231,Mid-Market,Logistics,Net-30
CLI-2985,Enterprise,IT Services,Net-60
CLI-4496,Enterprise,IT Services,Net-30
CLI-1735,Mid-Market,Retail,Net-30
CLI-3603,SMB,Construction,Net-30
CLI-2360,Enterprise,IT Services,Net-30
CLI-0386,Enterprise,Retail,Net-60
CLI-0608,SMB,Logistics,Net-60
CLI-3501,SMB,Construction,
CLI-4436,SMB,Construction,Net-15
CLI-1885,Enterprise,Logistics,Net-30
CLI-1720,Enterprise,FMCG,Net-30
CLI-1532,Enterprise,Construction,Net-15
CLI-3697,SMB,Pharma,Net-15
CLI-2677,Enterprise,Construction,Net-30
CLI-4565,SMB,Retail,Net-30
CLI-1085,Enterprise,Retail,Net-30
CLI-3524,Mid-Market,Pharma,Net-60
CLI-1597,Enterprise,Pharma,Net-30
CLI-3780,SMB,IT Services,net60
CLI-2333,SMB,IT Services,Net-60
CLI-3373,Mid-Market,FMCG,Net-15
CLI-4559,Mid-Market,Textiles,Net-60
CLI-4908,SMB,,Net-15
CLI-0494,Enterprise,Logistics,Net-15
CLI-3525,Mid-Market,Textiles,Net-15
CLI-0415,SMB,Logistics,Net-30
CLI-3197,SMB,FMCG,Net-30
CLI-0785,Mid-Market,Textiles,Net-60
CLI-1609,Enterprise,Textiles,Net-15
CLI-2497,Mid-Market,Construction,Net-60
CLI-2049,SMB,Pharma,Net-30
CLI-3061,Enterprise,Retail,Net-15
CLI-0146,Mid-Market,Textiles,Net-30
CLI-1731,Mid-Market,Pharma,Net-15
CLI-3238,Enterprise,,
CLI-0654,Enterprise,Retail,Net-60
CLI-3152,Mid-Market,,NET-30
CLI-4041,Mid-Market,Logistics,Net-60
CLI-0086,Enterprise,Pharma,Net-30
CLI-4382,SMB,Retail,net30
CLI-2273,Mid-Market,Construction,Net-60
CLI-1869,SMB,Pharma,Net-60
CLI-3668,SMB,FMCG,Net-60
CLI-3026,Mid-Market,FMCG,Net-15
CLI-2287,Enterprise,Logistics,Net-15
CLI-0231,SMB,Retail,Net-30
CLI-4652,Mid-Market,Logistics,Net-60
CLI-0932,Enterprise,Construction,Net-30
CLI-2440,SMB,Retail,Net-30
CLI-4158,Enterprise,Construction,Net-15
CLI-2084,Mid-Market,IT Services,Net-60
CLI-4043,Enterprise,Manufacturing,Net-60
CLI-4965,SMB,FMCG,Net-60
CLI-3217,Mid-Market,IT Services,Net-15
CLI-1401,Enterprise,IT Services,Net-30
CLI-1777,SMB,Construction,Net-30
CLI-3809,Mid-Market,FMCG,Net-30
CLI-0307,Mid-Market,IT Services,Net-30
CLI-4252,SMB,Manufacturing,Net-60
CLI-4722,SMB,Construction,Net-60
CLI-4541,Enterprise,IT Services,Net-15
CLI-2316,Enterprise,Retail,
CLI-3333,Mid-Market,FMCG,Net-30
CLI-2528,Enterprise,Retail,Net-30
CLI-2545,Mid-Market,Logistics,Net-15
CLI-1950,Enterprise,Logistics,Net-60
CLI-2946,Mid-Market,Logistics,net60
CLI-0696,Enterprise,Manufacturing,Net-15
CLI-1918,Mid-Market,Logistics,net60
CLI-1185,Enterprise,Pharma,Net-30
CLI-4998,Mid-Market,Pharma,Net-30
CLI-1208, SMB,Textiles,Net-30
CLI-0413,Mid-Market,Construction,Net-15
CLI-4294,SMB,,Net-60
CLI-2862,Mid-Market,Manufacturing,Net-60
CLI-1254,Enterprise,,Net-30
CLI-3312,Enterprise,IT Services,Net-15
CLI-3676,Enterprise,IT Services,Net-15
CLI-0381,Mid-Market,Pharma,Net-60
CLI-2303,Enterprise,Manufacturing,Net-30
CLI-4929,mid-market,FMCG,Net-30
CLI-4006,Mid-Market,Logistics,Net-15
CLI-0179,Mid-Market,Construction,
CLI-0510,Mid-Market,Logistics,Net-30
CLI-3059,Mid-Market,Construction,Net-30
CLI-3411,Mid-Market,Logistics,Net-60
CLI-2907,Enterprise,Manufacturing,Net-60
CLI-1301,SMB,IT Services,Net-30
CLI-4915,SMB,Pharma,Net-60
CLI-1507,Enterprise,Pharma,Net-60
CLI-2559,SMB,IT Services,Net-60
CLI-3899,SMB,IT Services,Net-30
CLI-0490,Enterprise,Logistics,Net-15
CLI-3650,Enterprise,Textiles,Net-30
CLI-2552,Mid-Market,Textiles,Net-15
CLI-0226,Mid-Market,Logistics,Net-30
CLI-2851,SMB,IT Services,Net-60
CLI-4449,Enterprise,Retail,Net-60
CLI-3099,Enterprise,Construction,Net-60
CLI-4441,Enterprise,Logistics,Net-30
CLI-4801,Mid-Market,IT Services,Net-60
CLI-3341,Enterprise,Logistics,Net-60
CLI-1722,Mid-Market,IT Services,15 days
CLI-2294,Enterprise,,Net-15
CLI-0440,Enterprise,Retail,Net-15
CLI-1942,Mid-Market,FMCG,Net-15
CLI-2206,SMB,Textiles,Net-30
CLI-4663,Mid-Market,Manufacturing,Net-60
CLI-4278,Mid-Market,IT Services,Net-15
CLI-0877,SMB,Logistics,Net-30
CLI-3862,Enterprise,Manufacturing,Net-60
CLI-2272,Enterprise,Pharma,Net-30
CLI-4122,Mid-Market,,NET-30
CLI-4668,Enterprise,IT Services,Net-15
CLI-3394,Mid-Market,Textiles,Net-15
CLI-3622,Enterprise,Logistics,
CLI-0013,Mid-Market,IT Services,Net-60
CLI-0640,Mid-Market,Textiles,Net-60
CLI-0092,Mid-Market,Manufacturing,Net-60
CLI-2661,SMB,Pharma,
CLI-2742,Enterprise,Manufacturing,Net-60
CLI-4621,Mid-Market,Pharma,Net-15
CLI-2044,Mid-Market,IT Services,Net-15
CLI-3623,Enterprise,IT Services,Net-30
CLI-1544,Mid-Market,IT Services,Net-15
CLI-0196,Mid-Market,Manufacturing,Net-30
CLI-0880,Mid-Market,Pharma,Net-30
CLI-0720,Enterprise,Textiles,60 days
CLI-0370,Enterprise,Logistics,Net-15
CLI-4780,Mid-Market,Manufacturing,Net-15
CLI-3417,SMB,Manufacturing,net60
CLI-1703,MID-MARKET,Textiles,Net-30
CLI-2469,Mid-Market,Retail,Net-30
CLI-4033,Enterprise,,net15
CLI-2718,Enterprise,FMCG,Net-15
CLI-4366,Enterprise,Construction,Net-60
CLI-1466,Enterprise,FMCG,Net-60
CLI-1610,Enterprise,Pharma,Net-60
CLI-0606,mid-market,Retail,Net-15
CLI-2242,SMB,IT Services,Net-15
CLI-0716,Mid-Market,IT Services,Net-30
CLI-2539,SMB,Pharma,Net-60
CLI-1928,Mid Market,Retail,Net-60
CLI-4853,Mid-Market,FMCG,Net-15
CLI-2638,Enterprise,Construction,Net-60
CLI-3824,Enterprise,Manufacturing,NET-60
CLI-1314,SMB,,Net-30
CLI-1636,SMB,Retail,Net-60
CLI-1726,Enterprise,Textiles,Net-15
CLI-2153,Enterprise,Retail,Net-30
CLI-1669,Mid-Market,Retail,Net-60
CLI-0159,SMB,Pharma,Net-30
CLI-4970,Mid-Market,Retail,Net-15
CLI-4830,Enterprise,Retail,Net-30
CLI-2171,Enterprise,Textiles,Net-15
CLI-3640,Enterprise,Logistics,Net-30
CLI-3122,smb,Manufacturing,Net-60
CLI-4549,Mid-Market,Manufacturing,Net-60
CLI-1900,SMB,,Net-15
CLI-2343,smb,Construction,Net-15
CLI-0264,Mid-Market,Construction,Net-60
CLI-1423,Mid-Market,IT Services,Net-15
CLI-0098,Mid-Market,IT Services,Net-60
CLI-2694,Enterprise,Logistics,Net-60
CLI-1004,Enterprise,Retail,Net-15
CLI-3688,Mid-Market,Pharma,Net-30
CLI-4281,SMB,Retail,Net-15
CLI-1326,Mid-Market,Textiles,Net-30
CLI-1835,SMB,Manufacturing,Net-30
CLI-3701,Mid-Market,FMCG,Net-30
CLI-1026,Enterprise,Construction,Net-30
CLI-1153,Mid-Market,Pharma,Net-15
CLI-3694,Enterprise,IT Services,Net-60
CLI-1387,SMB,Textiles,Net-15
CLI-1874,Enterprise,FMCG,Net-60
CLI-4474,Mid-Market,FMCG,Net-30
CLI-4770,SMB,Construction,Net-15
CLI-2397,Mid-Market,Construction,Net-15
CLI-3451,Enterprise,Pharma,Net-15
CLI-4983,Enterprise ,Logistics,NET-15
CLI-4266,SMB,Construction,Net-60
CLI-3617,SMB,FMCG,Net-15
CLI-4885,Mid-Market,Manufacturing,Net-60
CLI-3402,Mid-Market,FMCG,Net-15
CLI-0208,SMB,Pharma,Net-30
CLI-4124,Enterprise,Logistics,Net-30
CLI-0767,Mid-Market,Textiles,Net-60
CLI-3550,Enterprise,,Net-15
CLI-3552,Enterprise,IT Services,Net-30
CLI-0045,Mid-Market,FMCG,NET-30
CLI-0712,Mid-Market,Construction,Net-15
CLI-3919,mid-market,Pharma,
CLI-2959,Mid-Market,Textiles,Net-15
CLI-1490,Mid-Market,Textiles,Net-60
CLI-4062,Mid-Market,Textiles,Net-15
CLI-1294,SMB,Retail,Net-15
CLI-3170,SMB,IT Services,Net-15
CLI-3199,SMB,Textiles,NET-30
CLI-3789,Enterprise ,Textiles,Net-15
CLI-3804,Mid-Market,Textiles,Net-15
CLI-4562,SMB,Retail,Net-30
CLI-3493,Enterprise,Retail,Net-60
CLI-0205,Enterprise,Textiles,Net-60
CLI-2079,Mid-Market,Pharma,Net-30
CLI-3922,Mid-Market,Retail,Net-30
CLI-4342,smb,Textiles,Net-30
CLI-0884,SMB,Construction,Net-30
CLI-3969,Enterprise,Textiles,Net-60
CLI-0180,Mid-Market,Construction,NET-30
CLI-0310,Mid-Market,Construction,Net-30
CLI-4167,Mid-Market,Pharma,Net-15
CLI-0126,Enterprise,Retail,Net-15
CLI-4741,Enterprise,IT Services,15 days
CLI-2627,SMB,FMCG,Net-15
CLI-0519,Enterprise,Retail,Net-60
CLI-0515,Enterprise,FMCG,30 days
CLI-4832,SMB,Textiles,
CLI-4705,enterprise,Textiles,Net-30
CLI-1467,Smb,Textiles,Net-60
CLI-1797,enterprise,Logistics,
CLI-4401,Enterprise,Construction,Net-15
CLI-0842,SMB,Retail,Net-15
CLI-0753,SMB,Logistics,Net-60
CLI-0075,SMB,Construction,Net-15
CLI-2875,Enterprise,Manufacturing,Net-30
CLI-4967,enterprise,Textiles,
CLI-3368,Enterprise,Retail,Net-15
CLI-3815,SMB,Retail,
CLI-1629,Mid-Market,Textiles,Net-60
CLI-0541,SMB,Retail,Net-30
CLI-1233,Enterprise,Logistics,Net-30
CLI-3681,Enterprise,Manufacturing,Net-15
CLI-1309,Mid-Market,Logistics,Net-60
CLI-0535,Mid-Market,Pharma,
CLI-0870,SMB,IT Services,Net-15
CLI-2651,Mid-Market,FMCG,Net-15
CLI-0981,Enterprise,Manufacturing,net15
CLI-2236,Mid-Market,Logistics,Net-30
CLI-3485,SMB,Retail,Net-30
CLI-1866,SMB,Manufacturing,Net-30
CLI-4938,enterprise,IT Services,Net-30
CLI-0691,Mid-Market,Pharma,Net-15
CLI-1988,Mid-Market,IT Services,
CLI-4110,SMB,FMCG,Net-30
CLI-4376,SMB,Construction,Net-15
CLI-4812,SMB,Logistics,Net-15
CLI-0790,SMB,Construction,Net-15
CLI-2398,Mid-Market,Textiles,Net-15
CLI-3110,smb,Retail,Net-30
CLI-1557,Mid-Market,Retail,net60
CLI-1335,SMB,Logistics,Net-60
CLI-0818,enterprise,Construction,Net-15
CLI-4451,Enterprise,Pharma,Net-15
CLI-4064,Enterprise,Retail,Net-30
CLI-2540,SMB,IT Services,Net-60
CLI-4698,Mid-Market,Textiles,Net-30
CLI-1197,SMB,Pharma,Net-15
CLI-0672,Enterprise,IT Services,Net-15
CLI-1596,Enterprise,Textiles,Net-30
CLI-4074,SMB,Textiles,Net-15
CLI-0106,Enterprise,FMCG,Net-30
CLI-3923,Mid Market,,Net-15
CLI-1027,Mid-Market,Retail,Net-60
CLI-1016,Mid-Market,IT Services,net15
CLI-2249,mid-market,Pharma,Net-15
CLI-1067,Mid-Market,Manufacturing,Net-30
CLI-3307,Mid-Market,Construction,Net-60
CLI-4084,SMB,Logistics,Net-30
CLI-4212,SMB,Pharma,NET-30
CLI-2212,SMB,Manufacturing,Net-15
CLI-3859,mid-market,FMCG,Net-60
CLI-4319,Mid-Market,Construction,Net-60
CLI-2965,SMB,Manufacturing,Net-60
CLI-3154,Enterprise,Pharma,Net-60
CLI-3175,Enterprise,Construction,NET-30
CLI-4975,SMB,FMCG,Net-30
CLI-1878,Enterprise,FMCG,Net-30
CLI-3089,Enterprise,Construction,Net-15
CLI-0426,Mid-Market,IT Services,Net-30
CLI-4090,Mid-Market,IT Services,Net-60
CLI-0464,Mid-Market,Retail,Net-60
CLI-0108,Enterprise,Textiles,Net-15
CLI-3512,Enterprise,Manufacturing,Net-15
CLI-2628,SMB,IT Services,Net-30
CLI-1005,enterprise,Manufacturing,Net-30
CLI-1825,Mid-Market,Pharma,Net-60
CLI-3239,Mid-Market,Pharma,net15
CLI-4013,Enterprise,FMCG,Net-60
CLI-4406,Mid-Market,Manufacturing,Net-60
CLI-1323,SMB,Manufacturing,Net-60
CLI-1291,Enterprise,FMCG,Net-30
CLI-1332,Enterprise,Logistics,Net-60
CLI-2781,SMB,Pharma,Net-15
CLI-1530,SMB,Manufacturing,Net-30
CLI-3925,Mid-Market,Manufacturing,Net-15
CLI-2850,Enterprise,Manufacturing,Net-15
CLI-0285, SMB,FMCG,Net-60
CLI-3578,smb,Retail,Net-30
CLI-3406,Mid-Market,Pharma,Net-30
CLI-3736,Mid-Market,Logistics,Net-30
CLI-3980,Mid-Market,Logistics,Net-15
CLI-0131,SMB,Pharma,Net-60
CLI-0210,SMB,Logistics,Net-30
CLI-4220,SMB,Logistics,Net-15
CLI-3119,Enterprise,Textiles,Net-60
CLI-4118,Smb,Manufacturing,60 days
CLI-3895,SMB,IT Services,Net-15
CLI-2639,Enterprise,FMCG,Net-60
CLI-4697,SMB,IT Services,Net-60
CLI-4415,Enterprise,Retail,Net-15
CLI-1158,Mid-Market,Textiles,Net-30
CLI-1138,SMB,Retail,Net-60
CLI-4546,SMB,Manufacturing,Net-60
CLI-1584,Enterprise,Manufacturing,Net-30
CLI-0776,Mid-Market,Logistics,Net-60
CLI-4883,SMB,Manufacturing,Net-15
CLI-4108,SMB,Pharma,Net-30
CLI-2512,SMB,Logistics,Net-30
CLI-0572,Enterprise,IT Services,
CLI-1511,Mid-Market,Retail,Net-15
CLI-2002,Enterprise,FMCG,Net-60
CLI-2707,SMB,Construction,Net-60
CLI-4121,Enterprise,Construction,Net-15
CLI-0637,Mid-Market,Construction,Net-30
CLI-0827,Mid-Market,IT Services,Net-60
CLI-0896,SMB,Retail,Net-60
CLI-0677,Mid-Market,IT Services,Net-30
CLI-4154,Enterprise,FMCG,Net-30
CLI-0552,Enterprise,Logistics,Net-60
CLI-0511,Enterprise ,Construction,Net-60
CLI-2596,Enterprise,Retail,Net-15
CLI-4666,Enterprise,FMCG,Net-60
CLI-4991,SMB,FMCG,Net-15
CLI-1896,Enterprise,Logistics,Net-15
CLI-4502,mid-market,Textiles,net15
CLI-3675,SMB,Pharma,
CLI-3504,SMB,Textiles,Net-15
CLI-2691,SMB,Pharma,Net-60
CLI-1560,Enterprise,Pharma,Net-60
CLI-4635,SMB,IT Services,Net-60
CLI-0914,Mid-Market,Manufacturing,Net-30
CLI-2687,SMB,IT Services,net60
CLI-0795,Enterprise,Pharma,net15
CLI-0638,enterprise,Logistics,Net-60
CLI-4500,SMB,Logistics,Net-60
CLI-4616,Mid-Market,Logistics,Net-60
CLI-4861,Mid-Market,Logistics,Net-30
CLI-4430,Mid-Market,Logistics,Net-60
CLI-3081,SMB,Retail,Net-30
CLI-4485,Mid Market,Construction,Net-30
CLI-0972,Enterprise ,Textiles,Net-30
CLI-2219,Mid-Market,Manufacturing,Net-15
CLI-3632,SMB,FMCG,Net-60
CLI-1968,Mid-Market,Manufacturing,Net-60
CLI-2988,SMB,Manufacturing,Net-30
CLI-1062,SMB,Pharma,Net-30
CLI-1888,Mid-Market,Construction,NET-15
CLI-4268,SMB,Textiles,Net-30
CLI-1217,Mid-Market,Construction,Net-60
CLI-4873,Enterprise,Logistics,Net-15
CLI-3725,SMB,Logistics,Net-60
CLI-0833,SMB,Manufacturing,Net-30
CLI-2782,Enterprise,Manufacturing,Net-15
CLI-3490,Enterprise,IT Services,Net-30
CLI-1014,Enterprise,Pharma,Net-15
CLI-4628,Mid-Market,IT Services,Net-15
CLI-4453,Mid-Market,Manufacturing,Net-30
CLI-4472,SMB,Textiles,Net-15
CLI-3179,SMB,IT Services,15 days
CLI-1328,SMB,FMCG,Net-60
CLI-0725,Mid-Market,Pharma,Net-60
CLI-0528,Mid-Market,Retail,net15
CLI-1608,SMB,Logistics,Net-15
CLI-2014,Mid-Market,Pharma,Net-60
CLI-2614,Mid-Market,Manufacturing,Net-15
CLI-4910,Enterprise,FMCG,Net-30
CLI-4081,Enterprise,Manufacturing,Net-15
CLI-2957,Mid-Market,Logistics,Net-30
CLI-0985,Enterprise,FMCG,Net-30
CLI-4537,SMB,FMCG,Net-30
CLI-2610,Mid-Market,Logistics,Net-15
CLI-2750,SMB,Construction,Net-60
CLI-2466,SMB,IT Services,Net-30
CLI-1901, SMB,Construction,Net-30
CLI-0381,Enterprise,Logistics,Net-15
CLI-0190,SMB,Construction,15 days
CLI-4834,Mid-Market,Textiles,Net-30
CLI-3495,Mid-Market,Construction,Net-15
CLI-2846,enterprise,Retail,Net-60
CLI-0477,SMB,Logistics,30 days
CLI-3464,ENTERPRISE,IT Services,Net-30
CLI-4166,SMB,FMCG,NET-30
CLI-3579,ENTERPRISE,Manufacturing,Net-60
CLI-3940,SMB,Pharma,Net-30
CLI-1828,SMB,Pharma,Net-30
CLI-2198,ENTERPRISE,Manufacturing,Net-30
CLI-4615,SMB,IT Services,Net-60
CLI-0928,Enterprise,Construction,Net-15
CLI-4297,SMB,Textiles,Net-30
CLI-0204,MID-MARKET,Pharma,
CLI-4172,Mid-Market,Pharma,Net-30
CLI-0922,SMB,FMCG,NET-15
CLI-3641,Mid-Market,Logistics,Net-60
CLI-2491,MID-MARKET,IT Services,Net-60
CLI-2777,Mid-Market,Logistics,Net-15
CLI-0433,SMB,FMCG,Net-15
CLI-1260,Mid-Market,IT Services,Net-60
CLI-1091,SMB,FMCG,
CLI-1147,Enterprise,Logistics,Net-30
CLI-1661,Enterprise,Textiles,Net-60
CLI-1342,Enterprise,Manufacturing,NET-60
CLI-4813,SMB,Retail,Net-60
CLI-2280,Mid-Market,FMCG,Net-15
CLI-2289,SMB,FMCG,Net-30
CLI-1304,SMB,Textiles,Net-60
CLI-4016,Mid-Market,Logistics,Net-60
CLI-2299,Enterprise,Textiles,Net-60
CLI-0484,Mid-Market,Retail,Net-60
CLI-1371,Enterprise,Retail,
CLI-1358,Enterprise,Pharma,Net-15
CLI-0005,Enterprise,FMCG,NET-30
CLI-1859,mid-market,Manufacturing,Net-60
CLI-0088,Enterprise,Textiles,Net-30
CLI-3240,SMB,Retail,Net-30
CLI-1024,Enterprise,Retail,Net-15
CLI-3117,Mid-Market,Retail,Net-15
CLI-4158,Enterprise,,Net-15
CLI-1169,Mid-Market,,Net-15
CLI-1740,Mid-Market,FMCG,Net-30
CLI-1447,Enterprise,FMCG,Net-15
CLI-2785,SMB,IT Services,Net-60
CLI-1503,Enterprise,Logistics,net15
CLI-1701,SMB,Manufacturing,Net-60
CLI-4518,Mid-Market,Retail,Net-30
CLI-4289,Enterprise,Pharma,Net-15
CLI-2170,Mid-Market,Construction,Net-60
CLI-2357,SMB,Textiles,
CLI-4746,Mid-Market,Logistics,Net-30
CLI-0100,Mid-Market,FMCG,Net-60
CLI-2315,Enterprise,Retail,Net-15
CLI-2890,Enterprise,Textiles,Net-15
CLI-0332,Enterprise,Textiles,Net-15
CLI-0090,SMB,Construction,Net-30
CLI-3936, SMB,Logistics,Net-60
CLI-4050,Enterprise,FMCG,Net-30
CLI-2066,Mid-Market,IT Services,Net-30
CLI-0222,SMB,Manufacturing,Net-60
CLI-0191,Mid-Market,Manufacturing,Net-30
CLI-1946,SMB,Logistics,Net-60
CLI-1981,Enterprise,IT Services,Net-60
CLI-0404,Mid-Market,Textiles,Net-15
CLI-1131,mid-market,FMCG,Net-60
CLI-2298,SMB,Logistics,Net-60
CLI-4543,SMB,FMCG,Net-60
CLI-2899,Enterprise,Textiles,Net-15
CLI-4658,Enterprise,IT Services,Net-30
CLI-0051,Enterprise,IT Services,Net-15
CLI-1667,SMB,FMCG,Net-60
CLI-3744,SMB,Retail,Net-60
CLI-0718,Enterprise,Pharma,Net-60
CLI-3610,Mid-Market,Retail,Net-15
CLI-3046,Mid-Market,Manufacturing,Net-60
CLI-1061,Enterprise,FMCG,Net-60
CLI-4920, SMB,Construction,Net-30
CLI-1073,Enterprise,Construction,Net-60
CLI-3727,SMB,Manufacturing,Net-30
CLI-0861,Mid-Market,Retail,Net-30
CLI-1889,Mid-Market,FMCG,30 days
CLI-2130,SMB,Manufacturing,Net-60
CLI-0141,Enterprise,Pharma,Net-30
CLI-0497,SMB,IT Services,Net-60
CLI-4989,Enterprise,Pharma,Net-30
CLI-4530,SMB,Textiles,Net-60
CLI-0095,Enterprise,Manufacturing,Net-15
CLI-4175,Mid-Market,Textiles,net30
CLI-3235,SMB,Logistics,Net-15
CLI-3508,Smb,IT Services,Net-15
CLI-2723,Mid-Market,Pharma,Net-15
CLI-4999,SMB,Pharma,Net-30
CLI-1195,SMB,Manufacturing,Net-60
CLI-0936,Mid-Market,Retail,Net-30
CLI-3746,Enterprise,Pharma,Net-15
CLI-4653,Mid-Market,IT Services,Net-60
CLI-2038,SMB,Logistics,Net-60
CLI-1955,Enterprise,IT Services,Net-30
CLI-0325,Mid-Market,Construction,Net-60
CLI-2802,Mid-Market,Pharma,NET-15
CLI-0658,Smb,IT Services,Net-30
CLI-4843,SMB,Textiles,Net-60
CLI-0966,Mid-Market,Pharma,
CLI-2321,Mid-Market,Textiles,NET-60
CLI-4772,Mid-Market,Retail,Net-30
CLI-3636,SMB,Retail,Net-15
CLI-2724,Enterprise,,Net-60
CLI-2251,Enterprise,FMCG,Net-15
CLI-3738,Enterprise,Construction,Net-30
CLI-3278,Enterprise,Construction,Net-15
CLI-2840,Mid-Market,Construction,Net-60
CLI-4221,SMB,Logistics,NET-60
CLI-1470,Enterprise,Retail,Net-30
CLI-1555,Enterprise,Retail,Net-60
CLI-2439,Enterprise,Pharma,Net-15
CLI-4301,Mid-Market,IT Services,Net-30
CLI-4901,mid-market,Textiles,Net-30
CLI-2208,Mid-Market,Construction,Net-30
CLI-1189,Enterprise,Retail,30 days
CLI-2849,SMB,Construction,Net-60
CLI-0884,Enterprise,Logistics,Net-15
CLI-2561,Mid-Market,IT Services,Net-30
CLI-1554,Enterprise,Pharma,Net-30
CLI-0730,Mid-Market,Construction,Net-30
CLI-2712,Enterprise,Pharma,Net-60
CLI-3314,Mid-Market,Pharma,net60
CLI-1148,Enterprise,Manufacturing,Net-30
CLI-2021,Enterprise,Pharma,Net-30
CLI-1043,SMB,IT Services,Net-30
CLI-4335,SMB,FMCG,
CLI-4211,SMB,Construction,Net-15
CLI-1566,Enterprise,Logistics,Net-60
CLI-2702,Mid-Market,Manufacturing,Net-60
CLI-0991,SMB,Construction,Net-30
CLI-1348,SMB,Textiles,net15
CLI-0764,Mid-Market,FMCG,Net-30
CLI-0417,Mid-Market,Retail,Net-15
CLI-0440,Enterprise,Construction,Net-30
CLI-3437,Mid-Market,Pharma,Net-60
CLI-3338,Enterprise,Construction,Net-60
CLI-3339,SMB,Retail,Net-15
CLI-0252,Mid-Market,Retail,Net-30
CLI-3658,Mid-Market,FMCG,Net-15
CLI-3708,Mid-Market,Textiles,Net-30
CLI-4357,Mid-Market,Manufacturing,Net-15
CLI-1645,MID-MARKET,Textiles,Net-15
CLI-4712,SMB,Logistics,Net-60
CLI-0729,SMB,IT Services,Net-60
CLI-3917,Mid-Market,Textiles,Net-30
CLI-0594,smb,Manufacturing,Net-30
CLI-3400,SMB,Pharma,Net-60
CLI-2554,Enterprise,Manufacturing,Net-30
CLI-1139,Enterprise,IT Services,Net-60
CLI-4935,SMB,Logistics,Net-30
CLI-3710,Enterprise,Construction,Net-30
CLI-3313,Mid-Market,Manufacturing,Net-60
CLI-2349,Enterprise,Retail,Net-30
CLI-4230,Mid-Market,IT Services,Net-15
CLI-3912,Mid-Market,FMCG,Net-60
CLI-1305, SMB,Manufacturing,Net-30
CLI-4263,Enterprise,Retail,Net-60
CLI-2490,MID-MARKET,FMCG,Net-60
CLI-0566,Enterprise,Pharma,Net-15
CLI-3793,Enterprise,Textiles,Net-60
CLI-2451,ENTERPRISE,IT Services,Net-30
CLI-2308,SMB,FMCG,Net-30
CLI-2871,Mid-Market,Retail,Net-60
CLI-0754,Mid-Market,FMCG,Net-60
CLI-0580,Mid-Market,Pharma,Net-30
CLI-3583,SMB,IT Services,NET-15
CLI-2764,SMB,Textiles,Net-60
CLI-4779,Enterprise,Manufacturing,Net-60
CLI-0739,Enterprise,Manufacturing,Net-30
CLI-2239,Enterprise,Construction,Net-60
CLI-3991,Mid Market,IT Services,Net-30
CLI-1392,SMB,FMCG,Net-15
CLI-0303,Mid-Market,Pharma,Net-30
CLI-3414,SMB,FMCG,Net-60
CLI-0314,SMB,Textiles,Net-60
CLI-1589,Mid-Market,FMCG,Net-15
CLI-4652,SMB,Pharma,Net-15
CLI-1603,Enterprise,Construction,NET-15
CLI-1837,SMB,IT Services,Net-15
CLI-4011,Mid-Market,Pharma,Net-30
CLI-0770,Mid-Market,Retail,Net-60
CLI-3531,SMB,FMCG,Net-60
CLI-2485,SMB,Construction,NET-60
CLI-4213,SMB,IT Services,Net-30
CLI-2582,SMB,Retail,Net-60
CLI-3562,Enterprise,Construction,Net-30
CLI-1876,Enterprise,Textiles,Net-15
CLI-3404,Mid-Market,Manufacturing,Net-30
CLI-4924,SMB,Construction,Net-30
CLI-3136,Enterprise,Construction,Net-60
CLI-0346,Enterprise,Manufacturing,Net-60
CLI-0062,Mid-Market,Textiles,Net-60
CLI-1860,Mid-Market,Textiles,Net-15
CLI-0453,Mid-Market,Retail,Net-15
CLI-1201,mid-market,Retail,Net-30
CLI-3349,Mid-Market,Retail,Net-60
CLI-1882,Enterprise,Pharma,Net-30
CLI-0316,Enterprise,IT Services,Net-60
CLI-2441,Mid-Market,Pharma,Net-30
CLI-1001,SMB,Retail,Net-15
CLI-3755,SMB,Retail,Net-30
CLI-0864,Enterprise,IT Services,Net-30
CLI-2191,SMB,FMCG,Net-30
CLI-0699,SMB,Pharma,Net-60
CLI-0162,SMB,Construction,Net-15
CLI-1389,SMB,IT Services,Net-15
CLI-0405,Enterprise,FMCG,Net-15
CLI-4478,SMB,Logistics,Net-60
CLI-3616,SMB,Pharma,Net-60
CLI-0894,SMB,Pharma,
CLI-4476,Mid-Market,IT Services,Net-15
CLI-1474,Mid-Market,Retail,Net-15
CLI-3726,Enterprise,Manufacturing,Net-15
CLI-3876,Enterprise,Logistics,Net-60
CLI-0853,SMB,Logistics,NET-15
CLI-1803,SMB,Logistics,Net-15
CLI-1410,Enterprise,Textiles,net60
CLI-2925,Mid-Market,FMCG,Net-30
CLI-4997,SMB,FMCG,Net-60
CLI-4993,Enterprise,Retail,Net-15
CLI-2300,Enterprise,Construction,Net-15
CLI-3648,Mid-Market,Retail,15 days
CLI-1903,SMB,Pharma,15 days
CLI-4292,Mid-Market,Manufacturing,Net-30
CLI-3381,Mid-Market,Pharma,Net-30
CLI-3822,Mid-Market,Logistics,Net-60
CLI-1456,SMB,,Net-30
CLI-3259,Enterprise,Logistics,Net-15
CLI-3915,Enterprise,Logistics,Net-15
CLI-3720,Enterprise,FMCG,Net-30
CLI-4664,SMB,IT Services,Net-60
CLI-2403,Mid-Market,Textiles,Net-60
CLI-2993,SMB,Pharma,Net-60
CLI-4688,SMB,Logistics,Net-30
CLI-2264,Mid-Market,Pharma,Net-15
CLI-1218,Mid-Market,Pharma,Net-60
CLI-2577,Enterprise,Textiles,Net-30
CLI-2417,SMB,Logistics,Net-15
CLI-4453,SMB,Pharma,
CLI-4350,mid-market,Manufacturing,Net-30
CLI-1796,Enterprise,Textiles,NET-60
CLI-0304,mid-market,FMCG,Net-15
CLI-2356,MID-MARKET,,Net-60
CLI-3611,Enterprise,Pharma,Net-15
CLI-0445,Enterprise,Pharma,Net-30
CLI-2734,Mid-Market,Construction,Net-15
CLI-3693,Enterprise,Textiles,Net-30
CLI-1451,SMB,FMCG,Net-30
CLI-0582,Mid-Market,Logistics,Net-60
CLI-0758,enterprise,Textiles,Net-30
CLI-1969,Enterprise,FMCG,Net-30
CLI-1177,Mid-Market,Construction,Net-30
CLI-2595,SMB,Construction,
CLI-0557,smb,Manufacturing,Net-30
CLI-1010,Enterprise ,,Net-15
CLI-2107,Enterprise,Retail,Net-15
CLI-4880,SMB,IT Services,Net-15
CLI-0926,Enterprise,FMCG,Net-60
CLI-1713,ENTERPRISE,Manufacturing,Net-60
CLI-1573,Enterprise,Logistics,Net-15
CLI-0034,Mid-Market,IT Services,Net-30
CLI-0615,Mid-Market,,Net-15
CLI-2544,Mid-Market,Logistics,Net-60
CLI-2937,Enterprise,Pharma,Net-60
CLI-0899,Mid-Market,IT Services,Net-60
CLI-3663,SMB,Retail,Net-15
CLI-4765,Enterprise,Construction,Net-60
CLI-4120,Enterprise,Retail,Net-60
CLI-0275,Mid-Market,Manufacturing,Net-60
CLI-1794,SMB,Construction,Net-15
CLI-1906,Mid-Market,Manufacturing,Net-60
CLI-1040,ENTERPRISE,Construction,Net-30
CLI-3936,Enterprise,Retail,Net-15
CLI-3132,Enterprise,Textiles,net15
CLI-4113,SMB,,Net-30
CLI-1047,Enterprise,Construction,Net-30
CLI-2078,SMB,Textiles,Net-30
CLI-0682,Enterprise,Retail,Net-60
CLI-3785,SMB,Construction,Net-60
CLI-0755,Mid-Market,Pharma,60 days
CLI-0431,Mid-Market,IT Services,Net-30
CLI-2465,Mid-Market,Pharma,Net-15
CLI-4879,enterprise,Pharma,Net-15
CLI-3094,Mid-Market,Manufacturing,Net-30
CLI-1232,Enterprise,Manufacturing,Net-30
CLI-0722,SMB,Textiles,Net-15
CLI-1606,Enterprise,Retail,Net-15
CLI-1917,SMB,Manufacturing,Net-30
CLI-4734,Mid-Market,Logistics,
CLI-2426,Enterprise,FMCG,Net-60
CLI-0846,Enterprise,Construction,
CLI-1743, SMB,IT Services,Net-15
CLI-4623,Mid-Market,Textiles,Net-15
CLI-3047,SMB,Pharma,60 days
CLI-3950,Enterprise,Retail,Net-15
CLI-3720,Mid-Market,Pharma,
CLI-2560,Mid-Market,Textiles,Net-60
CLI-0595,mid-market,Retail,Net-30
CLI-2632,Enterprise,Manufacturing,Net-30
CLI-0834,SMB,Manufacturing,
CLI-3760,Enterprise,Logistics,Net-15
CLI-2605,SMB,Retail,
CLI-1341,Mid-Market,Textiles,Net-15
CLI-0279,Enterprise,Construction,Net-60
CLI-3598,Mid-Market,Textiles,Net-30
CLI-2611,Enterprise,Logistics,Net-30
CLI-2682,Mid-Market,Manufacturing,Net-30
CLI-1510,SMB,Manufacturing,Net-15
CLI-2789,ENTERPRISE,Manufacturing,Net-60
CLI-1732,SMB,IT Services,Net-15
CLI-2262,Mid-Market,IT Services,Net-60
CLI-4981,Mid-Market,Logistics,Net-60
CLI-1515,Enterprise,Textiles,Net-60
CLI-3481,SMB,FMCG,Net-15
CLI-0577,SMB,IT Services,Net-60
CLI-4235,SMB,Retail,60 days
CLI-3165,SMB,FMCG,Net-15
CLI-0603,SMB,Manufacturing,Net-30
CLI-2372,Enterprise,,Net-30
CLI-4258,SMB,Manufacturing,Net-30
CLI-3928,Mid-Market,,Net-60
CLI-0031,Enterprise,FMCG,Net-15
CLI-1843,Mid-Market,Textiles,Net-30
CLI-4945,SMB,Textiles,Net-15
CLI-1383,Enterprise,Pharma,Net-60
CLI-0212,Enterprise,Pharma,Net-15
CLI-2636,Smb,FMCG,
CLI-2658,Mid-Market,IT Services,Net-30
CLI-4878,Mid-Market,FMCG,Net-30
CLI-1520,SMB,Textiles,Net-60
CLI-3384,SMB,Construction,Net-30
CLI-0622,Mid-Market,Construction,Net-30
CLI-4107,Mid-Market,Manufacturing,Net-30
CLI-4525,SMB,Construction,Net-30
CLI-1271,MID-MARKET,Pharma,NET-15
CLI-1893,Mid-Market,Pharma,Net-30
CLI-4115,Enterprise,Logistics,Net-30
CLI-2094,Enterprise,Construction,Net-30
CLI-2111,Enterprise,Construction,Net-15
CLI-3774,SMB,Retail,Net-30
CLI-4776,mid-market,Logistics,Net-60
CLI-3911,Mid-Market,Construction,Net-60
CLI-3035,Enterprise,Logistics,15 days
CLI-4065,Enterprise,Manufacturing,Net-30
CLI-0500,SMB,Manufacturing,Net-15
CLI-0085,SMB,Logistics,Net-60
CLI-3770,Mid-Market,Textiles,NET-15
CLI-0694,Mid-Market,FMCG,Net-30
CLI-4757,SMB,Retail,Net-30
CLI-0163,SMB,,Net-60
CLI-4761,Enterprise,Logistics,Net-15
CLI-1355,SMB,Construction,Net-60
CLI-2385,Enterprise,Logistics,
CLI-2164,Mid-Market,Pharma,
CLI-2591,Enterprise,Logistics,Net-30
CLI-2507,SMB,Logistics,Net-30
CLI-0858,Mid-Market,,Net-60
CLI-3933,Enterprise,FMCG,Net-30
CLI-0957,SMB,Pharma,Net-60
CLI-4181,Mid-Market,FMCG,Net-15
CLI-0748,SMB,IT Services,Net-30
CLI-2359,Mid-Market,IT Services,Net-30
CLI-2929,Enterprise,Retail,Net-30
CLI-2624,Enterprise,Retail,Net-15
CLI-3962,Enterprise,Construction,Net-15
CLI-2482,Enterprise,Construction,Net-15
CLI-0202,Enterprise,FMCG,Net-30
CLI-4572,SMB,Pharma,Net-60
CLI-0728,SMB,Textiles,Net-60
CLI-3751,SMB,Retail,Net-30
CLI-0270,Enterprise,FMCG,Net-60
CLI-4882,Enterprise,Logistics,Net-30
CLI-4622,SMB,Textiles,Net-30
CLI-2905,SMB,Manufacturing,Net-15
CLI-0283,SMB,Retail,15 days
CLI-3511,SMB,Retail,Net-60
CLI-1056,Enterprise,Pharma,Net-15
CLI-1567,SMB,Pharma,Net-15
CLI-2412,MID-MARKET,Manufacturing,Net-15
CLI-1390,SMB,Manufacturing,Net-60
CLI-1761,Mid-Market,Logistics,net30
CLI-0298,Mid-Market,Textiles,Net-15
CLI-4727,SMB,Construction,Net-15
CLI-0322,SMB,Construction,Net-60
CLI-4969,Mid-Market,Manufacturing,Net-30
CLI-3297,Enterprise,Retail,Net-60
CLI-3982,Mid-Market,,Net-15
CLI-0768,Enterprise,Retail,Net-30
CLI-0215,Enterprise,Manufacturing,Net-60
CLI-3482,SMB,FMCG,Net-60
CLI-0606,SMB,IT Services,Net-60
CLI-3653,Enterprise,Retail,Net-30
CLI-0671,Enterprise,FMCG,Net-60
CLI-2853,SMB,Textiles,Net-15
CLI-4846,SMB,IT Services,
CLI-3931,Enterprise,FMCG,Net-60
CLI-4177,Enterprise,FMCG,Net-15
CLI-2546,Mid-Market,Logistics,Net-15
CLI-0555,Enterprise,Textiles,Net-60
CLI-2411,Enterprise,Logistics,Net-30
CLI-3696,Mid Market,Logistics,Net-30
CLI-1077,Mid-Market,Construction,Net-15
CLI-3372,Enterprise,,Net-15
CLI-3953,Enterprise,Manufacturing,Net-60
CLI-3036,Enterprise,FMCG,Net-15
CLI-3724,SMB,,Net-30
CLI-3277,SMB,Logistics,Net-15
CLI-1229,SMB,Construction,Net-30
CLI-0995,Mid-Market,Retail,Net-30
CLI-1689,Enterprise,Pharma,Net-30
CLI-1550,Enterprise,Pharma,Net-15
CLI-4374,Mid-Market,Manufacturing,NET-15
CLI-3977,Mid-Market,Logistics,net60
CLI-2837,SMB,,Net-60
CLI-3664,SMB,Logistics,Net-60
CLI-0446,Enterprise,Construction,net30
CLI-2378,SMB,FMCG,NET-60
CLI-1452,Enterprise,Textiles,Net-15
CLI-0590,Mid-Market,Retail,NET-30
CLI-2825,Enterprise,Logistics,Net-15
CLI-2814,Enterprise,IT Services,Net-15
CLI-0710,ENTERPRISE,IT Services,Net-15
CLI-1863,SMB,Pharma,net60
CLI-0115,Enterprise,Retail,Net-15
CLI-4156,Enterprise,Retail,Net-30
CLI-0487,Enterprise,Textiles,Net-15
CLI-1161,Mid-Market,Textiles,Net-30
CLI-4634,MID-MARKET,Retail,NET-60
CLI-1420,SMB,FMCG,
CLI-3820,SMB,IT Services,Net-15
CLI-2020,mid-market,FMCG,Net-30
CLI-3627,SMB,Textiles,Net-30
CLI-1083,SMB,Retail,Net-30
CLI-4129,ENTERPRISE,Manufacturing,Net-60
CLI-4098,SMB,Retail,net60
CLI-2476,enterprise,Retail,Net-60
CLI-3022,Mid-Market,Construction,Net-60
CLI-0259,Mid-Market,Pharma,Net-30
CLI-4276,Enterprise,IT Services,Net-60
CLI-1912,Mid-Market,Manufacturing,Net-60
CLI-0788,Mid-Market,Pharma,Net-60
CLI-4934,SMB,Retail,
CLI-1419,Enterprise,IT Services,Net-60
CLI-1553,ENTERPRISE,IT Services,Net-30
CLI-0080,Enterprise,Construction,Net-15
CLI-3470,Enterprise,Pharma,Net-60
CLI-0287,SMB,Retail,Net-60
CLI-1089,Enterprise,Manufacturing,net15
CLI-3647,Enterprise,Logistics,Net-30
CLI-1361,Mid Market,IT Services,Net-15
CLI-3941,Mid-Market,Manufacturing,Net-15
CLI-0411,Mid-Market,Textiles,Net-60
CLI-0263,mid-market,Logistics,Net-15
CLI-0599,Enterprise,Textiles,Net-30
CLI-2532,Mid-Market,Construction,Net-30
CLI-0009,SMB,Retail,Net-15
CLI-3062,SMB,FMCG,Net-30
CLI-1887,Mid-Market,Pharma,Net-30
CLI-1144,Enterprise,Manufacturing,Net-15
CLI-4086,SMB,Manufacturing,Net-15
CLI-3473,Mid-Market,Logistics,Net-15
CLI-4351,Mid-Market,Retail,Net-30
CLI-4037,Enterprise,Pharma,Net-60
CLI-1287,Enterprise,Textiles,Net-15
CLI-1775,SMB,Textiles,Net-15
CLI-4708,Enterprise,IT Services,Net-30
CLI-1978,Enterprise,Logistics,Net-30
CLI-3842,SMB,Construction,Net-60
CLI-3245,SMB,Pharma,Net-30
CLI-1894,Enterprise,Logistics,Net-30
CLI-0427,Mid-Market,Construction,
CLI-2517,SMB,Manufacturing,Net-60
CLI-4321,Enterprise,Manufacturing,Net-60
CLI-0369, SMB,FMCG,Net-60
CLI-2524,Mid-Market,,Net-30
CLI-4758,Mid-Market,Construction,net60
CLI-1724,Enterprise ,Retail,Net-30
CLI-1628,SMB,FMCG,Net-15
CLI-3467,Enterprise,,Net-30
CLI-0564,Mid-Market,Construction,
CLI-4964,SMB,Construction,Net-15
CLI-1646,SMB,Pharma,NET-15
CLI-4162,Enterprise,Retail,Net-30
CLI-1215,Enterprise,Pharma,Net-15
CLI-4867,SMB,Logistics,Net-60
CLI-1224,Mid-Market,,Net-30
CLI-3460,Enterprise,Pharma,Net-60
CLI-0061,SMB,FMCG,Net-15
CLI-3673,SMB,Retail,Net-15
CLI-0007,Enterprise,FMCG,net60
CLI-4509,Mid-Market,Construction,Net-30
CLI-3983,Mid-Market,Textiles,net15
CLI-0723,Mid-Market,Construction,Net-30
CLI-0819, SMB,FMCG,Net-15
CLI-2246,smb,FMCG,Net-30
CLI-3223,Enterprise,Textiles,
CLI-2172,ENTERPRISE,Manufacturing,Net-30
CLI-0504,Mid-Market,Retail,Net-30
CLI-4900,Enterprise,Textiles,
CLI-2056,SMB,IT Services,Net-30
CLI-3831,Enterprise,IT Services,Net-15
CLI-2105,SMB,FMCG,Net-60
CLI-3459,Enterprise,Manufacturing,Net-30
CLI-1965,Enterprise,Textiles,Net-60
CLI-2080,Mid-Market,FMCG,Net-30
CLI-0449,SMB,FMCG,Net-60
CLI-4222,Enterprise,IT Services,Net-15
CLI-2975,Enterprise,IT Services,Net-30
CLI-4159,SMB,IT Services,Net-15
CLI-3205,SMB,Textiles,Net-60
CLI-1349,Enterprise,Textiles,Net-30
CLI-2163,Mid-Market,Pharma,Net-60
CLI-3714,SMB,,Net-60
CLI-1244,SMB,Textiles,Net-15
CLI-3398,Enterprise,FMCG,60 days
CLI-1842,SMB,Pharma,Net-30
CLI-3002,SMB,Retail,Net-60
CLI-3102,enterprise,Manufacturing,Net-60
CLI-4225,SMB,Logistics,Net-30
CLI-1707,Mid-Market,Pharma,Net-30
CLI-4343,Enterprise,Textiles,Net-60
CLI-0326,SMB,Retail,Net-60
CLI-0741,Enterprise,FMCG,Net-30
CLI-3901,Mid-Market,Manufacturing,Net-15
CLI-4355,Enterprise,Logistics,Net-60
CLI-2556,Enterprise,Pharma,Net-30
CLI-2877,Enterprise,Textiles,Net-15
CLI-1885,SMB,Textiles,Net-30
CLI-2576,SMB,Pharma,Net-30
CLI-0867,Enterprise,Retail,Net-30
CLI-4394,Enterprise,Manufacturing,Net-60
CLI-0701,SMB,Retail,Net-60
CLI-4425,Mid-Market,Manufacturing,Net-15
CLI-3766,Mid-Market,IT Services,Net-60
CLI-4927,Mid-Market,Manufacturing,Net-15
CLI-4179,Mid-Market,,Net-60
CLI-0893,enterprise,Logistics,Net-15
CLI-3553,SMB,Logistics,
CLI-4899,Enterprise,Textiles,Net-60
CLI-3311,enterprise,Logistics,
CLI-3891,Mid-Market,Retail,Net-15
CLI-2855,SMB,Construction,Net-15
CLI-1282,Mid-Market,Logistics,Net-60
CLI-1991,Mid-Market,Manufacturing,Net-15
CLI-0382,SMB,Textiles,Net-60
CLI-4539,enterprise,IT Services,Net-30
CLI-0410,Enterprise,Textiles,Net-60
CLI-0050,smb,Pharma,Net-15
CLI-3071,SMB,FMCG,Net-60
CLI-1204,SMB,Construction,Net-30
CLI-4768,Mid-Market,Retail,Net-15
CLI-4096,Enterprise,Pharma,Net-60
CLI-4384,Enterprise,Retail,Net-15
CLI-0171,Mid-Market,Retail,Net-15
CLI-4259,SMB,,Net-60
CLI-4432,SMB,FMCG,Net-15
CLI-4563,SMB,,Net-15
CLI-3028,Mid-Market,Manufacturing,Net-60
CLI-3212,Mid-Market,Logistics,Net-60
CLI-1754,SMB,Manufacturing,Net-15
CLI-0339,Enterprise ,IT Services,Net-30
CLI-1007,Enterprise,IT Services,Net-60
CLI-1050,Mid-Market,Retail,Net-30
CLI-3233,SMB,Construction,Net-15
CLI-1003,smb,Logistics,Net-15
CLI-4104,Mid-Market,Textiles,Net-15
CLI-3125,SMB,Pharma,Net-30
CLI-0775,SMB,Manufacturing,Net-30
CLI-4037,Enterprise,Textiles,Net-15
CLI-3396,Mid-Market,Textiles,Net-30
CLI-0757,Enterprise,Manufacturing,Net-30
CLI-1963,Mid-Market,Pharma,Net-30
CLI-4661,Mid-Market,Textiles,Net-60
CLI-2161,SMB,FMCG,Net-60
CLI-1193,SMB,Logistics,Net-60
CLI-2428,SMB,Retail,Net-60
CLI-1167,Mid-Market,Retail,Net-60
CLI-1346,Enterprise,Retail,Net-15
CLI-4004,ENTERPRISE,Textiles,Net-30
CLI-0873,Enterprise,Pharma,Net-15
CLI-1895,Enterprise,Manufacturing,Net-60
CLI-3310,SMB,Retail,Net-30
CLI-1042,Enterprise,Construction,Net-60
CLI-3614,Mid-Market,Construction,Net-15
CLI-0044,SMB,Textiles,Net-60
CLI-0804,Smb,Retail,net15
CLI-4019,SMB,Retail,Net-60
CLI-2730,SMB,FMCG,Net-30
CLI-4605,Mid-Market,Construction,Net-15
CLI-3557,Enterprise,Pharma,Net-60
CLI-1864,SMB,Manufacturing,Net-15
CLI-0147,SMB,Textiles,
CLI-3162,SMB,Manufacturing,Net-60
CLI-2589,Enterprise,Logistics,Net-60
CLI-3829,Mid-Market,Construction,Net-30
CLI-1751,Enterprise,IT Services,60 days
CLI-3023,mid-market,,NET-15
CLI-2860,Enterprise,FMCG,Net-15
CLI-0220,Enterprise,FMCG,Net-15
CLI-1657,Enterprise,Logistics,
CLI-3732,Enterprise,IT Services,Net-30
CLI-0271,Mid-Market,Textiles,15 days
CLI-3757,SMB,Pharma,Net-60
CLI-3021, SMB,Manufacturing,Net-30
CLI-4510,Mid-Market,Pharma,Net-30
CLI-3342,SMB,Pharma,Net-30
CLI-0037,Enterprise,Manufacturing,Net-60
CLI-2938,Enterprise,Construction,net60
CLI-2716,Mid-Market,FMCG,net60
CLI-1685,Mid-Market,Logistics,Net-60
CLI-2041,SMB,FMCG,Net-60
CLI-1018,ENTERPRISE,Pharma,Net-30
CLI-0849,Mid-Market,Pharma,Net-15
CLI-0420,SMB,Manufacturing,Net-15
CLI-1219,Enterprise,IT Services,Net-15
CLI-2353,SMB,Retail,Net-15
CLI-4931,SMB,FMCG,Net-15
CLI-3843,SMB,Manufacturing,Net-15
CLI-2805,SMB,Manufacturing,Net-60
CLI-0769,SMB,Construction,Net-30
CLI-0522,Mid-Market,FMCG,Net-15
CLI-4506,Mid-Market,Construction,Net-15
CLI-4586,Enterprise,Construction,Net-30
CLI-3469, SMB,Manufacturing,Net-30
CLI-3282,Enterprise,Retail,Net-30
CLI-0980,Enterprise,Logistics,Net-60
CLI-4827,Enterprise,Pharma,Net-30
CLI-4905,MID-MARKET,Logistics,Net-30
CLI-0491,Mid-Market,Retail,Net-15
CLI-4330,SMB,Logistics,Net-60
CLI-3750,Enterprise,Logistics,Net-60
CLI-4545,Mid-Market,Logistics,Net-60
CLI-4082,Mid-Market,Textiles,Net-60
CLI-4895,Mid-Market,Retail,Net-60
CLI-1369,SMB,FMCG,Net-30
CLI-4428,Mid-Market,Retail,Net-15
CLI-3382,Enterprise,IT Services,Net-15
CLI-0119,Enterprise,Pharma,15 days
CLI-2648,Mid-Market,Logistics,Net-15
CLI-2759,Mid-Market,Pharma,Net-15
CLI-0130,SMB,Logistics,Net-15
CLI-4028,Mid-Market,Textiles,Net-15
CLI-3268,Mid Market,Pharma,Net-60
CLI-2787,Mid-Market,Textiles,Net-60
CLI-3523,Enterprise,Retail,Net-60
CLI-1399,Enterprise,Logistics,Net-60
CLI-2671,SMB,FMCG,Net-60
CLI-1938,Mid-Market,FMCG,Net-60
CLI-1105,Mid-Market,Pharma,Net-30
CLI-3959,SMB,FMCG,Net-15
CLI-1832,Mid-Market,FMCG,Net-15
CLI-4444,Enterprise,Logistics,Net-60
CLI-3721,SMB,Textiles,Net-60
CLI-4874,SMB,Logistics,Net-30
CLI-3027,Mid-Market,Manufacturing,Net-15
CLI-2218,Enterprise,FMCG,Net-60
CLI-2193,Mid-Market,IT Services,60 days
CLI-0089,SMB,Textiles,
CLI-0967,Enterprise,Retail,Net-30
CLI-4400,Mid-Market,Logistics,Net-30
CLI-2124,Mid-Market,Logistics,
CLI-3715,Enterprise,,Net-15
CLI-3513,SMB,Construction,Net-30
CLI-1949,SMB,Retail,Net-15
CLI-3948,Enterprise,Textiles,Net-60
CLI-3011,SMB,,Net-15
CLI-2121,SMB,Textiles,Net-30
CLI-1225,SMB,Construction,Net-15
CLI-4511,SMB,FMCG,Net-30
CLI-1458,SMB,IT Services,Net-30
CLI-4702,SMB,Construction,Net-15
CLI-3126,Enterprise,IT Services,Net-30
CLI-4475,Enterprise,Textiles,Net-60
CLI-2903,Mid-Market,Manufacturing,Net-30
CLI-1787,Mid-Market,Textiles,Net-15
CLI-2004,Mid-Market,FMCG,Net-60
CLI-3135,Mid-Market,Manufacturing,Net-60
CLI-4088,SMB,Textiles,Net-15
CLI-0364,SMB,Textiles,Net-15
CLI-0219,SMB,FMCG,Net-15
CLI-0286,Enterprise,Retail,Net-15
CLI-1162,Enterprise,Pharma,Net-30
CLI-2620,SMB,Retail,Net-15
CLI-3634,SMB,Logistics,Net-30
CLI-4233,SMB,FMCG,Net-15
CLI-0457,Mid-Market,Construction,Net-15
CLI-2512,Enterprise,Textiles,Net-30
CLI-1944,Mid-Market,Logistics,NET-30
CLI-3823,Mid-Market,Construction,Net-15
CLI-1990,Mid-Market,,Net-30
CLI-0560,SMB,Manufacturing,Net-60
CLI-2721,Enterprise,FMCG,Net-15
CLI-4628,SMB,Textiles,Net-15
CLI-0153,SMB,FMCG,Net-30
CLI-2200,Enterprise,Pharma,Net-60
CLI-1615,Enterprise,Retail,Net-30
CLI-1092,Enterprise,Retail,net30
CLI-2811,Mid-Market,IT Services,Net-60
CLI-3761,Mid-Market,Logistics,Net-30
CLI-4660,Mid-Market,Logistics,Net-15
CLI-1617,SMB,Textiles,Net-30
CLI-1194,Enterprise,Construction,
CLI-0828,Mid-Market,Construction,
CLI-2534,Mid-Market,,Net-15
CLI-1769,Enterprise,IT Services,
CLI-2368,Mid-Market,Manufacturing,Net-30
CLI-4209,Mid Market,Construction,Net-60
CLI-4126,Enterprise,Textiles,Net-60
CLI-4340,SMB,IT Services,Net-60
CLI-2443,mid-market,Pharma,Net-30
CLI-4601,Mid-Market,IT Services,Net-30
CLI-0579,Enterprise,Logistics,Net-60
CLI-2644,Enterprise,FMCG,NET-60
CLI-0424,SMB,Retail,Net-15
CLI-1288,Mid-Market,Logistics,Net-15
CLI-0121,Mid-Market,Textiles,Net-60
CLI-4789,Mid-Market,Pharma,Net-60
CLI-3865,SMB,Pharma,Net-60
CLI-2580,SMB,IT Services,Net-15
CLI-1583,Enterprise,Manufacturing,Net-60
CLI-3279,Enterprise,FMCG,Net-60
CLI-4618,Enterprise,IT Services,Net-30
CLI-0358,Enterprise,Textiles,Net-15
CLI-1126,Enterprise,FMCG,Net-15
CLI-0227,SMB,Textiles,Net-60
CLI-0857,SMB,,Net-60
CLI-1879,SMB,Manufacturing,Net-30
CLI-0907,ENTERPRISE,FMCG,Net-60
CLI-4397,Enterprise,Construction,Net-15
CLI-3854,SMB,Textiles,
CLI-2655,SMB,Retail,Net-15
CLI-4291,Mid-Market,FMCG,60 days
CLI-2150,SMB,Construction,Net-15
CLI-3427,Enterprise,Retail,NET-15
CLI-2726,SMB,Manufacturing,Net-60
CLI-3832,Smb,IT Services,Net-30
CLI-1015,Enterprise,FMCG,Net-60
CLI-4408,Mid-Market,Textiles,Net-30
CLI-2736,SMB,Pharma,Net-15
CLI-0773,Mid-Market,FMCG,Net-60
CLI-1651,Enterprise,IT Services,Net-60
CLI-0331,Enterprise,Manufacturing,Net-30
CLI-2972,Mid-Market,Construction,Net-30
CLI-0814,Mid-Market,FMCG,Net-60
CLI-0885,SMB,Manufacturing,Net-60
CLI-2180,Enterprise,Manufacturing,Net-30
CLI-3808,SMB,FMCG,Net-30
CLI-1535,Enterprise,,Net-60
CLI-3952,Enterprise,Retail,Net-30
CLI-2151,MID-MARKET,Pharma,Net-60
CLI-1975,Enterprise,Manufacturing,Net-30
CLI-0134,Mid-Market,Logistics,Net-30
CLI-1146,Mid-Market,Pharma,Net-30
CLI-1432,Mid-Market,Manufacturing,Net-15
CLI-4306,ENTERPRISE,,Net-60
CLI-0971,Enterprise,FMCG,Net-30
CLI-0111,SMB,FMCG,Net-30
CLI-4349,SMB,Textiles,Net-15
CLI-4751,SMB,Logistics,Net-30
CLI-4283,Mid-Market,Construction,Net-15
CLI-1290,SMB,Construction,Net-60
CLI-3009,Enterprise,Logistics,Net-30
CLI-2148,enterprise,IT Services,Net-60
CLI-1118,Enterprise,Manufacturing,Net-30
CLI-0023,Enterprise,Retail,Net-60
CLI-0695,Enterprise,Manufacturing,Net-15
CLI-0682,SMB,Logistics,Net-30
CLI-1814,Enterprise,Manufacturing,Net-60
CLI-0989,Mid Market,Retail,Net-15
CLI-1494,SMB,Retail,
CLI-4984,Enterprise,,Net-15
CLI-1038,SMB,IT Services,Net-15
CLI-0532,Enterprise,Textiles,Net-30
CLI-0148,SMB,Textiles,Net-60
CLI-1310,Enterprise ,Manufacturing,Net-60
CLI-1036,SMB,FMCG,Net-60
CLI-3957,SMB,Construction,Net-30
CLI-1127,Enterprise,Pharma,NET-60
CLI-0978,Enterprise,Logistics,
CLI-1449,Mid-Market,Logistics,Net-15
CLI-3446,SMB,Construction,Net-60
CLI-2991,SMB,,Net-60
CLI-3424,Enterprise,IT Services,Net-15
CLI-1086,SMB,Pharma,Net-60
CLI-1063,SMB,Construction,Net-15
CLI-1033,Mid-Market,IT Services,Net-60
CLI-2941,Mid-Market,Manufacturing,Net-30
CLI-1821,Enterprise,Logistics,Net-60
CLI-2123,Enterprise,Pharma,Net-30
CLI-3637,Enterprise,Pharma,Net-15
CLI-1081,Mid-Market,Construction,Net-15
CLI-2389,SMB,Manufacturing,Net-60
CLI-1437,SMB,IT Services,Net-60
CLI-1738,Mid-Market,Construction,Net-15
CLI-2019,Enterprise,FMCG,Net-30
CLI-1621,Enterprise,Manufacturing,
CLI-2418,SMB,Logistics,Net-60
CLI-2869,Enterprise,Manufacturing,
CLI-0823,Enterprise,FMCG,Net-60
CLI-1568,Mid-Market,Retail,Net-60
CLI-0690,Enterprise,Manufacturing,Net-30
CLI-0210,Enterprise,Construction,
CLI-4743,Mid-Market,IT Services,net15
CLI-1113,MID-MARKET,Construction,Net-60
CLI-2606,Mid-Market,Construction,Net-30
CLI-3644,Enterprise,Retail,Net-15
CLI-0797,SMB,IT Services,Net-60
CLI-3348, SMB,Pharma,
CLI-1202,SMB,Pharma,Net-30
CLI-3139,Enterprise,Pharma,Net-15
CLI-3306,Enterprise,Pharma,
CLI-2052,Smb,Textiles,Net-15
CLI-2775,Enterprise,Pharma,Net-60
CLI-2615,Enterprise,IT Services,Net-60
CLI-1943,Enterprise,Retail,Net-15
CLI-1406,Mid-Market,IT Services,Net-30
CLI-4739,Mid-Market,IT Services,net30
CLI-4055,Mid-Market,Textiles,Net-60
CLI-4643,Enterprise,FMCG,Net-30
CLI-1721,SMB,Manufacturing,Net-15
CLI-2255,SMB,Construction,Net-30
CLI-2196,Mid-Market,Construction,Net-15
CLI-3033,SMB,Construction,Net-15
CLI-2083,SMB,Pharma,Net-15
CLI-1665,Mid-Market,Manufacturing,Net-30
CLI-2889,Enterprise,Retail,
CLI-3098,Enterprise,Retail,Net-30
CLI-1737,Enterprise,Logistics,Net-30
CLI-0019,Enterprise,Manufacturing,Net-60
CLI-3883,Enterprise,Textiles,Net-60
CLI-0750,Mid-Market,IT Services,Net-15
CLI-2511,Enterprise,Construction,NET-60
CLI-3670,Enterprise,,Net-60
CLI-4627,SMB,FMCG,Net-15
CLI-2961,SMB,IT Services,Net-15
CLI-4574,Enterprise,Retail,Net-15
CLI-1375,SMB,Textiles,Net-15
CLI-2618,SMB,Textiles,Net-30
CLI-4483,Enterprise,Construction,
CLI-2732,Mid-Market,Textiles,Net-30
CLI-4564,SMB,Textiles,
CLI-2690,SMB,Textiles,Net-15
CLI-0643,Mid-Market,Retail,Net-15
CLI-3576,SMB,Construction,Net-15
CLI-1819,SMB,IT Services,Net-60
CLI-3079,SMB,IT Services,Net-30
CLI-1492,SMB,Construction,net60
CLI-0425,Mid-Market,Manufacturing,NET-60
CLI-1921,Enterprise,Textiles,Net-60
CLI-4257,SMB,FMCG,Net-30
CLI-1094,Enterprise,Logistics,Net-60
CLI-0649,SMB,IT Services,Net-60
CLI-1798,Mid-Market,Pharma,net30
CLI-3850,Mid-Market,Retail,Net-60
CLI-2325,Mid-Market,Retail,Net-60
CLI-2933,Enterprise,Construction,Net-15
CLI-2085,mid-market,Retail,Net-30
CLI-2900,Mid-Market,Construction,Net-30
CLI-4317,SMB,Logistics,Net-30
CLI-0711,SMB,IT Services,Net-30
CLI-0917,Mid-Market,IT Services,Net-30
CLI-1252,SMB,Retail,Net-30
CLI-2819,Mid-Market,FMCG,Net-30
CLI-3178,SMB,,Net-30
CLI-1877,Mid-Market,Manufacturing,Net-15
CLI-3987,SMB,IT Services,Net-15
CLI-2496,SMB,Manufacturing,Net-15
CLI-2601,enterprise,Construction,Net-60
CLI-2495,Mid-Market,Textiles,Net-15
CLI-1616,Enterprise,Manufacturing,Net-30
CLI-4062,Enterprise,IT Services,Net-30
CLI-0744,Mid-Market,Pharma,Net-30
CLI-3547,Enterprise,Manufacturing,Net-15
CLI-1586,Mid-Market,Retail,Net-60
CLI-3639,Mid-Market,IT Services,Net-15
CLI-4315,Enterprise,Pharma,Net-30
CLI-4385,SMB,Manufacturing,Net-60
CLI-4716,SMB,FMCG,Net-30
CLI-2970,SMB,Pharma,Net-60
CLI-1563,Enterprise,Logistics,Net-60
CLI-0110,Mid-Market,Pharma,Net-30
CLI-2173,SMB,Pharma,Net-60
CLI-0919,SMB,FMCG,Net-15
CLI-1972,Mid-Market,Logistics,Net-60
CLI-4765,SMB,FMCG,Net-15
CLI-0367,SMB,Construction,Net-60
CLI-3070,SMB,Manufacturing,Net-30
CLI-4180,SMB,FMCG,Net-15
CLI-0076,Enterprise,Manufacturing,Net-15
CLI-1886,SMB,FMCG,Net-60
CLI-1025,Mid-Market,,net60
CLI-4844,Mid-Market,,Net-15
CLI-0399,Mid-Market,FMCG,Net-30
CLI-1613,Mid-Market,Construction,Net-30
CLI-2956,Mid-Market,Pharma,Net-30
CLI-0011,Enterprise,Textiles,Net-60
CLI-0357,Mid-Market,IT Services,Net-60
CLI-0053,MID-MARKET,Retail,Net-30
CLI-4410,Mid-Market,IT Services,Net-15
CLI-3589,Enterprise,Logistics,Net-60
CLI-0641,Enterprise,Textiles,Net-15
CLI-4469,SMB,IT Services,Net-30
CLI-4280,Enterprise,Manufacturing,Net-30
CLI-4792,Mid-Market,Logistics,Net-60
CLI-0815,Enterprise,Retail,Net-15
CLI-0752,Mid-Market,Manufacturing,Net-15
CLI-4675,Mid-Market,Retail,Net-30
CLI-4638,SMB,IT Services,Net-30
CLI-0001,Smb,IT Services,Net-60
CLI-2154,Enterprise,Manufacturing,30 days
CLI-1262,SMB,Retail,Net-60
CLI-1370,Mid-Market,Textiles,Net-30
CLI-3148,Mid-Market,Retail,
CLI-4544,SMB,Retail,Net-30
CLI-3118,SMB,Retail,Net-30
CLI-2832,Enterprise,Pharma,Net-60
CLI-0385,SMB,,Net-60
CLI-4736,Enterprise,Textiles,Net-60
CLI-0113,SMB,IT Services,Net-30
CLI-1489,Enterprise,Textiles,Net-60
CLI-2942,Mid-Market,Pharma,Net-60
CLI-4671,SMB,FMCG,Net-60
CLI-2008,SMB,Textiles,Net-15
CLI-0054,Mid-Market,Textiles,net15
CLI-0822,SMB,Retail,Net-60
CLI-0787,Enterprise,Textiles,Net-15
CLI-0534,Enterprise,FMCG,Net-60
CLI-2013,Mid-Market,FMCG,
CLI-2650,SMB,Textiles,Net-15
CLI-2977,Mid-Market,Retail,net15
CLI-3656,SMB,Pharma,Net-15
CLI-2230,enterprise,IT Services,Net-15
CLI-4178,Enterprise,Logistics,Net-15
CLI-0097,Enterprise,Manufacturing,Net-30
CLI-4168,Mid-Market,,Net-30
CLI-3185,SMB,Pharma,Net-30
CLI-1418,Mid-Market,IT Services,Net-30
CLI-4137,Enterprise,FMCG,Net-30
CLI-0299,SMB,IT Services,Net-30
CLI-2688,Mid-Market,FMCG,Net-15
CLI-4388,Enterprise,Logistics,Net-60
CLI-0366,Enterprise,Construction,Net-15
CLI-1265,Enterprise,Construction,Net-60
CLI-2462,Mid-Market,IT Services,Net-15
CLI-4953,Enterprise,FMCG,Net-60
CLI-1742,SMB,Construction,Net-60
CLI-3249,enterprise,Construction,Net-30
CLI-1479,SMB,Retail,Net-60
CLI-4625,Mid-Market,Manufacturing,Net-60
CLI-2327,Mid-Market,FMCG,Net-15
CLI-1500,Smb,Logistics,Net-60
CLI-2000,Mid-Market,Pharma,Net-15
CLI-2623,Enterprise,Pharma,Net-30
CLI-2017,SMB,Retail,Net-30
CLI-3879,Mid-Market,FMCG,Net-30
CLI-1752,MID-MARKET,Logistics,Net-15
CLI-2670,Enterprise,Logistics,
CLI-3927,Enterprise,Textiles,Net-15
CLI-2003,Enterprise,Manufacturing,Net-15
CLI-3322,Enterprise,Retail,Net-15
CLI-3507,Mid-Market,Logistics,Net-30
CLI-3220,Mid Market,IT Services,Net-60
CLI-1379,Mid-Market,IT Services,Net-60
CLI-1614,SMB,IT Services,Net-15
CLI-0793,Mid-Market,Construction,Net-30
CLI-1680,Enterprise,Manufacturing,Net-30
CLI-4848,Mid-Market,FMCG,Net-30
CLI-0428,Smb,Manufacturing,Net-15
CLI-0809,SMB,Retail,Net-15
CLI-2351,SMB,Textiles,Net-15
CLI-3037,Enterprise,Pharma,Net-30
CLI-3802,Enterprise,Retail,Net-30
CLI-3984,Enterprise,Construction,Net-30
CLI-0684,SMB,,Net-60
CLI-2995,Enterprise,Logistics,Net-30
CLI-3301,Enterprise,Retail,net60
CLI-3965,SMB,Manufacturing,Net-15
CLI-2263,Enterprise,FMCG,Net-60
CLI-1481,Mid-Market,IT Services,Net-60
CLI-1433,Enterprise,Retail,Net-30
CLI-2374,Mid-Market,Construction,
CLI-3320,Mid-Market,Retail,Net-60
CLI-1683,SMB,Retail,Net-15
CLI-0341,Enterprise,Construction,Net-30
CLI-3225,Mid-Market,IT Services,Net-15
CLI-2167,SMB,Textiles,Net-15
CLI-2513,Mid-Market,Manufacturing,Net-30
CLI-1542,SMB,Textiles,Net-15
CLI-4367,mid-market,Manufacturing,Net-30
CLI-4318,Smb,Pharma,Net-60
CLI-4522,Enterprise,Manufacturing,Net-60
CLI-0078,Mid-Market,FMCG,Net-30
CLI-1941,Mid-Market,Textiles,
CLI-0362,SMB,FMCG,Net-15
CLI-2283,SMB,Retail,Net-30
CLI-3572,Mid-Market,Construction,Net-60
CLI-4228,Mid-Market,Textiles,Net-30
CLI-0742,SMB,Logistics,Net-60
CLI-0120,SMB,IT Services,Net-30
CLI-4791,SMB,Pharma,Net-30
CLI-3145,Mid-Market,FMCG,Net-30
CLI-2880,Smb,Logistics,Net-15
CLI-0631,Mid-Market,Pharma,Net-15
CLI-0402,SMB,Textiles,NET-15
CLI-1440,Mid-Market,Textiles,Net-60
CLI-3214,Enterprise,FMCG,Net-30
CLI-1267,Mid-Market,Construction,Net-30
CLI-2134,SMB,Pharma,Net-15
CLI-0461,Enterprise ,Logistics,Net-15
CLI-0376,Mid-Market,Logistics,Net-15
CLI-2304,Enterprise,Pharma,Net-60
CLI-2369,Enterprise,Logistics,Net-30
CLI-4731,Enterprise ,Construction,Net-30
CLI-2883,Mid-Market,Textiles,Net-60
CLI-1393,SMB,Manufacturing,Net-60
CLI-0843,SMB,IT Services,Net-30
CLI-4148,Mid-Market,Construction,Net-60
CLI-1034,Enterprise,,Net-60
CLI-0829,Enterprise,Logistics,
CLI-0745,Enterprise,Construction,Net-60
CLI-3253,Mid-Market,Manufacturing,Net-15
CLI-0949,SMB,Logistics,NET-30
CLI-2671,SMB,Pharma,Net-15
CLI-2225,Mid Market,Textiles,Net-30
CLI-3031,Mid-Market,Manufacturing,Net-60
CLI-0133,Enterprise,FMCG,Net-30
CLI-3976,MID-MARKET,IT Services,Net-15
CLI-4152,Mid-Market,Construction,
CLI-4804,Enterprise,Retail,Net-30
CLI-3873,SMB,Pharma,Net-30
CLI-0681,Enterprise,Construction,
CLI-2335,Mid-Market,Logistics,Net-15
CLI-3494,SMB,Logistics,
CLI-4775,SMB,Construction,Net-15
CLI-1476,SMB,Construction,NET-30
CLI-4194,Enterprise,FMCG,Net-30
CLI-3830,Mid-Market,Logistics,Net-60
CLI-4256,SMB,Retail,Net-30
CLI-4248,SMB,Logistics,Net-15
CLI-4694,Enterprise,Construction,Net-15
CLI-4577,Enterprise,Textiles,Net-30
CLI-1071,Mid-Market,Textiles,Net-30
CLI-1202,Mid-Market,Manufacturing,Net-60
CLI-4239,Enterprise,Construction,Net-30
CLI-4035,Mid-Market,Logistics,Net-15
CLI-1072,SMB,Textiles,Net-30
CLI-3740,Mid-Market,IT Services,Net-60
CLI-4498,Mid-Market,,Net-15
CLI-3700,SMB,Pharma,Net-15
CLI-4907,SMB,Pharma,Net-60
CLI-4446,Enterprise,Manufacturing,Net-15
CLI-2063,Enterprise,Retail,Net-15
CLI-0871,Mid Market,Retail,Net-60
CLI-2380,Enterprise,Construction,Net-30
CLI-3155,Enterprise,Manufacturing,Net-30
CLI-0521,SMB,FMCG,Net-60
CLI-4373,Mid-Market,Construction,Net-30
CLI-4216,SMB,Textiles,NET-60
CLI-0493,SMB,Manufacturing,Net-15
CLI-4611,Mid-Market,Logistics,Net-15
CLI-2252,SMB,,Net-15
CLI-0664,SMB,Pharma,Net-60
CLI-4305,SMB,Manufacturing,Net-30
CLI-4273,SMB,,Net-30
CLI-3425,SMB,FMCG,NET-30
CLI-2685,SMB,Pharma,Net-30
CLI-3798,Enterprise ,Construction,Net-60
CLI-1648,Enterprise,Manufacturing,Net-30
CLI-1447,smb,Manufacturing,Net-30
CLI-1684,SMB,Logistics,Net-30
CLI-3247,Enterprise,Retail,net60
CLI-1650,SMB,Textiles,Net-60
CLI-3090,SMB,Retail,Net-15
CLI-0074,Enterprise,Manufacturing,Net-60
CLI-1881,SMB,IT Services,Net-30
CLI-1941,SMB,Logistics,Net-30
CLI-3964,Smb,Manufacturing,60 days
CLI-2034,Enterprise,IT Services,Net-60
CLI-3853,Enterprise,,Net-15
CLI-1884,SMB,Logistics,Net-30
CLI-1439,Enterprise,Manufacturing,Net-15
CLI-3019,Enterprise,Textiles,Net-60
CLI-2704,Enterprise,Pharma,Net-15
CLI-4111,Mid-Market,FMCG,Net-30
CLI-0895,Mid-Market,Retail,Net-60
CLI-2152,Enterprise ,Retail,Net-15
CLI-4132,SMB,Construction,Net-60
CLI-2598,Enterprise,Logistics,60 days
CLI-0847,Enterprise,FMCG,Net-60
CLI-1846,SMB,IT Services,
CLI-1188,SMB,Construction,net15
CLI-4314,Mid-Market,,Net-30
CLI-1799,mid-market,Pharma,Net-15
CLI-0168,Mid-Market,Retail,Net-60
CLI-3599,SMB,Logistics,Net-30
CLI-3871,Mid-Market,Logistics,Net-60
CLI-1317,Enterprise ,Construction,Net-30
CLI-3291,Enterprise,FMCG,Net-30
CLI-0939,Mid-Market,Textiles,Net-30
CLI-3323,SMB,Textiles,Net-15
CLI-3689,SMB,IT Services,Net-15
CLI-4002,SMB,Manufacturing,Net-15
CLI-0482,Mid-Market,Manufacturing,Net-30
CLI-0879,Enterprise,Logistics,Net-30
CLI-3814,Enterprise,Logistics,Net-15
CLI-3784,Enterprise,Manufacturing,
CLI-2390,SMB,IT Services,Net-60
CLI-1182,Mid-Market,FMCG,
CLI-2906,SMB,Logistics,Net-60
CLI-3621,Enterprise,Logistics,Net-15
CLI-2859,Enterprise,Textiles,Net-15
CLI-0900,Mid-Market,Pharma,Net-30
CLI-1791,Mid-Market,Retail,Net-60
CLI-4823,SMB,FMCG,net15
CLI-0891,SMB,Construction,Net-15
CLI-1046,Mid-Market,FMCG,Net-60
CLI-2487,Mid-Market,Construction,Net-15
CLI-2045,Mid-Market,Manufacturing,Net-60
CLI-0629,Mid-Market,Textiles,Net-60
CLI-3020,Enterprise,Textiles,Net-60
CLI-3440,SMB,Logistics,Net-15
CLI-4123,SMB,FMCG,Net-15
CLI-0474,SMB,Logistics,Net-60
CLI-3442,mid-market,FMCG,30 days
CLI-3582,Mid-Market,Textiles,Net-15
CLI-1653,Mid-Market,Manufacturing,Net-60
CLI-2097,Smb,Logistics,Net-15
CLI-1951,Enterprise,Logistics,Net-60
CLI-4218,Enterprise,IT Services,Net-60
CLI-2075,Mid-Market,Construction,Net-30
CLI-4805,Enterprise,Logistics,Net-15
CLI-2174,Enterprise,Logistics,Net-60
CLI-4593,Enterprise,FMCG,Net-15
CLI-3819,Mid-Market,FMCG,Net-30
CLI-3516,Mid-Market,IT Services,Net-15
CLI-2260,Mid-Market,Textiles,Net-30
CLI-1458,SMB,FMCG,Net-30
CLI-4486,Enterprise,Logistics,Net-30
CLI-1493,Mid-Market,Textiles,Net-15
CLI-4688,SMB,Construction,Net-60
CLI-2637,Mid-Market,IT Services,Net-15
CLI-2457,MID-MARKET,IT Services,Net-30
CLI-1236,Enterprise,Pharma,Net-60
CLI-1207,SMB,Retail,Net-60
CLI-3013,Mid-Market,Textiles,Net-15
CLI-3295,Mid-Market,Retail,Net-30
CLI-3072,SMB,,
CLI-3618,smb,,Net-15
CLI-4540,Mid-Market,Textiles,Net-30
CLI-2746,Enterprise,Manufacturing,Net-30
CLI-0378,Mid-Market,IT Services,Net-60
CLI-0117,Mid-Market,FMCG,Net-15
CLI-1915,Mid-Market,Pharma,Net-60
CLI-2521,Enterprise,Textiles,NET-30
CLI-3008,SMB,Pharma,Net-60
CLI-2549,SMB,Manufacturing,Net-30
CLI-0675,SMB,Textiles,Net-15
CLI-4787,SMB,FMCG,Net-60
CLI-3096,SMB,Retail,Net-60
CLI-1134,SMB,IT Services,Net-15
CLI-0996,Mid-Market,Manufacturing,Net-30
CLI-3938,SMB,Retail,Net-30
CLI-0929,Enterprise,Retail,Net-60
CLI-4261,SMB,Manufacturing,
CLI-3053,Enterprise,FMCG,Net-60
CLI-3483,Enterprise,Textiles,Net-30
CLI-4205,SMB,Retail,Net-60
CLI-2509,Enterprise,Retail,Net-60
CLI-2438,SMB,IT Services,Net-60
CLI-0284,SMB,Textiles,NET-60
CLI-4800,Enterprise,FMCG,Net-60
CLI-0839,SMB,Textiles,Net-60
CLI-4684,SMB,FMCG,Net-30
CLI-1278,Mid-Market,Textiles,Net-15
CLI-3558,SMB,FMCG,Net-15
CLI-3024,Mid-Market,Retail,Net-30
CLI-1253,SMB,Construction,Net-60
CLI-1565,Mid-Market,Pharma,Net-15
CLI-4528,SMB,Textiles,Net-60
CLI-3186,Mid-Market,Construction,net15
CLI-4170,Mid-Market,IT Services,15 days
CLI-3363,SMB,IT Services,Net-30
CLI-1173,SMB,Construction,net30
CLI-1137,Mid-Market,FMCG,Net-30
CLI-0335,Mid-Market,Manufacturing,Net-60
CLI-1588,Enterprise,Textiles,
CLI-0063,ENTERPRISE,Retail,
CLI-4875,Enterprise,Manufacturing,Net-15
CLI-3722,SMB,Logistics,Net-15
CLI-0016,Mid-Market,Retail,Net-15
CLI-0901,SMB,FMCG,Net-60
CLI-1079,Mid-Market,,Net-30
CLI-4608,SMB,Textiles,Net-15
CLI-0337,Enterprise,Textiles,Net-60
CLI-4070,SMB,Logistics,Net-15
CLI-1970,Enterprise,Manufacturing,Net-15
CLI-0142,Mid-Market,IT Services,Net-15
CLI-3839, SMB,Pharma,Net-60
CLI-4952,SMB,Pharma,Net-60
CLI-0391,Mid-Market,Manufacturing,Net-15
CLI-4021,Mid-Market,Manufacturing,Net-30
CLI-3678,Mid-Market,,Net-30
CLI-0559,Enterprise,Retail,Net-30
CLI-2857,Mid-Market,Logistics,Net-30
CLI-0421,Mid-Market,Logistics,Net-60
CLI-4066,SMB,Manufacturing,Net-60
CLI-4582,Enterprise,Construction,Net-60
CLI-2866,Enterprise,Logistics,Net-15
CLI-2276,Enterprise,Retail,Net-15
CLI-3554,Enterprise,Construction,15 days
CLI-0882,SMB,Retail,Net-60
CLI-4576,SMB,Textiles,
CLI-3184,SMB,Retail,Net-30
CLI-1284,SMB,FMCG,Net-15
CLI-1936,Mid-Market,Retail,Net-30
CLI-2867,Enterprise ,Logistics,Net-30
CLI-4534,SMB,Retail,Net-15
CLI-0530,Enterprise,Retail,net30
CLI-4909,Mid-Market,Logistics,Net-30
CLI-3999,SMB,Retail,Net-30
CLI-4245,Mid-Market,Manufacturing,Net-60
CLI-2882,Enterprise,Pharma,Net-60
CLI-4914,Mid-Market,Textiles,Net-15
CLI-3097,Mid-Market,Textiles,Net-15
CLI-3354,Enterprise,Logistics,Net-30
CLI-3776,SMB,IT Services,Net-60
CLI-4558,SMB,Pharma,Net-60
CLI-3266,ENTERPRISE,Construction,Net-60
CLI-4703,SMB,Manufacturing,60 days
CLI-1552,Mid-Market,Textiles,Net-15
CLI-1556,SMB,FMCG,Net-30
CLI-4881,Enterprise,Pharma,Net-15
CLI-1937,Mid-Market,Manufacturing,Net-30
CLI-4354,enterprise,FMCG,Net-30
CLI-3335,SMB,FMCG,Net-15
CLI-4709,SMB,IT Services,Net-60
CLI-3606,Enterprise,Retail,Net-60
CLI-0651,Enterprise,FMCG,Net-30
CLI-1933,Mid-Market,Pharma,Net-60
CLI-4333,Mid-Market,IT Services,Net-60
CLI-3488,Mid-Market,Retail,
CLI-2160,Mid-Market,IT Services,Net-15
CLI-2270,Mid-Market,Logistics,Net-15
CLI-4944,SMB,,Net-15
CLI-3195,Enterprise,IT Services,Net-15
CLI-1378,Enterprise ,Logistics,Net-15
CLI-1032,SMB,Construction,Net-15
CLI-1023,Enterprise,Construction,30 days
CLI-3989,Enterprise,IT Services,NET-30
CLI-1357,Enterprise,Pharma,Net-30
CLI-0104,Mid-Market,Manufacturing,Net-30
CLI-2268,SMB,Retail,Net-60
CLI-3367,Mid-Market,Retail,Net-30
CLI-4222,Enterprise,Manufacturing,Net-30
CLI-2157,Enterprise,Pharma,Net-60
CLI-1909,Mid-Market,Manufacturing,Net-60
CLI-0277,Mid-Market,Manufacturing,Net-30
CLI-0479,enterprise,Logistics,Net-30
CLI-1340,SMB,IT Services,Net-60
CLI-0830,Enterprise,,Net-60
CLI-1319,Mid-Market,IT Services,Net-30
CLI-4689,Enterprise,FMCG,Net-15
CLI-0526,SMB,FMCG,Net-15
CLI-4507,Mid-Market,FMCG,Net-30
CLI-3775,SMB,FMCG,Net-60
CLI-1274,SMB,Manufacturing,Net-15
CLI-1289,Mid-Market,Pharma,net15
CLI-3981,Mid-Market,Pharma,Net-60
CLI-4699,Enterprise,Manufacturing,Net-30
CLI-2024,SMB,Textiles,Net-15
CLI-0801,Mid-Market,Textiles,Net-15
CLI-0589,SMB,Construction,Net-60
CLI-2184,Mid-Market,Textiles,Net-60
CLI-2881,Mid-Market,IT Services,Net-60
CLI-4173,Mid-Market,Pharma,Net-30
CLI-1231,Mid-Market,Manufacturing,Net-15
CLI-2742,Mid-Market,Textiles,Net-60
CLI-1709,Mid-Market,Manufacturing,net60
CLI-4139,Mid-Market,Logistics,Net-60
CLI-1421,mid-market,Logistics,Net-15
CLI-1157,SMB,FMCG,net60
CLI-1850,Mid-Market,Pharma,Net-30
CLI-1940,SMB,Textiles,Net-30
CLI-3617,Enterprise,Pharma,Net-30
CLI-1482,Enterprise,Logistics,Net-60
CLI-3018,smb,Textiles,Net-15
CLI-3057,SMB,Retail,Net-15
CLI-4390,Mid-Market,Pharma,Net-15
CLI-2526,SMB,Textiles,Net-15
CLI-3528,SMB,Logistics,Net-15
CLI-1428,Mid-Market,Retail,Net-60
CLI-3246,ENTERPRISE,Logistics,Net-30
CLI-1673,Mid-Market,Retail,Net-60
CLI-0667,SMB,FMCG,Net-60
CLI-1273,Enterprise,Pharma,Net-15
CLI-4517,SMB,Pharma,Net-30
CLI-1569,Enterprise,Pharma,Net-30
CLI-4817,Enterprise,Retail,Net-30
CLI-3447,SMB,IT Services,Net-30
CLI-4249,SMB,Retail,Net-60
CLI-4243,Enterprise,Logistics,Net-60
CLI-2676,Mid-Market,Logistics,Net-15
CLI-2835,Mid-Market,Construction,Net-30
CLI-3699,Enterprise,Retail,Net-15
CLI-4750,SMB,FMCG,Net-15
CLI-2118, SMB,,Net-30
CLI-2792,Enterprise,IT Services,Net-15
CLI-2318,Mid-Market,Retail,Net-60
CLI-2551,mid-market,Pharma,Net-30
CLI-2016,Enterprise,FMCG,Net-30
CLI-4100,Enterprise,IT Services,
CLI-3251,Enterprise,FMCG,Net-15
CLI-0935,Enterprise,FMCG,Net-15
CLI-0604,Mid-Market,FMCG,Net-60
CLI-2175,Mid-Market,Retail,Net-60
CLI-3345,SMB,Pharma,Net-60
CLI-0471,Enterprise,Construction,Net-15
CLI-4183,MID-MARKET,Retail,
CLI-3930,Mid-Market,Construction,Net-60
CLI-0614,Mid-Market,Textiles,Net-60
CLI-1245,Mid-Market,Construction,Net-60
CLI-0620,Enterprise,Retail,Net-30
CLI-4274,Enterprise,Textiles,Net-30
CLI-4456,Smb,Textiles,Net-15
CLI-4020,Enterprise,IT Services,Net-15
CLI-4553,SMB,Retail,Net-30
CLI-2602,ENTERPRISE,Pharma,Net-30
CLI-3685,Mid-Market,Manufacturing,Net-60
CLI-0807,Mid-Market,Pharma,Net-30
CLI-3171,Enterprise,Manufacturing,Net-15
CLI-3221,Enterprise ,Pharma,Net-60
CLI-4077,Mid-Market,Textiles,Net-60
CLI-4894,Enterprise,FMCG,Net-30
CLI-2205,Enterprise,Construction,30 days
CLI-3064,Enterprise,Textiles,
CLI-1152,SMB,Textiles,Net-15
CLI-4169,SMB,Retail,Net-30
CLI-2625,Enterprise,Textiles,Net-15
CLI-1136,Enterprise,Manufacturing,Net-30
CLI-0447,Mid-Market,Logistics,Net-30
CLI-0927,SMB,Manufacturing,Net-30
CLI-4889,Enterprise,IT Services,Net-60
CLI-1110,SMB,Textiles,Net-30
CLI-2371,Mid-Market,Construction,Net-60
CLI-0602,Enterprise,FMCG,Net-15
CLI-0349,Enterprise,Textiles,Net-15
CLI-2477,SMB,Construction,Net-15
CLI-0028,SMB,Pharma,Net-60
CLI-0507,Mid-Market,FMCG,Net-15
CLI-0520,SMB,Logistics,Net-60
CLI-3581,Enterprise,FMCG,Net-60
CLI-0993,Mid-Market,FMCG,Net-30
CLI-0612,SMB,Manufacturing,Net-15
CLI-2720,Enterprise,Textiles,Net-60
CLI-4693,mid-market,Construction,Net-60
CLI-0942,Enterprise,Textiles,Net-15
CLI-2555,Enterprise,FMCG,Net-60
CLI-2510,Mid-Market,Textiles,Net-30
CLI-4650,SMB,FMCG,Net-60
CLI-2534,Mid-Market,Retail,Net-30
CLI-3793,Mid-Market,Retail,Net-30
CLI-1522,Enterprise,Manufacturing,Net-15
CLI-1827,SMB,Construction,Net-30
CLI-3934,Mid-Market,Logistics,Net-30
CLI-0488,SMB,Construction,net30
CLI-0772,Enterprise,Pharma,Net-60
CLI-3433,SMB,FMCG,Net-15
CLI-0816,Mid-Market,Logistics,Net-30
CLI-4980,Mid-Market,Manufacturing,
CLI-4630,Mid-Market,Pharma,Net-60
CLI-3805,Enterprise,Logistics,Net-30
CLI-3800,Enterprise,FMCG,Net-60
CLI-0034,Mid-Market,Construction,Net-15
CLI-0616,SMB,Retail,Net-60
CLI-1391,Mid-Market,Manufacturing,Net-15
CLI-3204,Enterprise,Pharma,Net-15
CLI-3796,Mid-Market,Pharma,Net-15
CLI-0443,Enterprise,IT Services,Net-30
CLI-4200,Mid-Market,Retail,Net-15
CLI-1854,Enterprise,Retail,Net-15
CLI-0257,SMB,Textiles,NET-60
CLI-2968,Enterprise,Manufacturing,Net-60
CLI-3594,Mid-Market,IT Services,Net-60
CLI-1266,SMB,Textiles,Net-60
CLI-2537,Enterprise,FMCG,Net-60
CLI-2141,Mid-Market,FMCG,NET-30
CLI-4711,Mid-Market,Pharma,Net-15
CLI-3292,Mid-Market,Retail,Net-30
CLI-3344,SMB,Pharma,Net-60
CLI-4763,Enterprise,Retail,Net-60
CLI-4521,Mid-Market,Logistics,Net-15
CLI-1400,SMB,Textiles,Net-30
CLI-4766,ENTERPRISE,Textiles,Net-30
CLI-4017,Enterprise,FMCG,Net-60
CLI-0832,Enterprise,IT Services,30 days
CLI-0735,Enterprise,Logistics,Net-30
CLI-3415,SMB,Logistics,Net-30
CLI-0607,Enterprise,Logistics,Net-60
CLI-1321,SMB,Pharma,Net-30
CLI-4833,Enterprise,Manufacturing,Net-30
CLI-0356,Mid-Market,Textiles,Net-15
CLI-3743,SMB,Manufacturing,Net-30
CLI-0542,Mid-Market,Manufacturing,Net-60
CLI-3867,Enterprise,Construction,NET-60
CLI-4902,Enterprise,Logistics,Net-30
CLI-0258,Enterprise,Logistics,
CLI-0648,Enterprise,Pharma,Net-60
CLI-2962,SMB,Retail,Net-15
CLI-3242,SMB,Textiles,Net-60
CLI-2801,Mid-Market,FMCG,Net-60
CLI-4488,SMB,IT Services,Net-15
CLI-2039,SMB,Textiles,Net-30
CLI-4149,SMB,Pharma,Net-60
CLI-1551,Mid-Market,Textiles,NET-30
CLI-3769,Enterprise,Retail,Net-15
CLI-4470,SMB,Textiles,Net-30
CLI-0512,mid-market,,15 days
CLI-0189,Enterprise,IT Services,Net-15
CLI-1805,Enterprise,Construction,Net-60
CLI-3210,Mid-Market,Textiles,Net-60
CLI-1692,Enterprise,Construction,Net-30
CLI-4462,SMB,,Net-15
CLI-2586,SMB,Manufacturing,Net-30
CLI-2436,Mid-Market,Textiles,Net-15
CLI-2247,Mid-Market,Logistics,Net-15
CLI-1639,Enterprise,Retail,Net-15
CLI-1107,Mid-Market,FMCG,Net-60
CLI-0523,Mid Market,FMCG,Net-15
CLI-4682,Mid-Market,FMCG,Net-15
CLI-2445,Enterprise,Construction,Net-30
CLI-1264,Enterprise,Textiles,Net-15
CLI-4338,mid-market,Manufacturing,Net-30
CLI-0033,Enterprise,Textiles,Net-15
CLI-3970,Enterprise,FMCG,Net-30
CLI-1635,Enterprise,,Net-30
CLI-2213,Mid-Market,IT Services,Net-15
CLI-0562,SMB,Textiles,Net-15
CLI-4353,Mid-Market,Logistics,15 days
CLI-1599,Mid-Market,FMCG,Net-60
CLI-4499,Enterprise,Textiles,Net-15
CLI-0348,SMB,Construction,Net-60
CLI-1590,SMB,Manufacturing,Net-15
CLI-4854,Enterprise,Manufacturing,Net-60
CLI-4956,ENTERPRISE,Logistics,
CLI-3888,SMB,Retail,Net-15
CLI-4290,Enterprise,Retail,Net-60
CLI-4733,Mid-Market,Textiles,Net-15
CLI-0552,Mid-Market,FMCG,Net-15
CLI-0059,SMB,Pharma,Net-60
CLI-2386,SMB,Retail,Net-60
CLI-1312,Enterprise,IT Services,Net-60
CLI-3262,Mid-Market,Construction,Net-30
CLI-1538,Enterprise,IT Services,
CLI-2918,SMB,Construction,Net-15
CLI-4888,SMB,Pharma,Net-15
CLI-1203,Mid-Market,Retail,Net-15
CLI-1923,Enterprise,IT Services,Net-60
CLI-2335,Enterprise,IT Services,Net-30
CLI-1642,Enterprise,Manufacturing,Net-60
CLI-3498,SMB,Manufacturing,Net-30
CLI-2106,Mid-Market,Retail,Net-30
CLI-0570,Mid-Market,FMCG,Net-60
CLI-4773,Mid-Market,FMCG,Net-15
CLI-1171,SMB,Logistics,Net-30
CLI-1601,Enterprise,Textiles,Net-60
CLI-3759,SMB,Retail,Net-60
CLI-0184,SMB,IT Services,Net-15
CLI-0800,Enterprise,IT Services,
CLI-3690,Enterprise,,Net-60
CLI-3898,Enterprise,FMCG,Net-15
CLI-0351, SMB,FMCG,Net-60
CLI-4636,SMB,Construction,Net-30
CLI-3561,Mid-Market,Logistics,Net-30
CLI-1664,Enterprise,Logistics,Net-30
CLI-2981,SMB,Retail,Net-15
CLI-1179,Mid-Market,Textiles,Net-60
CLI-2186,Enterprise,Retail,
CLI-2569,ENTERPRISE,Retail,Net-30
CLI-2763,Enterprise,Logistics,Net-15
CLI-0781,SMB,Textiles,Net-60
CLI-1296,SMB,,Net-30
CLI-4329,SMB,Pharma,Net-60
CLI-4587,Mid-Market,Manufacturing,
CLI-1815,SMB,FMCG,Net-15
CLI-2665,Enterprise,IT Services,Net-30
CLI-1861,Enterprise,FMCG,Net-60
CLI-1471,Enterprise,IT Services,Net-30
CLI-4961,Mid-Market,Construction,Net-30
CLI-1190,Enterprise,Construction,Net-15
CLI-0066,SMB,IT Services,Net-15
CLI-2695,Mid-Market,IT Services,Net-15
CLI-2535,MID-MARKET,Retail,Net-15
CLI-2725,Mid-Market,Textiles,15 days
CLI-0587,Mid-Market,Pharma,Net-30
CLI-1250,SMB,Textiles,Net-60
CLI-0321,Mid-Market,Pharma,Net-60
CLI-1124,Mid-Market,Logistics,Net-15
CLI-3383,SMB,Pharma,NET-30
CLI-4745,Mid-Market,Logistics,Net-30
CLI-4247,Mid-Market,Construction,Net-30
CLI-1996,Enterprise,Textiles,Net-30
CLI-3401,Mid-Market,Construction,Net-30
CLI-2679,enterprise,IT Services,Net-15
CLI-4484,Enterprise,Pharma,Net-60
CLI-1427,Mid-Market,Manufacturing,Net-30
CLI-2238,Mid Market,Retail,Net-15
CLI-4744,Enterprise,IT Services,
CLI-2533,Mid-Market,FMCG,Net-60
CLI-0064,SMB,IT Services,Net-30
CLI-0903,Enterprise,,Net-15
CLI-3757,Enterprise,FMCG,Net-60
CLI-4829,Mid-Market,Manufacturing,Net-30
CLI-1771,Enterprise,Pharma,Net-60
CLI-1632,Enterprise,Construction,Net-30
CLI-4870,Enterprise,Retail,Net-30
CLI-1075,Mid-Market,Construction,Net-15
CLI-1871,Enterprise,Pharma,Net-15
CLI-3880,Enterprise,IT Services,Net-60
CLI-3916,Mid-Market,Logistics,Net-30
CLI-1696,SMB,FMCG,Net-15
CLI-0143,SMB,Retail,Net-30
CLI-3215,Mid-Market,Pharma,Net-30
CLI-1362,Enterprise,Manufacturing,Net-15
CLI-2786,Mid-Market,Textiles,Net-15
CLI-4691,Enterprise,Textiles,Net-30
CLI-3261,Mid-Market,FMCG,Net-15
CLI-4193,Mid-Market,Pharma,Net-30
CLI-3439,Enterprise,Textiles,Net-60
CLI-4930,Enterprise,,Net-30
CLI-3625,Mid-Market,Pharma,Net-30
CLI-4407,Enterprise,Textiles,Net-15
CLI-1080,Enterprise,FMCG,Net-60
CLI-3907,Mid-Market,Construction,Net-60
CLI-0695,SMB,Manufacturing,Net-60
CLI-1741,Mid-Market,Logistics,Net-30
CLI-4048,Enterprise,Logistics,Net-60
CLI-0968,Mid-Market,IT Services,Net-60
CLI-2261,Mid-Market,Textiles,Net-30
CLI-0157,SMB,Retail,Net-15
CLI-1052,SMB,Textiles,Net-60
CLI-3365,Mid-Market,Textiles,Net-30
CLI-2047,Mid-Market,Pharma,NET-15
CLI-2504,SMB,FMCG,Net-30
CLI-2834,SMB,Retail,Net-30
CLI-0309,SMB,FMCG,Net-60
CLI-2874,Mid-Market,FMCG,Net-30
CLI-4203,Enterprise,IT Services,Net-30
CLI-0175,SMB,FMCG,Net-15
CLI-1668,SMB,Textiles,Net-15
CLI-3153,SMB,Manufacturing,NET-30
CLI-4871,enterprise,,Net-15
CLI-0055,Smb,Retail,Net-15
CLI-2281,SMB,Retail,Net-60
CLI-2823,SMB,Manufacturing,net15
CLI-3628,SMB,Construction,Net-30
CLI-1123,Mid-Market,Textiles,Net-30
CLI-4452,Enterprise,Pharma,Net-15
CLI-3329,SMB,Construction,Net-60
CLI-2126,SMB,Retail,Net-30
CLI-0025,Mid-Market,IT Services,15 days
CLI-1730,SMB,Manufacturing,Net-30
CLI-3584,Enterprise,Pharma,Net-30
CLI-0201,Enterprise,IT Services,Net-30
CLI-4819,Enterprise,Logistics,Net-15
CLI-4416,Enterprise,Construction,Net-30
CLI-3642,Mid-Market,Logistics,Net-30
CLI-3946,SMB,Textiles,Net-30
CLI-1409,SMB,Manufacturing,Net-60
CLI-0127,SMB,Pharma,Net-30
CLI-1472,Mid-Market,Retail,Net-60
CLI-4585,Mid-Market,Construction,Net-60
CLI-0199,SMB,Manufacturing,Net-60
CLI-3801,SMB,IT Services,Net-15
CLI-1658,Mid-Market,Manufacturing,Net-60
CLI-2856,SMB,Retail,Net-15
CLI-4560,SMB,FMCG,net30
CLI-2594,Enterprise,FMCG,Net-60
CLI-1585,Enterprise,Construction,Net-30
CLI-2884,Enterprise,Retail,Net-60
CLI-2387,Mid-Market,FMCG,Net-30
CLI-0083,Enterprise,Retail,Net-15
CLI-0432,SMB,Pharma,Net-15
CLI-2480,SMB,Construction,Net-60
CLI-2872,Enterprise,,NET-15
CLI-4986,Enterprise,Textiles,Net-15
CLI-2817,SMB,,Net-15
CLI-2696,Mid-Market,FMCG,Net-30
CLI-2274,mid-market,Retail,Net-15
CLI-1764,SMB,Logistics,Net-30
CLI-2458,SMB,Logistics,Net-60
CLI-1397,Enterprise,Manufacturing,Net-15
CLI-4992, SMB,Pharma,Net-30
CLI-1166,SMB,Retail,Net-60
CLI-0472,Enterprise,Textiles,Net-30
CLI-4524,Mid-Market,Manufacturing,Net-60
CLI-0618,enterprise,Logistics,Net-30
CLI-1758,Mid-Market,Pharma,Net-60
CLI-3137, SMB,Retail,Net-60
CLI-0556,Mid-Market,IT Services,Net-15
CLI-2952, SMB,Logistics,Net-60
CLI-4609,Mid-Market,FMCG,Net-30
CLI-2029,SMB,Manufacturing,Net-60
CLI-2081,Mid Market,Logistics,Net-30
CLI-3054,Enterprise,Retail,Net-15
CLI-4051,Mid-Market,Manufacturing,Net-15
CLI-1463,SMB,Manufacturing,
CLI-4224,Mid-Market,IT Services,Net-30
CLI-0746,Mid-Market,Textiles,Net-15
CLI-4692,Enterprise,Logistics,Net-60
CLI-0802,SMB,Construction,Net-15
CLI-3290,Mid-Market,Retail,Net-60
CLI-2494,SMB,FMCG,Net-60
CLI-2518,enterprise,Logistics,Net-30
CLI-4344,Smb,Construction,Net-15
CLI-0943,SMB,Textiles,Net-60
CLI-2643,SMB,Logistics,Net-60
CLI-2911,Enterprise,Construction,Net-30
CLI-2737,Mid-Market,Retail,Net-30
CLI-0540,Smb,Manufacturing,Net-15
CLI-2990,SMB,Manufacturing,Net-60
CLI-2733,SMB,Logistics,Net-15
CLI-0498,Enterprise,,Net-60
CLI-3326,Enterprise,IT Services,Net-60
CLI-2221,Enterprise,Construction,Net-60
CLI-0260,Mid-Market,Manufacturing,Net-60
CLI-2635,SMB,IT Services,Net-15
CLI-4433,Enterprise,Manufacturing,Net-30
CLI-1768,Enterprise,IT Services,Net-15
CLI-2271,Enterprise,Manufacturing,Net-30
CLI-0483,Enterprise,Textiles,Net-60
CLI-0452,SMB,Manufacturing,Net-30
CLI-0689,Enterprise,Construction,net30
CLI-0383,SMB,IT Services,30 days
CLI-2760,SMB,Retail,60 days
CLI-3687,SMB,,Net-60
CLI-1303,SMB,Logistics,Net-30
CLI-1759,Enterprise,Textiles,Net-60
CLI-0301,SMB,IT Services,
CLI-1518,SMB,FMCG,Net-15
CLI-2425,Mid-Market,Textiles,Net-30
CLI-1591,Mid-Market,FMCG,Net-15
CLI-0244,Enterprise,Construction,Net-30
CLI-0941,Enterprise,Construction,Net-15
CLI-4293,Enterprise,IT Services,Net-15
CLI-0135,Enterprise,Textiles,Net-15
CLI-4714,SMB,Construction,Net-15
CLI-0538,Enterprise,Manufacturing,Net-30
CLI-3034,SMB,Retail,Net-30
CLI-4822,SMB,Logistics,Net-15
CLI-0743,SMB,Pharma,Net-15
CLI-2829,Mid-Market,IT Services,Net-60
CLI-0280,Enterprise,FMCG,NET-60
CLI-0436,Mid-Market,Manufacturing,NET-30
CLI-3903,Mid-Market,FMCG,
CLI-1592,SMB,Textiles,Net-60
CLI-3845,Mid-Market,FMCG,Net-30
CLI-4036,Smb,,Net-30
CLI-3768,Mid-Market,FMCG,Net-60
CLI-1839,SMB,,Net-30
CLI-2935,smb,FMCG,Net-30
CLI-0633,Mid Market,Construction,Net-30
CLI-4455,Mid-Market,Manufacturing,Net-60
CLI-1429,Mid-Market,Construction,Net-15
CLI-2277,Enterprise,Construction,Net-15
CLI-2139,Mid-Market,Manufacturing,Net-60
CLI-3499,Enterprise,Manufacturing,Net-60
CLI-2032,Enterprise,Construction,
CLI-3659,Enterprise,Pharma,Net-15
CLI-4886,Enterprise,Retail,Net-30
CLI-2770,Mid-Market,Manufacturing,Net-60
CLI-1958,Enterprise,Retail,Net-60
CLI-0874,Enterprise,Manufacturing,Net-30
CLI-4869,Mid-Market,Construction,30 days
CLI-4135,SMB,Retail,Net-60
CLI-0170,Mid-Market,Pharma,Net-30
CLI-4796,Mid-Market,Logistics,Net-60
CLI-3161,SMB,Pharma,Net-60
CLI-2305,Enterprise,FMCG,
CLI-0173,Mid-Market,Construction,Net-60
CLI-4274,SMB,Textiles,Net-15
CLI-0669,SMB,IT Services,Net-60
CLI-1446,Enterprise,IT Services,Net-30
CLI-2362,SMB,FMCG,Net-30
CLI-3497,SMB,Logistics,Net-60
CLI-0798,Mid-Market,Logistics,Net-60
CLI-4360,Enterprise,FMCG,net60
CLI-0305,Mid-Market,Pharma,Net-60
CLI-4585,Enterprise,Manufacturing,Net-15
CLI-3838,Enterprise,Logistics,Net-15
CLI-0902,SMB,Construction,Net-15
CLI-2421,Mid-Market,IT Services,Net-30
CLI-4508,Mid-Market,Textiles,Net-30
CLI-4862,Enterprise,Logistics,Net-60
CLI-1731,SMB,Textiles,Net-15
CLI-2459,Mid-Market,FMCG,Net-15
CLI-4589,SMB,FMCG,Net-60
CLI-3303,SMB,Manufacturing,Net-60
CLI-4197,Mid-Market,Logistics,Net-60
CLI-0005,Enterprise,Construction,Net-15
CLI-1498,SMB,Retail,Net-30
CLI-2931,Enterprise,IT Services,Net-15
CLI-2288,Enterprise,Textiles,Net-60
CLI-3077,Mid-Market,Logistics,
CLI-0668,SMB,Logistics,Net-30
CLI-3479,Enterprise,Construction,Net-60
CLI-3571,Enterprise,Logistics,Net-30
CLI-1497,Mid-Market,FMCG,Net-15
CLI-0605,Mid-Market,Construction,Net-15
CLI-2500,Enterprise,Retail,Net-60
CLI-1275,Mid-Market,Pharma,Net-30
CLI-4570,Enterprise,FMCG,Net-15
CLI-0047,enterprise,Pharma,Net-30
CLI-2197,Enterprise ,Logistics,Net-30
CLI-0032,Mid-Market,Retail,Net-60
CLI-1979,Enterprise,Construction,
CLI-0315,SMB,Manufacturing,Net-30
CLI-3893,Enterprise,FMCG,Net-30
CLI-2705,Mid-Market,Retail,Net-60
CLI-1774,Mid-Market,Pharma,Net-60
CLI-2055,Enterprise,Pharma,Net-15
CLI-0334,Mid-Market,Construction,Net-15
CLI-1795,Mid-Market,FMCG,Net-60
CLI-2181,SMB,Pharma,Net-60
CLI-1687,Enterprise,FMCG,
CLI-2361,Enterprise,IT Services,Net-30
CLI-3752,Enterprise,Textiles,60 days
CLI-2430,Smb,Textiles,Net-60
CLI-4370,SMB,IT Services,Net-15
CLI-2752,Enterprise,Retail,Net-30
CLI-1586,Enterprise,Retail,Net-60
CLI-2358,Enterprise,IT Services,Net-60
CLI-4600,Mid-Market,Textiles,
CLI-1377,Mid-Market,Pharma,Net-15
CLI-1460,SMB,Logistics,Net-15
CLI-0149,SMB,Construction,Net-15
CLI-1531,Enterprise ,IT Services,Net-60
CLI-2966,Mid-Market,Textiles,Net-15
CLI-3213,SMB,Retail,
CLI-2562,SMB,IT Services,Net-30
CLI-1644,Mid-Market,IT Services,Net-15
CLI-3096,SMB,Retail,Net-15
CLI-3816,Enterprise,Textiles,Net-60
CLI-2370,enterprise,Construction,Net-60
CLI-3157,Mid-Market,,Net-60
CLI-3424,Enterprise,Logistics,Net-60
CLI-2489,Mid-Market,FMCG,Net-30
CLI-1210,SMB,Logistics,Net-60
CLI-2449,Mid-Market,Pharma,Net-15
CLI-0372,Enterprise,IT Services,Net-15
CLI-2680,Mid-Market,Manufacturing,Net-60
CLI-4535,Mid-Market,Textiles,Net-30
CLI-1577,Mid-Market,Construction,Net-15
CLI-0225,SMB,Pharma,Net-30
CLI-2290,Mid-Market,FMCG,Net-60
CLI-4821,Enterprise,FMCG,NET-30
CLI-0380,Mid-Market,FMCG,Net-60
CLI-0450,Mid-Market,Pharma,Net-15
CLI-3699,Enterprise,FMCG,Net-30
CLI-4835,Mid-Market,Construction,Net-30
CLI-1450,Mid-Market,Pharma,Net-30
CLI-1206,SMB,Logistics,Net-30
CLI-4552,SMB,IT Services,Net-15
CLI-0281,Mid-Market,Retail,Net-60
CLI-4269,SMB,,15 days
CLI-0958,SMB,IT Services,Net-60
CLI-4954,Mid-Market,Pharma,Net-15
CLI-2125,mid-market,Textiles,Net-30
CLI-3236,Enterprise,Pharma,Net-60
CLI-0791,SMB,Pharma,Net-60
CLI-1974,Mid-Market,Construction,
CLI-3218,Mid-Market,Construction,Net-15
CLI-1388,Enterprise,Textiles,Net-60
CLI-3998,Mid-Market,IT Services,Net-30
CLI-0686,Mid-Market,Retail,Net-15
CLI-0107,SMB,Pharma,Net-60
CLI-3140,smb,IT Services,Net-15
CLI-0002,SMB,Logistics,Net-15
CLI-4824,Mid-Market,Manufacturing,Net-15
CLI-4580,SMB,FMCG,Net-60
CLI-3293,Enterprise,Textiles,net15
CLI-4157,SMB,Manufacturing,Net-15
CLI-0916,Mid-Market,Pharma,Net-30
CLI-0412,Enterprise,IT Services,Net-15
CLI-0006,SMB,Logistics,60 days
CLI-1643,SMB,Manufacturing,Net-15
CLI-4265,SMB,IT Services,Net-30
CLI-2930,SMB,Manufacturing,Net-60
CLI-2928,Enterprise,Textiles,Net-60
CLI-4937,SMB,Manufacturing,Net-15
CLI-2228,ENTERPRISE,Textiles,60 days
CLI-0537,SMB,IT Services,Net-15
CLI-4448,Enterprise,IT Services,Net-15
CLI-3972,SMB,Construction,net60
CLI-0881,Enterprise,Retail,Net-60
CLI-3657,Enterprise,Manufacturing,Net-60
CLI-2467,enterprise,Manufacturing,Net-60
CLI-3355,SMB,Construction,Net-60
CLI-1286,Mid-Market,Retail,Net-15
CLI-0503,SMB,Retail,Net-30
CLI-1240,SMB,Construction,Net-15
CLI-3227,Mid-Market,IT Services,Net-30
CLI-4752,Mid-Market,Logistics,Net-30
CLI-4207,Enterprise,Retail,Net-15
CLI-2617,Enterprise,FMCG,Net-60
CLI-2307, SMB,Manufacturing,Net-60
CLI-3475,Enterprise,Retail,Net-60
CLI-0860,SMB,Pharma,Net-15
CLI-2876,Enterprise,Manufacturing,net60
CLI-2913,Enterprise,Logistics,Net-30
CLI-2060,SMB,Pharma,Net-15
CLI-2909,Enterprise,Pharma,
CLI-1675,Enterprise,,Net-60
CLI-4513,Mid-Market,Construction,Net-30
CLI-2258,Enterprise,Logistics,30 days
CLI-4960,Mid-Market,,Net-60
CLI-1283,Enterprise,IT Services,Net-60
CLI-4877,Enterprise,Textiles,net30
CLI-1660,mid-market,Construction,Net-15
CLI-2788,SMB,Construction,Net-30
CLI-3461,Enterprise,Manufacturing,net60
CLI-2978,Enterprise,Construction,Net-60
CLI-3178,Enterprise,IT Services,Net-30
CLI-3091,Enterprise,Logistics,Net-30
CLI-4347,SMB,Pharma,Net-30
CLI-4190,SMB,Manufacturing,Net-30
CLI-0475,Enterprise,IT Services,Net-30
CLI-0727,SMB,Textiles,Net-15
CLI-4303,Enterprise,Textiles,Net-60
CLI-0333,Mid-Market,Logistics,NET-60
CLI-3541,Mid-Market,FMCG,Net-30
CLI-4575,SMB,Logistics,Net-15
CLI-3038,SMB,FMCG,
CLI-2692,Mid-Market,Logistics,Net-15
CLI-0502,Enterprise,Textiles,Net-30
CLI-2388,Mid-Market,Textiles,Net-30
CLI-3010,SMB,IT Services,Net-30
CLI-1763,Enterprise,Textiles,
CLI-1883,SMB,Retail,Net-15
CLI-4424,Mid-Market,Textiles,Net-60
CLI-4872,Mid Market,Construction,Net-15
CLI-1064,Enterprise,Manufacturing,Net-30
CLI-1649,Mid-Market,FMCG,Net-30
CLI-1954,Enterprise,Retail,Net-15
CLI-0869,Mid-Market,IT Services,
CLI-4288,Enterprise,,Net-60
CLI-3287,SMB,,
CLI-2407,SMB,Manufacturing,Net-15
CLI-4590,SMB,Pharma,Net-60
CLI-0003,Enterprise,Textiles,Net-60
CLI-4012,Enterprise,IT Services,Net-15
CLI-1564,Mid-Market,Manufacturing,Net-60
CLI-4420,Enterprise,Textiles,Net-30
CLI-2548,SMB,Logistics,Net-60
CLI-1719,Enterprise,IT Services,Net-30
CLI-3817,Enterprise,Textiles,Net-30
CLI-4429,SMB,Manufacturing,NET-15
CLI-0859,SMB,Pharma,Net-60
CLI-4361,SMB,IT Services,Net-30
CLI-2237,Enterprise,Construction,Net-15
CLI-2135,Mid-Market,Logistics,Net-30
CLI-3538,Mid-Market,Retail,Net-30
CLI-4798,Mid-Market,Manufacturing,Net-30
CLI-1851,Mid-Market,FMCG,Net-15
CLI-4047,Mid-Market,Retail,Net-60
CLI-4979,Enterprise,FMCG,Net-60
CLI-0132,Mid-Market,Construction,Net-30
CLI-1593,Mid-Market,Pharma,Net-30
CLI-1457,SMB,Construction,Net-30
CLI-2810,Mid-Market,Textiles,Net-60
CLI-0419,Mid-Market,Textiles,Net-30
CLI-3360,Mid-Market,Pharma,60 days
CLI-0765,SMB,Retail,Net-30
CLI-0460,SMB,Construction,Net-60
CLI-0725,Enterprise,Manufacturing,Net-60
CLI-1352,Mid-Market,Construction,Net-15
CLI-2437,Enterprise,Pharma,Net-60
CLI-1662,Mid-Market,Manufacturing,Net-15
CLI-2165,SMB,IT Services,Net-15
CLI-3837,Enterprise,Logistics,Net-15
CLI-3645,Enterprise,,
CLI-0952,Mid-Market,Retail,Net-60
CLI-3173,Enterprise,Textiles,Net-30
CLI-1222,SMB,Construction,Net-30
CLI-0911,Enterprise,Pharma,Net-60
CLI-1087,SMB,,Net-60
CLI-0678,SMB,,Net-60
CLI-2621,SMB,IT Services,Net-30
CLI-2492,Enterprise,Pharma,Net-60
CLI-3286,Mid-Market,Logistics,Net-60
CLI-1611,SMB,Pharma,Net-15
CLI-1149,Mid-Market,Manufacturing,Net-60
CLI-1598,Enterprise,FMCG,Net-30
CLI-4142,Mid-Market,IT Services,Net-30
CLI-4690,Enterprise,Retail,
CLI-2642,Enterprise,Construction,Net-15
CLI-4054,SMB,Textiles,Net-30
CLI-2096,Enterprise ,Textiles,Net-30
CLI-0185,Enterprise,Logistics,Net-15
CLI-0982,Mid-Market,Retail,Net-60
CLI-2264,SMB,Logistics,Net-15
CLI-0237,SMB,Manufacturing,Net-30
CLI-4807,SMB,Retail,Net-30
CLI-3060,Mid-Market,FMCG,Net-30
CLI-0647,Mid-Market,FMCG,Net-30
CLI-4912,Mid Market,Logistics,Net-30
CLI-0167,Mid-Market,Logistics,NET-60
CLI-2062,SMB,Pharma,Net-15
CLI-0878,Enterprise,IT Services,Net-30
CLI-2536,SMB,Pharma,Net-60
CLI-1307,Mid-Market,Pharma,Net-60
CLI-2082,Enterprise,,Net-60
CLI-3666,SMB,Manufacturing,Net-60
CLI-3357,enterprise,Logistics,Net-60
CLI-2484,Mid-Market,FMCG,Net-15
CLI-0178,Mid-Market,Textiles,Net-60
CLI-3884,Enterprise,Construction,Net-15
CLI-1082,SMB,Pharma,15 days
CLI-3340,SMB,Logistics,Net-60
CLI-1006,SMB,FMCG,Net-60
CLI-1121,Mid-Market,Manufacturing,Net-30
CLI-1823,Enterprise,Textiles,Net-30
CLI-4359,Enterprise,Retail,Net-30
CLI-2059,SMB,Manufacturing,Net-15
CLI-4839,smb,Logistics,Net-30
CLI-0434,Mid-Market,Manufacturing,Net-15
CLI-2166,SMB,Construction,Net-60
CLI-2431,Mid-Market,FMCG,Net-30
CLI-0371,SMB,IT Services,Net-30
CLI-4941,Mid-Market,Pharma,Net-60
CLI-1841,smb,FMCG,Net-60
CLI-3032,Mid-Market,FMCG,NET-15
CLI-1241,Mid-Market,Retail,Net-15
CLI-3273,SMB,FMCG,Net-60
CLI-2222,SMB,FMCG,Net-60
CLI-1813,SMB,Pharma,Net-30
CLI-0784,Enterprise,Construction,Net-60
CLI-2266,Enterprise,Retail,Net-60
CLI-0360,Enterprise,Textiles,Net-60
CLI-4146,SMB,Textiles,Net-30
CLI-4876,Mid-Market,Pharma,Net-30
CLI-4557,Mid-Market,Manufacturing,Net-15
CLI-3680,Mid-Market,Retail,Net-30
CLI-2701,Mid-Market,Retail,Net-15
CLI-3682,Enterprise,IT Services,NET-15
CLI-1535,Enterprise,Manufacturing,Net-15
CLI-4657,Mid-Market,FMCG,Net-60
CLI-0536,SMB,Textiles,
CLI-4591,Mid-Market,Logistics,Net-15
CLI-2915,Mid-Market,Pharma,Net-15
CLI-3872,Mid-Market,Retail,Net-30
CLI-3878,Enterprise,Retail,Net-15
CLI-3049,SMB,Construction,Net-30
CLI-0234,SMB,FMCG,NET-60
CLI-4799,Enterprise,Manufacturing,Net-15
CLI-3147,SMB,Textiles,Net-15
CLI-4947,Mid-Market,Textiles,Net-30
CLI-2211,Enterprise,,Net-30
CLI-0958,Enterprise,Construction,Net-15
CLI-2821,Mid-Market,Manufacturing,Net-60
CLI-3723,Enterprise,Retail,Net-60
CLI-4422,SMB,FMCG,15 days
CLI-2023,Enterprise,Pharma,Net-15
CLI-1045,SMB,Construction,Net-60
CLI-1230,Mid-Market,FMCG,Net-15
CLI-3422,Enterprise,Construction,30 days
CLI-2354,SMB,Pharma,Net-30
CLI-3595,Mid-Market,IT Services,Net-15
CLI-1715,Enterprise,Retail,Net-30
CLI-4402,Enterprise,Pharma,Net-15
CLI-3951,Mid-Market,Pharma,Net-60
CLI-1012,Enterprise,Pharma,Net-30
CLI-3337,Mid-Market,Retail,Net-30
CLI-2011,Mid-Market,Logistics,Net-15
CLI-4308,Mid-Market,Construction,Net-60
CLI-3993,SMB,Pharma,Net-60
CLI-1170,SMB,IT Services,Net-30
CLI-4904,SMB,Textiles,Net-15
CLI-0441,Mid-Market,Textiles,Net-60
CLI-2291,Mid-Market,Construction,Net-15
CLI-2616,Enterprise,Logistics,Net-30
CLI-1499,Enterprise,Pharma,Net-60
CLI-2711,Mid-Market,Textiles,Net-60
CLI-3560, SMB,Retail,Net-60
CLI-4649,Enterprise,FMCG,Net-15
CLI-3159,Enterprise,Construction,Net-60
CLI-1199,SMB,Logistics,Net-30
CLI-1700,Smb,IT Services,Net-15
CLI-0397,Enterprise,FMCG,Net-60
CLI-4486,MID-MARKET,Manufacturing,Net-60
CLI-4300,Mid-Market,Textiles,Net-60
CLI-2456,Mid-Market,Construction,Net-30
CLI-0096,Mid-Market,Retail,Net-60
CLI-4264,Enterprise,Construction,Net-60
CLI-2525,SMB,Construction,Net-60
CLI-3343,Mid-Market,Logistics,Net-60
CLI-3224,Mid-Market,Logistics,net30
CLI-3587,Mid-Market,FMCG,Net-15
CLI-3257,Enterprise,Retail,Net-15
CLI-3527,Mid-Market,Retail,Net-30
CLI-1984,Enterprise,FMCG,Net-15
CLI-0375,Mid-Market,Construction,Net-30
CLI-1145,Mid-Market,Textiles,Net-15
CLI-2581,SMB,Manufacturing,Net-15
CLI-1488,enterprise,Textiles,Net-60
CLI-2516,Mid-Market,Manufacturing,
CLI-1464,Mid-Market,Pharma,Net-30
CLI-2106,SMB,Retail,Net-15
CLI-1922,SMB,FMCG,Net-30
CLI-2722,Enterprise,Textiles,Net-15
CLI-3828,Mid-Market,Retail,Net-30
CLI-4493,Mid-Market,Retail,Net-30
CLI-2573,Enterprise,Manufacturing,Net-30
CLI-4838,Enterprise,Retail,Net-60
CLI-2285,SMB,Construction,
CLI-3149,SMB,FMCG,Net-60
CLI-4725,Mid-Market,Construction,Net-30
CLI-1833,Enterprise,,Net-30
CLI-3095,SMB,Construction,Net-60
CLI-4962,SMB,Textiles,NET-15
CLI-1268,Enterprise,Construction,Net-15
CLI-4759,Mid-Market,Textiles,Net-15
CLI-0632,Mid-Market,IT Services,Net-30
CLI-3056,SMB,Pharma,Net-60
CLI-3518,SMB,FMCG,Net-15
CLI-3860,SMB,Pharma,Net-30
CLI-1812,Enterprise ,Retail,Net-30
CLI-4442,SMB,FMCG,
CLI-3702,Enterprise,Logistics,Net-30
CLI-2979,SMB,Construction,Net-60
CLI-3910,Mid-Market,IT Services,Net-30
CLI-1624,Enterprise,Manufacturing,Net-60
CLI-1765,SMB,Pharma,Net-60
CLI-2128,Mid-Market,Construction,Net-60
CLI-4440,SMB,IT Services,Net-30
CLI-4106,SMB,Pharma,NET-15
CLI-4450,mid-market,Logistics,Net-15
CLI-1312,Enterprise,IT Services,Net-60
CLI-0137,Mid-Market,Logistics,NET-60
CLI-3821,SMB,IT Services,Net-15
CLI-4325,Mid-Market,IT Services,Net-30
CLI-0394,Enterprise,Textiles,Net-30
CLI-3265,Mid-Market,Logistics,Net-60
CLI-0021,SMB,Pharma,Net-15
CLI-1604,Mid-Market,Retail,Net-15
CLI-2735,SMB,Manufacturing,
CLI-4567,SMB,FMCG,Net-15
CLI-0268,Enterprise,Manufacturing,Net-15
CLI-2452,smb,Manufacturing,Net-60
CLI-0876,Enterprise,Textiles,Net-30
CLI-2312,Mid-Market,Construction,Net-30
CLI-4724,Enterprise,Textiles,Net-60
CLI-1852,Mid-Market,Textiles,Net-30
CLI-2069,SMB,Retail,Net-30
CLI-1168,Mid-Market,IT Services,Net-30
CLI-3836,Enterprise,,Net-30
CLI-2989,Mid-Market,FMCG,net30
CLI-4972,SMB,Pharma,60 days
CLI-3979,Mid Market,Manufacturing,Net-60
CLI-3387,Enterprise,Retail,Net-15
CLI-4814,SMB,IT Services,Net-15
CLI-2949,Mid-Market,Logistics,Net-60
CLI-0840,Enterprise,Pharma,Net-15
CLI-1890,Mid-Market,FMCG,60 days
CLI-3256,Mid-Market,FMCG,Net-30
CLI-2691,Mid-Market,Logistics,net15
CLI-1600,Mid-Market,Construction,Net-30
CLI-4632,SMB,Logistics,Net-30
CLI-4704,Mid-Market,Construction,Net-15
CLI-0688,SMB,Manufacturing,Net-15
CLI-3043,Enterprise,Manufacturing,Net-30
CLI-2798,SMB,Logistics,Net-15
CLI-0908,Enterprise,IT Services,Net-30
CLI-4063,SMB,Manufacturing,Net-15
CLI-2751,Enterprise,IT Services,Net-60
CLI-1558,Enterprise,Manufacturing,Net-60
CLI-4418,SMB,Pharma,Net-30
CLI-1916,SMB,IT Services,Net-60
CLI-3305,Enterprise,Manufacturing,Net-30
CLI-4740,Mid-Market,Retail,Net-30
CLI-0600,Mid-Market,Logistics,Net-60
CLI-4860,Enterprise,Logistics,Net-30
CLI-0065,Mid Market,Logistics,Net-60
CLI-0373,Mid-Market,IT Services,Net-15
CLI-3491,Mid-Market,Logistics,Net-15
CLI-3025,SMB,FMCG,Net-15
CLI-4054,SMB,Pharma,Net-15
CLI-0220,Enterprise,IT Services,Net-30
CLI-0129, SMB,FMCG,Net-15
CLI-4529,Mid-Market,Retail,Net-15
CLI-2010,Mid-Market,Textiles,Net-60
CLI-2104,mid-market,FMCG,Net-30
CLI-3973,SMB,IT Services,Net-30
CLI-1925,SMB,Retail,Net-60
CLI-4383,Mid-Market,Manufacturing,Net-15
CLI-0813,Enterprise,Construction,Net-15
CLI-3924,Mid-Market,,Net-15
CLI-2675,Enterprise,IT Services,Net-15
CLI-2714,Mid-Market,IT Services,Net-15
CLI-3190,SMB,Retail,Net-30
CLI-4554,Enterprise,Manufacturing,net30
CLI-1484,Enterprise,IT Services,Net-15
CLI-3615,Enterprise,Logistics,Net-15
CLI-1172,ENTERPRISE,Retail,
CLI-3048,Mid-Market,IT Services,Net-30
CLI-3228,Mid-Market,Pharma,Net-15
CLI-1313,Enterprise,Logistics,Net-60
CLI-1425,MID-MARKET,Textiles,Net-30
CLI-2306,SMB,Retail,Net-15
CLI-2279,Mid-Market,Construction,Net-60
CLI-0824,Enterprise,Retail,Net-60
CLI-0030,SMB,,Net-60
CLI-1184,SMB,Retail,
CLI-3613,SMB,Retail,Net-15
CLI-1380,Mid-Market,Retail,Net-30
CLI-2520,Enterprise,Manufacturing,
CLI-1054,Enterprise,IT Services,Net-30
CLI-2473,Enterprise,Construction,Net-30
CLI-4928,Mid-Market,Manufacturing,Net-15
CLI-0934,Mid-Market,FMCG,Net-30
CLI-1699,SMB,Construction,Net-30
CLI-2772,SMB,Construction,Net-15
CLI-2347,Mid-Market,Pharma,Net-15
CLI-0844,Mid-Market,Manufacturing,Net-30
CLI-1209,Enterprise,Pharma,Net-60
CLI-1810,Enterprise,Manufacturing,Net-15
CLI-4976,Enterprise,Construction,Net-15
CLI-4131,SMB,Manufacturing,Net-30
CLI-4662,Enterprise,Textiles,Net-15
CLI-3111,Enterprise,IT Services,net60
CLI-2319,Enterprise,Construction,Net-15
CLI-3491,Enterprise,Textiles,Net-60
CLI-1333,SMB,Pharma,Net-60
CLI-0423,Mid-Market,IT Services,Net-30
CLI-2236,SMB,Logistics,Net-60
CLI-0692,Mid-Market,Textiles,Net-30
CLI-1562,SMB,Logistics,Net-30
CLI-1924,SMB,Construction,Net-30
CLI-3509,MID-MARKET,Textiles,Net-60
CLI-3932,Enterprise,Pharma,Net-30
CLI-1272,Mid-Market,,15 days
CLI-4695,Enterprise,Construction,Net-30
CLI-1372,SMB,FMCG,Net-30
CLI-4079,Mid-Market,,NET-30
CLI-2727,Mid-Market,Logistics,Net-30
CLI-0004,Enterprise,Retail,Net-30
CLI-2994,SMB,Textiles,Net-60
CLI-4950,SMB,IT Services,net30
CLI-4029,Enterprise,Manufacturing,
CLI-2967, SMB,Textiles,Net-30
CLI-3908,SMB,Retail,Net-60
CLI-2391,Mid-Market,Manufacturing,Net-30
CLI-2292,Mid-Market,,Net-15
CLI-0583,Mid-Market,Pharma,Net-15
CLI-1011,SMB,Pharma,Net-30
CLI-3734,Mid-Market,IT Services,Net-60
CLI-4898,SMB,,Net-15
CLI-2780,SMB,IT Services,Net-15
CLI-2364,SMB,IT Services,Net-15
CLI-2328,Enterprise,Manufacturing,Net-30
CLI-3395,Enterprise,Textiles,Net-60
CLI-3662,SMB,Pharma,Net-60
CLI-3567,Enterprise,Logistics,Net-30
CLI-0384,SMB,Logistics,
CLI-1930,Mid-Market,Pharma,Net-30
CLI-0336,Mid-Market,Manufacturing,Net-30
CLI-2025,SMB,FMCG,Net-60
CLI-1220,Enterprise,Textiles,Net-60
CLI-0915,Mid-Market,Pharma,Net-30
CLI-1875,Mid-Market,Construction,Net-15
CLI-4793,Smb,Construction,net30
CLI-1652,Enterprise,,Net-30
CLI-0151,Enterprise,Textiles,NET-15
CLI-3144,Mid-Market,Construction,Net-60
CLI-2749,enterprise,Pharma,Net-30
CLI-4232,SMB,IT Services,Net-60
CLI-4679,Mid-Market,Textiles,Net-15
CLI-4626,SMB,FMCG,Net-60
CLI-2660,Enterprise,Textiles,Net-30
CLI-4896,SMB,Logistics,
CLI-3592,Mid-Market,FMCG,
CLI-3892,Mid-Market,Logistics,Net-15
CLI-1786,Enterprise,IT Services,Net-15
CLI-1623,Mid-Market,IT Services,Net-30
CLI-0048,Enterprise,Retail,Net-60
CLI-1359,SMB,Logistics,Net-60
CLI-3806,Enterprise,Manufacturing,
CLI-0123,SMB,Textiles,Net-60
CLI-2980,Enterprise,Textiles,Net-15
CLI-2806,Mid-Market,Logistics,Net-30
CLI-2790,Enterprise,Manufacturing,Net-60
CLI-4685,Enterprise,Logistics,Net-15
CLI-3193, SMB,Construction,
CLI-1487,ENTERPRISE,Textiles,Net-60
CLI-4497,SMB,Logistics,Net-15
CLI-3963,Mid-Market,Retail,Net-60
CLI-1723,Enterprise,Manufacturing,Net-15
CLI-3885,Mid-Market,Logistics,Net-30
CLI-4583,Mid-Market,IT Services,Net-30
CLI-2383,SMB,FMCG,Net-60
CLI-4917,Enterprise,Logistics,Net-60
CLI-1533,Mid-Market,,Net-60
CLI-4003,Mid-Market,Textiles,Net-30
CLI-4045,SMB,Textiles,NET-30
CLI-0388,Enterprise,IT Services,Net-15
CLI-0676,ENTERPRISE,Logistics,Net-15
CLI-0975,ENTERPRISE,Textiles,Net-60
CLI-0094,Enterprise,IT Services,Net-60
CLI-4922,Mid-Market,Retail,Net-15
CLI-4523,Mid-Market,FMCG,15 days
CLI-0329,Mid-Market,IT Services,Net-30
CLI-4391,Mid-Market,Construction,Net-15
CLI-4617,Mid-Market,Logistics,Net-60
CLI-0892,Enterprise,Pharma,Net-60
CLI-4825,Enterprise,Manufacturing,Net-15
CLI-2122,SMB,Retail,Net-15
CLI-2754,SMB,Textiles,Net-15
CLI-4008,Enterprise,Construction,NET-30
CLI-1920,SMB,Construction,Net-60
CLI-2488,Mid-Market,IT Services,Net-60
CLI-2514,Mid-Market,Textiles,Net-30
CLI-1872,SMB,Manufacturing,Net-60
CLI-2471,SMB,Construction,Net-15
CLI-0906,Mid-Market,Pharma,Net-60
CLI-0156,Enterprise,Pharma,30 days
CLI-2344,SMB,IT Services,Net-30
CLI-3289,SMB,FMCG,Net-60
CLI-2604,Enterprise,Pharma,Net-15
CLI-0875,Mid-Market,Construction,Net-30
CLI-2278,SMB,FMCG,Net-60
CLI-2156,Mid-Market,Pharma,Net-60
CLI-0544,Mid-Market,Manufacturing,Net-15
CLI-2973,SMB,Logistics,Net-30
CLI-1078,Mid-Market,Construction,Net-60
CLI-1989,Enterprise,Logistics,Net-60
CLI-2527,Mid-Market,IT Services,Net-15
CLI-1486,Enterprise,Manufacturing,Net-30
CLI-1411,SMB,Construction,Net-30
CLI-2140,Mid-Market,Retail,Net-30
CLI-4620,Mid-Market,Textiles,Net-60
CLI-2468,SMB,Construction,Net-15
CLI-2653,SMB,Textiles,Net-30
CLI-0812,Enterprise,Manufacturing,Net-60
CLI-1845,smb,FMCG,Net-60
CLI-4114,Mid-Market,Manufacturing,Net-60
CLI-2578,Enterprise,Manufacturing,
CLI-4362,Mid-Market,Construction,NET-60
CLI-2922,Mid-Market,Textiles,
CLI-4153,Mid-Market,Construction,Net-15
CLI-1324,Enterprise,Manufacturing,Net-15
CLI-0124,Enterprise,Pharma,net30
CLI-1186,Mid-Market,Pharma,Net-30
CLI-4676,SMB,Construction,Net-30
CLI-0645,Enterprise,Retail,NET-15
CLI-2740,Enterprise,Textiles,Net-60
CLI-2543,SMB,FMCG,Net-15
CLI-4296,Mid-Market,Logistics,Net-60
CLI-0912,Smb,FMCG,Net-15
CLI-3243,SMB,Logistics,Net-30
CLI-2210,Enterprise,Logistics,Net-15
CLI-2854,Enterprise,Logistics,Net-60
CLI-4346,Mid-Market,Manufacturing,30 days
CLI-2005,SMB,Construction,Net-30
CLI-1506,Enterprise,Textiles,Net-15
CLI-0393,Mid-Market,Logistics,
CLI-0591,SMB,Retail,Net-30
CLI-2831,Mid-Market,Construction,Net-30
CLI-0370,SMB,FMCG,Net-30
CLI-2982,SMB,Retail,Net-30
CLI-1239,Enterprise,IT Services,Net-15
CLI-3986,SMB,Retail,15 days
CLI-4368,Mid-Market,FMCG,Net-30
CLI-2892,SMB,,Net-60
CLI-3458,Enterprise,Pharma,Net-60
CLI-4141,SMB,Textiles,Net-15
CLI-1212,Enterprise,Construction,Net-15
CLI-1582,Mid-Market,Manufacturing,Net-60
CLI-2572,Mid-Market,Manufacturing,Net-60
CLI-2673,Enterprise,Manufacturing,Net-60
CLI-4404,Enterprise,Manufacturing,Net-30
CLI-0068,SMB,Textiles,60 days
CLI-2214,Enterprise,Retail,Net-60
CLI-1580,Enterprise,Textiles,Net-60
CLI-3639,Mid-Market,FMCG,Net-60
CLI-4665,Mid-Market,FMCG,Net-30
CLI-1725,Mid-Market,Manufacturing,Net-15
CLI-1956,SMB,Logistics,Net-60
CLI-0466,mid-market,,Net-60
CLI-2776,Mid-Market,Textiles,Net-60
CLI-2815,Enterprise,Logistics,60 days
CLI-4304,smb,FMCG,Net-30
CLI-1523,ENTERPRISE,Construction,Net-15
CLI-2566,SMB,Manufacturing,Net-30
CLI-2629,Mid-Market,Pharma,Net-60
CLI-4260,SMB,Logistics,Net-30
CLI-3281,Enterprise,Construction,Net-60
CLI-2146,Mid-Market,Retail,Net-60
CLI-2427,Enterprise,Retail,Net-60
CLI-0414,Mid-Market,Textiles,Net-60
CLI-1802,Mid-Market,Logistics,Net-15
CLI-3868,Enterprise,Manufacturing,
CLI-1904,enterprise,Manufacturing,Net-30
CLI-1104,SMB,Logistics,NET-30
CLI-4913,Enterprise,Pharma,Net-15
CLI-4234,Enterprise,IT Services,Net-60
CLI-4710,Enterprise,Construction,Net-30
CLI-2243,Enterprise,Textiles,Net-60
CLI-3649,Mid-Market,Construction,Net-60
CLI-1995,Mid-Market,Construction,Net-60
CLI-2645,Mid-Market,Manufacturing,Net-15
CLI-1475,Smb,Pharma,60 days
CLI-0524,Enterprise,IT Services,net60
CLI-0338,Mid-Market,Retail,Net-30
CLI-3138, SMB,Pharma,Net-60
CLI-2600,Mid-Market,Pharma,Net-15
CLI-1633,Mid-Market,FMCG,Net-15
CLI-1504,Enterprise,IT Services,30 days
CLI-1151,Enterprise,FMCG,Net-60
CLI-2185,Mid-Market,Manufacturing,Net-15
CLI-0863,Mid-Market,FMCG,Net-15
CLI-2108,Mid-Market,IT Services,Net-15
CLI-4085,ENTERPRISE,Manufacturing,Net-15
CLI-3635,Mid-Market,Logistics,
CLI-2202,SMB,Logistics,Net-15
CLI-4196,SMB,Retail,Net-60
CLI-4966,mid-market,Pharma,Net-30
CLI-0508,Mid-Market,Manufacturing,Net-60
CLI-2797,Mid-Market,Textiles,Net-15
CLI-0806,Enterprise,FMCG,Net-30
CLI-3120,Enterprise,IT Services,Net-30
CLI-3633,SMB,,
CLI-0956,Mid-Market,Retail,Net-15
CLI-0783,Mid-Market,,Net-60
CLI-0810,Mid-Market,,Net-60
CLI-4244,Enterprise,Logistics,Net-15
CLI-0046,Mid-Market,,Net-60
CLI-1826,Enterprise,Textiles,Net-60
CLI-3044,SMB,Construction,Net-60
CLI-0838,SMB,FMCG,Net-15
CLI-4417,Mid-Market,Construction,Net-60
CLI-3671,Mid-Market,Retail,Net-15
CLI-3833,Mid-Market,Textiles,Net-30
CLI-1029,Mid-Market,Textiles,Net-15
CLI-0851,SMB,Retail,
CLI-2683,SMB,Textiles,Net-30
CLI-0584,Mid-Market,FMCG,Net-30
CLI-1279,Mid-Market,Manufacturing,
CLI-2393,Enterprise,Pharma,Net-15
CLI-2839,SMB,Logistics,Net-30
CLI-2226,SMB,IT Services,Net-30
CLI-0029,Mid-Market,Construction,Net-15
CLI-0218,Enterprise,Textiles,Net-30
CLI-3627,Enterprise,FMCG,Net-60
CLI-2927,Mid-Market,,Net-60
CLI-4161,SMB,IT Services,Net-30
CLI-4075,Mid-Market,,Net-30
CLI-3141,Enterprise,IT Services,Net-60
CLI-3378,Enterprise,Pharma,NET-30
CLI-1932,Mid-Market,Manufacturing,Net-60
CLI-2939,SMB,Logistics,
CLI-4720,Mid Market,Textiles,Net-60
CLI-3318,Enterprise,FMCG,Net-30
CLI-4606,Enterprise,Pharma,Net-30
CLI-0145,SMB,Construction,Net-30
CLI-0418,Enterprise,Textiles,Net-60
CLI-4847,SMB,Logistics,
CLI-2375,Mid-Market,IT Services,Net-30
CLI-3076,Mid-Market,Logistics,NET-60
CLI-4245,SMB,Construction,Net-30
CLI-0763,Mid-Market,Retail,Net-15
CLI-4396,Mid-Market,Manufacturing,Net-30
CLI-2762,Mid-Market,Pharma,Net-15
CLI-2037,SMB,FMCG,Net-15
CLI-0898,Mid-Market,Manufacturing,NET-15
CLI-3333,Mid-Market,Textiles,Net-60
CLI-4925,SMB,IT Services,Net-15
CLI-3412,SMB,Retail,Net-30
CLI-3222,Mid-Market,Manufacturing,Net-60
CLI-3667,Enterprise,Pharma,NET-30
CLI-0802,SMB,Construction,Net-30
CLI-1907,Mid-Market,Manufacturing,Net-30
CLI-0946,Mid-Market,FMCG,Net-60
CLI-2129,Enterprise,Construction,NET-30
CLI-3158,Enterprise,FMCG,Net-15
CLI-3877,Enterprise,Pharma,Net-30
CLI-4005,Enterprise,Retail,Net-60
CLI-0653,Mid-Market,,Net-15
CLI-1640,Mid-Market,FMCG,Net-60
CLI-2856,SMB,Logistics,Net-15
CLI-1454,Enterprise,Pharma,Net-15
CLI-4189,SMB,FMCG,Net-30
CLI-2183,SMB,Pharma,Net-30
CLI-0613,SMB,Pharma,Net-15
CLI-4171,SMB,Construction,Net-60
CLI-3944,SMB,Pharma,Net-30
CLI-0890,Mid-Market,Logistics,Net-30
CLI-0945,Enterprise,Construction,Net-30
CLI-1780,Mid-Market,FMCG,Net-15
CLI-2018,SMB,Manufacturing,Net-60
CLI-0558,Enterprise,IT Services,30 days
CLI-0796,Mid-Market,Construction,Net-15
CLI-0856,Mid-Market,Manufacturing,Net-60
CLI-2793,SMB,IT Services,Net-60
CLI-4674,Enterprise,Textiles,Net-60
CLI-1672,SMB,Retail,Net-30
CLI-3142,SMB,,Net-60
CLI-3786,Mid-Market,Textiles,Net-60
CLI-2963,Mid-Market,Construction,Net-30
CLI-1637,Mid-Market,Textiles,Net-30
CLI-0860,Mid-Market,Logistics,Net-30
CLI-3604,Smb,Textiles,Net-15
CLI-3434,SMB,Textiles,Net-15
CLI-3443,Enterprise,,Net-30
CLI-1468,Mid-Market,Textiles,Net-15
CLI-4749,Enterprise,Pharma,Net-60
CLI-2950,SMB,IT Services,Net-15
CLI-4503,SMB,Pharma,Net-30
CLI-0102,Mid-Market,Textiles,Net-60
CLI-4091,Mid-Market,Retail,Net-15
CLI-2355,Enterprise,Pharma,Net-30
CLI-2593,Mid-Market,Pharma,Net-15
CLI-0939,Mid-Market,Retail,Net-60
CLI-4140,SMB,Pharma,Net-15
CLI-0820,Mid-Market,Manufacturing,Net-15
CLI-4802,SMB,Textiles,Net-30
CLI-2901,Enterprise,Textiles,Net-60
CLI-4973,Enterprise,Retail,Net-15
CLI-3971,SMB,IT Services,Net-15
CLI-4646,Mid-Market,FMCG,Net-15
CLI-1508,SMB,Retail,Net-15
CLI-1961,Mid-Market,Retail,Net-60
CLI-3051,SMB,Logistics,Net-15
CLI-1638,SMB,IT Services,
CLI-1905,SMB,FMCG,
CLI-1114,Enterprise,Manufacturing,Net-15
CLI-4701, SMB,Logistics,Net-15
CLI-2652,Enterprise,Textiles,Net-60
CLI-0601,Enterprise,,Net-15
CLI-1405,Mid-Market,IT Services,Net-60
CLI-2110,Enterprise,,Net-60
CLI-1773,SMB,Retail,Net-60
CLI-0355,SMB,IT Services,Net-15
CLI-4941,ENTERPRISE,Pharma,Net-30
CLI-0931,SMB,Manufacturing,Net-30
CLI-1561,Mid-Market,Manufacturing,Net-15
CLI-3001,SMB,Logistics,Net-15
CLI-0161,Mid-Market,Textiles,Net-30
CLI-3116,Enterprise,Retail,15 days
CLI-3177,SMB,Construction,Net-60
CLI-1057,SMB,Retail,
CLI-3359,Mid-Market,Manufacturing,Net-60
CLI-3176,SMB,IT Services,Net-15
CLI-3087,Enterprise,Logistics,Net-60
CLI-1891,Mid-Market,,Net-30
CLI-0136,SMB,Logistics,Net-30
CLI-3109,Enterprise,Pharma,Net-30
CLI-2932,SMB,Retail,Net-15
CLI-3730,SMB,Manufacturing,Net-60
CLI-2506,Enterprise,Pharma,Net-60
CLI-0042,SMB,Retail,net60
CLI-4164,Enterprise,IT Services,Net-60
CLI-0913,Enterprise,Textiles,Net-15
CLI-1816,Mid-Market,Pharma,Net-15
CLI-3902,SMB,Manufacturing,Net-15
CLI-4612,Enterprise,Retail,Net-15
CLI-4680,SMB,Retail,Net-60
CLI-3904,Enterprise,Construction,Net-60
CLI-0704,SMB,FMCG,Net-30
CLI-4267,Mid-Market,Construction,Net-30
CLI-1048,Mid-Market,Manufacturing,net30
CLI-4634,Mid-Market,Retail,Net-30
CLI-4409,Enterprise,,Net-30
CLI-2717,SMB,Textiles,Net-60
CLI-1594,Enterprise,Construction,Net-30
CLI-3045,Enterprise,Textiles,
CLI-4223,mid-market,FMCG,Net-60
CLI-0513,Mid-Market,Manufacturing,Net-30
CLI-0888,Smb,Pharma,Net-30
CLI-4916,SMB,FMCG,Net-15
CLI-0925,Enterprise,Logistics,Net-60
CLI-2505,SMB,Pharma,Net-15
CLI-3314,Mid-Market,Manufacturing,Net-30
CLI-0736,SMB,Logistics,Net-15
CLI-1792,Enterprise,Manufacturing,Net-15
CLI-0762,SMB,Manufacturing,Net-15
CLI-0250,Mid-Market,FMCG,Net-30
CLI-0611,Mid-Market,Pharma,Net-60
CLI-4516,SMB,Logistics,Net-15
CLI-0543,SMB,Construction,Net-15
CLI-3133,Mid-Market,Manufacturing,Net-15
CLI-1368,SMB,IT Services,Net-60
CLI-1259,Enterprise,Manufacturing,Net-60
CLI-0794,Enterprise,Retail,30 days
CLI-0166,Enterprise,Retail,Net-60
CLI-3304,Mid-Market,Construction,Net-30
CLI-3767,SMB,Manufacturing,Net-60
CLI-3519,Enterprise,FMCG,Net-15
CLI-0015,Mid-Market,Pharma,Net-30
CLI-1434,SMB,Construction,Net-30
CLI-2366,Mid-Market,Retail,Net-30
CLI-1953,Mid-Market,Textiles,Net-60
CLI-2702,Enterprise,IT Services,Net-60
CLI-4046,Enterprise,Pharma,Net-30
CLI-4932,Enterprise,Retail,Net-15
CLI-1830,Enterprise,Pharma,
CLI-0422,Mid-Market,FMCG,Net-30
CLI-2057,SMB,IT Services,Net-30
CLI-0657, SMB,Textiles,Net-60
CLI-2089,Enterprise,Manufacturing,Net-60
CLI-2450,SMB,Pharma,Net-30
CLI-4356,SMB,Retail,Net-60
CLI-0368,Mid-Market,Retail,Net-30
CLI-1132,SMB,Textiles,Net-60
CLI-2773,Enterprise,IT Services,
CLI-3816,SMB,Pharma,Net-30
CLI-1619,MID-MARKET,Retail,Net-15
CLI-4414,Enterprise,Retail,Net-15
CLI-1750,Mid-Market,Retail,NET-30
CLI-0546,smb,Textiles,Net-15
CLI-1809,Enterprise,FMCG,Net-30
CLI-1298,SMB,Retail,Net-60
CLI-1618,Enterprise,Manufacturing,Net-60
CLI-1394,Mid-Market,Textiles,
CLI-3327,Enterprise,Retail,Net-60
CLI-1102,Mid-Market,Textiles,Net-15
CLI-3537,Mid Market,Manufacturing,Net-30
CLI-2758,Enterprise ,,Net-30
CLI-1174,Enterprise,Pharma,Net-30
CLI-3271,SMB,Construction,Net-60
CLI-1945,Mid-Market,Logistics,Net-15
CLI-3492,SMB,Pharma,Net-15
CLI-0243,Enterprise,Pharma,Net-30
CLI-4198,Mid-Market,Textiles,Net-60
CLI-1679,SMB,Retail,Net-60
CLI-2522,SMB,Manufacturing,30 days
CLI-0721,SMB,Manufacturing,Net-60
CLI-4893,Mid-Market,Construction,
CLI-3826,SMB,FMCG,Net-30
CLI-4237,Mid-Market,Textiles,Net-60
CLI-4936,Mid Market,IT Services,Net-30
CLI-1804,SMB,Manufacturing,Net-30
CLI-2216,Enterprise,Pharma,Net-15
CLI-1248,Enterprise,Textiles,Net-60
CLI-2960,Enterprise,FMCG,NET-15
CLI-2015,SMB,FMCG,Net-30
CLI-1783,SMB,FMCG,Net-60
CLI-2833,Mid-Market,Manufacturing,Net-30
CLI-2848,SMB,IT Services,Net-15
CLI-2755, SMB,IT Services,Net-60
CLI-0634,Enterprise ,Logistics,Net-15
CLI-2433,Mid-Market,Manufacturing,Net-30
CLI-1112,Mid-Market,Textiles,Net-60
CLI-2067,SMB,Manufacturing,Net-30
CLI-1119,Mid-Market,Logistics,Net-60
CLI-0961,Mid-Market,FMCG,Net-15
CLI-2109,Mid-Market,IT Services,15 days
CLI-4215,SMB,Logistics,Net-60
CLI-3643,SMB,Pharma,Net-15
CLI-3949,SMB,Manufacturing,Net-60
CLI-4458,SMB,IT Services,Net-30
CLI-0144,Mid-Market,Pharma,Net-30
CLI-2894,SMB,Pharma,Net-30
CLI-3083, SMB,Construction,Net-15
CLI-3255,Mid-Market,Retail,Net-60
CLI-3444,SMB,Manufacturing,Net-30
CLI-4393,SMB,Retail,Net-15
CLI-2043,SMB,Manufacturing,Net-30
CLI-0150,SMB,Manufacturing,30 days
CLI-0673,Enterprise,Logistics,Net-15
CLI-0921,SMB,,Net-15
CLI-4595,SMB,Textiles,Net-30
CLI-3848,Enterprise,Manufacturing,Net-60
CLI-4754,Mid-Market,Construction,Net-15
CLI-3078,SMB,Pharma,Net-60
CLI-1781,SMB,Textiles,Net-60
CLI-3129,Enterprise ,FMCG,Net-30
CLI-2888,Mid-Market,Textiles,Net-15
CLI-2923,SMB,Pharma,Net-30
CLI-3765,Mid-Market,Manufacturing,Net-30
CLI-1708,SMB,Construction,Net-30
CLI-3004,enterprise,Retail,15 days
CLI-4777,SMB,Retail,60 days
CLI-4531,Enterprise,Manufacturing,Net-15
CLI-2587,Mid-Market,Textiles,Net-60
CLI-2162,SMB,Textiles,Net-15
CLI-0249,Mid-Market,Textiles,Net-60
CLI-3182,Enterprise,Retail,Net-15
CLI-2131,SMB,IT Services,Net-15
CLI-1997,Enterprise,FMCG,Net-60
CLI-1008,Enterprise,Retail,Net-15
CLI-4187,Mid-Market,IT Services,Net-30
CLI-0192,Mid-Market,Manufacturing,Net-60
CLI-1831,Mid-Market,Pharma,
CLI-4809,Mid-Market,IT Services,Net-60
CLI-4186,Enterprise,Textiles,Net-60
CLI-3453,ENTERPRISE,,Net-60
CLI-2432,Mid-Market,Retail,Net-15
CLI-3069,SMB,,Net-30
CLI-3101,Enterprise,Logistics,Net-30
CLI-4723,Enterprise,Construction,Net-15
CLI-4377,SMB,FMCG,Net-15
CLI-4176,SMB,Textiles,Net-15
CLI-1548,Enterprise,Retail,Net-15
CLI-0114,SMB,Manufacturing,Net-30
CLI-0010,SMB,Manufacturing,Net-15
CLI-0889,enterprise,,
CLI-1095,MID-MARKET,Logistics,
CLI-3298,Enterprise ,Manufacturing,Net-30
CLI-2519,SMB,Manufacturing,Net-30
CLI-3358,SMB,FMCG,Net-15
CLI-0518,SMB,Pharma,Net-60
CLI-3764,SMB,FMCG,Net-60
CLI-2958,Enterprise,Logistics,Net-15
CLI-1762,SMB,IT Services,NET-30
CLI-1666,Mid-Market,Construction,Net-60
CLI-2954,Enterprise,Textiles,Net-60
CLI-3526,SMB,Pharma,
CLI-1216,Enterprise,Logistics,Net-30
CLI-0160,SMB,Manufacturing,Net-30
CLI-3375,Enterprise,Construction,60 days
CLI-3325,Enterprise,Manufacturing,Net-60
CLI-3352,enterprise,Pharma,Net-30
CLI-4334,Enterprise,Construction,Net-60
CLI-4911,Enterprise,Logistics,Net-15
CLI-4463,Mid-Market,Textiles,Net-30
CLI-0478,Enterprise,FMCG,Net-60
CLI-1339,Enterprise,Logistics,Net-15
CLI-0253,Enterprise,Logistics,Net-15
CLI-0709,Mid-Market,Logistics,Net-15
CLI-1285,Enterprise,Retail,Net-60
CLI-0777,enterprise,Manufacturing,Net-30
CLI-2739,mid-market,Manufacturing,
CLI-1414,Enterprise,Textiles,net60
CLI-1985,Mid-Market,Textiles,60 days
CLI-4735,SMB,Textiles,Net-30
CLI-1205,SMB,Textiles,Net-60
CLI-0992,Enterprise,Logistics,Net-60
CLI-3841,Smb,,Net-30
CLI-0463,SMB,Pharma,Net-30
CLI-0039,Mid-Market,Retail,Net-30
CLI-4753,Mid-Market,FMCG,Net-15
CLI-4060,Mid-Market,Retail,Net-30
CLI-2396,Mid-Market,Construction,
CLI-3956,SMB,Pharma,Net-30
CLI-4072,Mid-Market,Pharma,Net-30
CLI-4151,Mid-Market,FMCG,Net-60
CLI-1514,SMB,Pharma,Net-60
CLI-2757,enterprise,Retail,Net-30
CLI-4226,Mid-Market,Construction,Net-30
CLI-4010,Enterprise,FMCG,Net-30
CLI-4378,SMB,Textiles,Net-60
CLI-1413,SMB,Logistics,Net-60
CLI-2486,Mid-Market,Logistics,Net-30
CLI-2976,Mid Market,Pharma,Net-30
CLI-3748,Mid-Market,Retail,Net-30
CLI-0495,Mid-Market,Pharma,Net-60
CLI-1976,Mid-Market,Retail,Net-30
CLI-4136,SMB,IT Services,Net-30
CLI-0845,Mid-Market,FMCG,Net-15
CLI-0670,Mid-Market,Manufacturing,Net-60
CLI-3128,Mid-Market,Logistics,Net-60
CLI-4863,Enterprise,Construction,Net-30
CLI-2112,Mid-Market,Manufacturing,Net-15
CLI-4990,Mid Market,Pharma,
CLI-2464,SMB,Textiles,Net-30
CLI-4352,Enterprise,Logistics,60 days
CLI-0977,SMB,IT Services,Net-60
CLI-3413,Enterprise,Retail,Net-30
CLI-4607,Enterprise,FMCG,Net-60
CLI-0990,SMB,Retail,Net-30
CLI-3995,Enterprise,Retail,Net-60
CLI-0017,Enterprise,Retail,Net-30
CLI-0598,Mid-Market,Retail,Net-15
CLI-1902,SMB,Retail,Net-30
CLI-0308,ENTERPRISE,Construction,Net-15
CLI-3840,enterprise,Logistics,net15
CLI-0531,SMB,Retail,Net-60
CLI-1065,Enterprise,Manufacturing,Net-60
CLI-2799,Enterprise,Retail,Net-60
CLI-0679,SMB,Manufacturing,
CLI-0786,Enterprise,IT Services,Net-60
CLI-3870,SMB,IT Services,Net-15
CLI-3739,SMB,Pharma,Net-60
CLI-2244,Enterprise,FMCG,Net-15
CLI-3100,Enterprise,Manufacturing,Net-30
CLI-2669,SMB,Retail,Net-30
CLI-3397,SMB,FMCG,
CLI-1135,Smb,Pharma,Net-60
CLI-0396,SMB,Manufacturing,30 days
CLI-1705,SMB,Construction,
CLI-1022,Enterprise,Textiles,Net-30
CLI-4030,SMB,FMCG,Net-15
CLI-3321,Enterprise ,Textiles,Net-30
CLI-2943,SMB,IT Services,Net-60
CLI-3866,SMB,FMCG,Net-15
CLI-1385,SMB,FMCG,Net-30
CLI-3960,Mid-Market,Textiles,Net-60
CLI-1748,SMB,Construction,Net-30
CLI-1655,SMB,,Net-60
CLI-1227,MID-MARKET,Construction,Net-15
CLI-4341,Mid-Market,Manufacturing,Net-15
CLI-2568,SMB,Pharma,Net-30
CLI-2009,Mid-Market,IT Services,Net-15
CLI-1424,Mid-Market,Construction,Net-15
CLI-2363,Enterprise,Construction,Net-30
CLI-0737,MID-MARKET,,Net-60
CLI-2309,SMB,Manufacturing,Net-60
CLI-2472,Enterprise,Manufacturing,Net-15
CLI-2217,Enterprise,Retail,Net-30
CLI-0336,Mid-Market,Logistics,Net-30
CLI-1962,Enterprise,Pharma,Net-15
CLI-0614,Mid-Market,Logistics,Net-15
CLI-3319,SMB,Logistics,Net-60
CLI-3674,SMB,Textiles,Net-30
CLI-2768,mid-market,IT Services,Net-30
CLI-2326,Enterprise,IT Services,Net-15
CLI-1028,Enterprise,Construction,Net-15
CLI-4375,mid-market,Logistics,Net-60
CLI-3811,SMB,Textiles,Net-15
CLI-0105,Mid-Market,Textiles,Net-30
CLI-2535,SMB,Logistics,Net-30
CLI-0742,Enterprise,Textiles,Net-30
CLI-0435,Enterprise,Construction,Net-60
CLI-0379,Mid-Market,Construction,Net-60
CLI-4778,Enterprise,IT Services,Net-60
CLI-3985,Enterprise,FMCG,Net-30
CLI-4214,mid-market,Textiles,Net-60
CLI-4963,SMB,Logistics,Net-30
CLI-3462,Mid-Market,Textiles,Net-30
CLI-1330,Enterprise,IT Services,Net-15
CLI-4392,Mid-Market,Logistics,Net-60
CLI-1744,Enterprise,Textiles,60 days
CLI-3353,Enterprise,Logistics,Net-60
CLI-0963,Enterprise,Pharma,Net-60
CLI-2565,Mid-Market,Logistics,Net-30
CLI-1919,Mid-Market,,Net-30
CLI-1509,Mid-Market,IT Services,Net-15
CLI-0971,Mid-Market,Logistics,Net-60
CLI-2332,Enterprise,FMCG,Net-30
CLI-1698,SMB,IT Services,Net-30
CLI-2508,mid-market,IT Services,Net-15
CLI-2220,Mid-Market,Construction,
CLI-1677,Enterprise,FMCG,Net-60
CLI-3289,Mid-Market,Pharma,Net-30
CLI-0548,Enterprise,Construction,
CLI-3399,SMB,Pharma,Net-30
CLI-0920,SMB,Retail,Net-15
CLI-0099,ENTERPRISE,Manufacturing,Net-60
CLI-0064,SMB,FMCG,net60
CLI-4101,SMB,Manufacturing,NET-30
CLI-4667,mid-market,Retail,Net-15
CLI-2809,Enterprise,Textiles,Net-15
CLI-3889,Enterprise,Pharma,Net-15
CLI-1069,SMB,FMCG,Net-15
CLI-3565,Mid-Market,Construction,Net-60
CLI-4987,SMB,Textiles,15 days
CLI-3900,Mid-Market,Retail,Net-15
CLI-0693,Enterprise,Textiles,NET-30
CLI-1133,Enterprise,IT Services,Net-15
CLI-2406,Mid-Market,Construction,
CLI-2698,SMB,Retail,Net-60
CLI-3505,Enterprise,Manufacturing,Net-60
CLI-3172,SMB,Manufacturing,Net-15
CLI-2336,Enterprise,Textiles,Net-30
CLI-2090,Enterprise,Pharma,net60
CLI-2912,SMB,Construction,Net-30
CLI-1485,smb,Textiles,Net-30
CLI-2498,Enterprise,IT Services,Net-30
CLI-1017,SMB,Construction,Net-15
CLI-2748,Enterprise,Construction,Net-60
CLI-2710,SMB,IT Services,net15
CLI-3990,Enterprise,Pharma,Net-60
CLI-1415,Mid-Market,IT Services,Net-15
CLI-3441,Mid-Market,Construction,Net-30
CLI-0128,SMB,Pharma,Net-30
CLI-0278,Enterprise,Pharma,Net-30
CLI-3797,Enterprise,Construction,Net-30
CLI-3882,SMB,Pharma,Net-15
CLI-1547,Mid-Market,Manufacturing,Net-60
CLI-2229,SMB,Retail,Net-60
CLI-2064,Enterprise,Construction,Net-60
CLI-2254,Mid-Market,Textiles,Net-60
CLI-4419,SMB,Logistics,Net-15
CLI-0158,Mid-Market,IT Services,60 days
CLI-2127,Enterprise,Manufacturing,Net-30
CLI-3374,smb,Textiles,Net-15
CLI-1549,Mid-Market,Retail,Net-60
CLI-0571,Enterprise,Textiles,Net-60
CLI-0930,SMB,FMCG,Net-15
CLI-0272,Mid-Market,Retail,Net-15
CLI-2955,SMB,Textiles,30 days
CLI-3330,Enterprise,Construction,Net-15
CLI-4588,Smb,Manufacturing,Net-60
CLI-0241,Enterprise,Retail,Net-15
CLI-2119,mid-market,Retail,Net-15
CLI-1587,SMB,Logistics,Net-15
CLI-0176,SMB,Pharma,Net-15
CLI-3695,SMB,Pharma,Net-15
CLI-4637,Mid-Market,Logistics,Net-30
CLI-0454,SMB,IT Services,Net-60
CLI-3012,Enterprise,Textiles,Net-15
CLI-1899,SMB,Retail,Net-30
CLI-3200,Mid-Market,Logistics,60 days
CLI-1702,Mid-Market,FMCG,Net-15
CLI-3646,SMB,IT Services,Net-30
CLI-0811,SMB,Logistics,Net-30
CLI-1030,Mid-Market,Retail,Net-15
CLI-2188,Enterprise,Pharma,Net-15
CLI-3864,Mid-Market,Manufacturing,Net-15
CLI-3084,Enterprise,Pharma,Net-15
CLI-4282,mid-market,Logistics,
CLI-1807,enterprise,Textiles,
CLI-1228,SMB,FMCG,Net-60
CLI-4068,Mid-Market,Logistics,Net-15
CLI-1247,SMB,Manufacturing,Net-30
CLI-1128,Enterprise,Logistics,Net-15
CLI-3389,Mid-Market,,Net-60
CLI-0760,Mid-Market,Construction,Net-30
CLI-0707,SMB,Manufacturing,Net-30
CLI-0057,SMB,IT Services,Net-15
CLI-4959,Enterprise,Construction,Net-15
CLI-4477,Mid-Market,Logistics,Net-15
CLI-0235,Mid-Market,Textiles,Net-60
CLI-3474,Mid-Market,Retail,15 days
CLI-3361,SMB,Manufacturing,Net-15
CLI-2902,SMB,Pharma,Net-15
CLI-4923,SMB,Textiles,Net-60
CLI-2301,SMB,Logistics,
CLI-2579,MID-MARKET,Textiles,Net-30
CLI-2234,mid-market,IT Services,Net-30
CLI-2377,Enterprise,Manufacturing,Net-30
CLI-1626,Enterprise,Retail,Net-15
CLI-0224,SMB,FMCG,Net-15
CLI-2187,Enterprise,IT Services,Net-15
CLI-0734,Enterprise,Construction,NET-30
CLI-3704,Enterprise,IT Services,Net-30
CLI-4095,Enterprise,Manufacturing,Net-30
CLI-1897,Enterprise,FMCG,Net-60
CLI-2958,Enterprise,FMCG,Net-60
CLI-4150,SMB,IT Services,Net-30
CLI-4584,Enterprise,Retail,Net-15
CLI-2022,Mid-Market,Retail,net15
CLI-4103,Enterprise,Manufacturing,Net-15
CLI-3263,Mid-Market,Logistics,Net-60
CLI-1438,Enterprise,Textiles,Net-60
CLI-2116,Mid-Market,Textiles,Net-15
CLI-2873,Mid-Market,Construction,Net-30
CLI-4501,Mid-Market,Construction,Net-60
CLI-2209,Enterprise,Manufacturing,Net-15
CLI-2784,Mid-Market,FMCG,Net-60
CLI-2800,Mid-Market,Retail,Net-60
CLI-2246,Mid-Market,Textiles,Net-15
CLI-0182,Enterprise,Construction,Net-15
CLI-4837,SMB,Manufacturing,Net-30
CLI-1364,SMB,Pharma,Net-60
CLI-4231,Mid-Market,FMCG,Net-30
CLI-0732,Mid-Market,Retail,Net-60
CLI-0624,Enterprise ,Construction,Net-30
CLI-3073,Mid Market,IT Services,Net-30
CLI-1625,SMB,,Net-30
CLI-0255,Enterprise ,Construction,Net-30
CLI-3168,Mid-Market,,Net-15
CLI-2515,Enterprise,Retail,Net-60
CLI-4215,SMB,Textiles,Net-30
CLI-0969,Mid-Market,Retail,Net-15
CLI-3123,Enterprise,Textiles,Net-15
CLI-3393,Mid-Market,Construction,Net-30
CLI-0596,SMB,Construction,Net-60
CLI-0561,Mid-Market,Construction,Net-15
CLI-3107,Smb,IT Services,Net-60
CLI-1755,Mid-Market,Textiles,Net-15
CLI-2553,Mid-Market,Manufacturing,Net-15
CLI-0924,Enterprise,FMCG,net60
CLI-4820,Enterprise,Retail,Net-15
CLI-3600,Enterprise,Textiles,Net-15
CLI-3030,Enterprise,Retail,Net-60
CLI-0652,SMB,Textiles,Net-60
CLI-2074,Enterprise,Manufacturing,Net-15
CLI-2207,Enterprise,Retail,Net-30
CLI-1947,SMB,IT Services,Net-60
CLI-0848,Enterprise,IT Services,Net-15
CLI-4677,Enterprise,Textiles,net60
CLI-0040,Mid-Market,Construction,Net-30
CLI-2474,Enterprise,Retail,Net-15
CLI-4206,SMB,IT Services,Net-60
CLI-2936,Mid-Market,Manufacturing,Net-30
CLI-2132,Enterprise,Textiles,net60
CLI-0999,Mid-Market,Construction,
CLI-0306,Enterprise,Manufacturing,Net-30
CLI-3274,Mid-Market,Retail,Net-30
CLI-3939,Enterprise,Pharma,15 days
CLI-4566,Mid-Market,Textiles,Net-15
CLI-1382,Enterprise,IT Services,Net-60
CLI-2828,Enterprise,Retail,Net-15
CLI-2728,Enterprise,Manufacturing,30 days
CLI-3747,SMB,Logistics,Net-15
CLI-0866,SMB,FMCG,Net-60
CLI-1868,Enterprise,Logistics,Net-60
CLI-3280,SMB,FMCG,Net-15
CLI-4850,Mid-Market,Logistics,Net-30
CLI-1068,Mid-Market,Logistics,Net-30
CLI-0724,SMB,Manufacturing,Net-30
CLI-4024,Enterprise,Logistics,Net-60
CLI-1892,MID-MARKET,Pharma,Net-30
CLI-3219,Enterprise,FMCG,Net-15
CLI-0805,Mid-Market,FMCG,Net-30
CLI-2178,SMB,Construction,Net-30
CLI-3929,Mid-Market,IT Services,
CLI-3529,Enterprise,IT Services,Net-30
CLI-4238,Enterprise,,Net-60
CLI-2241,SMB,Manufacturing,Net-15
CLI-3450,Enterprise,Retail,Net-30
CLI-3386,Enterprise,IT Services,Net-15
CLI-2550,Mid-Market,,net30
CLI-4251,SMB,Construction,Net-60
CLI-2983,Enterprise,Logistics,Net-15
CLI-3597,SMB,Logistics,Net-15
CLI-2092,Enterprise,Manufacturing,Net-60
CLI-3369,Enterprise,Pharma,Net-15
CLI-1929,Enterprise,Logistics,Net-30
CLI-2115,SMB,Pharma,
CLI-0267,Enterprise,Construction,Net-60
CLI-0140,Enterprise,Manufacturing,Net-15
CLI-1240,Mid-Market,Pharma,Net-60
CLI-1971,Mid-Market,Manufacturing,Net-30
CLI-1191,Enterprise,Manufacturing,Net-30
CLI-1578,Enterprise,Construction,Net-15
CLI-3248,Enterprise,Pharma,Net-30
CLI-1602,Enterprise,IT Services,Net-15
CLI-4561,SMB,Retail,Net-60
CLI-1690,Mid-Market,Pharma,Net-60
CLI-4061,Enterprise,Textiles,Net-60
CLI-3510,Mid-Market,Pharma,Net-30
CLI-1927,Enterprise,IT Services,Net-15
CLI-1353,SMB,Retail,Net-60
CLI-4255,SMB,IT Services,
CLI-2547,Mid-Market,,Net-60
CLI-1760,Mid-Market,FMCG,Net-30
CLI-4795,Enterprise,IT Services,Net-15
CLI-4471,SMB,FMCG,Net-15
CLI-0937,Enterprise,Manufacturing,Net-60
CLI-1734,SMB,Pharma,Net-60
CLI-0923,Enterprise,Pharma,Net-15
CLI-2592,Enterprise,Manufacturing,Net-30
CLI-2917,Enterprise,Textiles,Net-60
CLI-4473,MID-MARKET,IT Services,Net-15
CLI-4858,SMB,Manufacturing,Net-15
CLI-3063,Mid-Market,Manufacturing,Net-15
CLI-1159,Enterprise,Retail,Net-60
CLI-4457,SMB,Pharma,Net-15
CLI-2663,Mid-Market,Pharma,Net-30
CLI-4298,SMB,Logistics,Net-60
CLI-1165,Enterprise,FMCG,Net-15
CLI-1528,SMB,Retail,Net-15
CLI-4038,Enterprise ,Textiles,Net-15
CLI-0043,Enterprise,IT Services,Net-60
CLI-2745,Mid-Market,IT Services,Net-60
CLI-3835,Enterprise,Textiles,Net-60
CLI-1994,Enterprise,Pharma,Net-15
CLI-1402,Enterprise ,Logistics,Net-30
CLI-1579,Enterprise,Retail,Net-60
CLI-4311,Smb,Retail,Net-15
CLI-4438,Mid-Market,Manufacturing,Net-30
CLI-2338,MID-MARKET,Construction,Net-60
CLI-4849,Mid-Market,IT Services,Net-15
CLI-4022,Enterprise,Manufacturing,Net-60
CLI-4379,mid-market,Pharma,Net-60
CLI-2766,Mid-Market,Manufacturing,Net-30
CLI-3328,SMB,FMCG,Net-30
CLI-0251,SMB,Retail,Net-30
CLI-1766,Enterprise,Logistics,60 days
CLI-0853,Enterprise,Textiles,Net-15
CLI-1772,SMB,Textiles,Net-15
CLI-1496,SMB,IT Services,Net-15
CLI-2046,Enterprise,FMCG,Net-30
CLI-1622,MID-MARKET,Manufacturing,Net-15
CLI-3448,MID-MARKET,Manufacturing,Net-15
CLI-0398,Mid-Market,,Net-30
CLI-2248,smb,IT Services,Net-60
CLI-0539,Enterprise,FMCG,Net-30
CLI-4059,Mid-Market,Retail,Net-60
CLI-0217,Mid-Market,Construction,Net-30
CLI-0073,mid-market,Pharma,Net-15
CLI-4982,SMB,Retail,Net-15
CLI-2608,SMB,FMCG,Net-30
CLI-0886,Mid Market,Retail,
CLI-4533,Mid-Market,FMCG,Net-30
CLI-0240,Enterprise,Logistics,60 days
CLI-0486,Mid-Market,Pharma,Net-15
CLI-3779,SMB,Pharma,net15
CLI-1788,Enterprise,Construction,Net-60
CLI-4280,Enterprise,Retail,Net-60
CLI-1122,SMB,Construction,Net-15
CLI-2012,mid-market,Logistics,NET-60
CLI-3254,Mid-Market,FMCG,Net-15
CLI-3252,Mid-Market,Logistics,60 days
CLI-3299,Enterprise,FMCG,Net-15
CLI-2302,Enterprise,Pharma,Net-60
CLI-2830,SMB,Pharma,Net-30
CLI-0112,Mid-Market,IT Services,Net-60
CLI-0187,Enterprise,Logistics,15 days
CLI-3782,SMB,Textiles,Net-60
CLI-3269,Enterprise,Construction,Net-60
CLI-3478,Enterprise,Textiles,Net-30
CLI-0496,Mid-Market,Pharma,Net-15
CLI-1686,Enterprise,Logistics,Net-60
CLI-3106,Mid-Market,Construction,Net-60
CLI-1540,Mid-Market,Pharma,Net-30
CLI-0254,SMB,Textiles,Net-30
CLI-3601,Enterprise,IT Services,Net-15
CLI-2585,Mid-Market,Textiles,Net-30
CLI-0450,Enterprise,IT Services,Net-15
CLI-0761,Mid-Market,Textiles,Net-15
CLI-0630,smb,Construction,15 days
CLI-4128,Mid-Market,Logistics,
CLI-4076,Mid-Market,Manufacturing,Net-15
CLI-1605,SMB,Textiles,net15
CLI-0214,SMB,Manufacturing,
CLI-4700,SMB,Logistics,Net-30
CLI-0964,SMB,Retail,Net-60
CLI-1712,Mid-Market,Logistics,Net-15
CLI-3092,Enterprise,Logistics,Net-60
CLI-0617,Mid-Market,Construction,Net-30
CLI-1853,Enterprise,Construction,Net-30
CLI-1246,Mid-Market,Construction,Net-15
CLI-3763,MID-MARKET,IT Services,Net-15
CLI-2934,ENTERPRISE,FMCG,Net-15
CLI-1258,SMB,FMCG,Net-60
CLI-4994,Mid-Market,Textiles,Net-60
CLI-3718,Mid-Market,Logistics,Net-30
CLI-4063,Mid-Market,Textiles,
CLI-0476,Enterprise,Manufacturing,Net-60
CLI-2826,SMB,IT Services,Net-15
CLI-3202,Enterprise,,Net-15
CLI-3890,Mid Market,Construction,Net-30
CLI-4254,Mid-Market,Logistics,Net-60
CLI-2098,Mid-Market,Construction,Net-30
CLI-0628,SMB,Manufacturing,Net-60
CLI-4040,Mid-Market,Retail,
CLI-0228,SMB,Construction,Net-60
CLI-3522,SMB,,Net-60
CLI-4730,Mid-Market,Pharma,Net-30
CLI-2159,Mid Market,Textiles,Net-60
CLI-2232,Smb,Logistics,Net-60
CLI-2040,SMB,Logistics,60 days
CLI-0188,SMB,Construction,Net-30
CLI-1302,Mid-Market,,Net-60
CLI-1688,Enterprise,Retail,Net-30
CLI-4610,Mid-Market,Manufacturing,Net-30
CLI-0918,Mid-Market,Retail,Net-30
CLI-2562,Mid-Market,Pharma,Net-30
CLI-2631,Enterprise,Manufacturing,Net-15
CLI-0293,SMB,Pharma,Net-60
CLI-2381,MID-MARKET,Retail,Net-30
CLI-3926,Enterprise,Pharma,Net-30
CLI-4147,Mid-Market,Retail,Net-15
CLI-0944,Enterprise,Retail,Net-60
CLI-4596,SMB,Retail,Net-60
CLI-4489,Mid-Market,Textiles,
CLI-1784,SMB,Manufacturing,Net-60
CLI-0093,Mid-Market,Manufacturing,
CLI-0697, SMB,IT Services,Net-60
CLI-3929,Mid-Market,Manufacturing,Net-60
CLI-4842,Mid-Market,Logistics,
CLI-4719,SMB,FMCG,Net-30
CLI-0442,Mid-Market,Textiles,Net-30
CLI-4007,Mid-Market,Textiles,Net-60
CLI-3267,enterprise,Retail,Net-15
CLI-3532,Mid-Market,Retail,Net-15
CLI-1913,SMB,IT Services,Net-30
CLI-1242,Mid-Market,Logistics,Net-30
CLI-3624,Enterprise,Pharma,Net-15
CLI-0771,Mid-Market,Textiles,NET-15
CLI-1695,Enterprise,Pharma,Net-30
CLI-3216,Mid-Market,,Net-30
CLI-2630,Enterprise,Pharma,Net-60
CLI-1575,SMB,IT Services,Net-15
CLI-1778,Mid-Market,Construction,Net-15
CLI-0575,Enterprise,Construction,Net-30
CLI-4951,SMB,Construction,Net-15
CLI-4204,SMB,Logistics,Net-30
CLI-0296,Mid-Market,Retail,Net-60
CLI-0883,Mid-Market,,Net-30
CLI-0036,Mid-Market,FMCG,Net-30
CLI-1543,Enterprise,Logistics,NET-15
CLI-1293,Enterprise,Retail,Net-30
CLI-2953,SMB,Retail,Net-60
CLI-2475,Enterprise,Logistics,Net-15
CLI-3377,SMB,FMCG,Net-30
CLI-3112,Enterprise,Retail,Net-15
CLI-0576,Mid-Market,Manufacturing,
CLI-4328,Mid-Market,Textiles,Net-60
CLI-4465,Enterprise,IT Services,Net-15
CLI-4556,Mid-Market,IT Services,Net-30
CLI-0416,Enterprise,Pharma,Net-15
CLI-4307,Mid-Market,Retail,Net-30
CLI-1334,Enterprise,FMCG,Net-15
CLI-0282,Enterprise,IT Services,Net-15
CLI-4592,Enterprise,FMCG,Net-60
CLI-2502,Enterprise,Retail,30 days
CLI-2376, SMB,Construction,Net-60
CLI-0756,Mid-Market,Logistics,Net-30
CLI-0324,Enterprise,Pharma,Net-15
CLI-4803,Enterprise,IT Services,Net-15
CLI-0685,SMB,Pharma,Net-60
CLI-4117,Enterprise,Logistics,Net-30
CLI-1670,SMB,Retail,Net-30
CLI-4633,SMB,Construction,NET-30
CLI-1356,SMB,IT Services,Net-15
CLI-0213,Mid-Market,Textiles,Net-15
CLI-1235,SMB,IT Services,Net-30
CLI-0955,Mid-Market,Construction,Net-60
CLI-0951,Mid-Market,IT Services,30 days
CLI-1053,Mid-Market,Construction,NET-60
CLI-4857,Mid-Market,Logistics,Net-15
CLI-4806,SMB,Textiles,Net-30
CLI-4044,Enterprise,Manufacturing,Net-15
CLI-1521,Enterprise,Manufacturing,Net-30
CLI-0715,Mid-Market,Logistics,Net-60
CLI-3164,Mid-Market,Pharma,Net-30
CLI-4480,SMB,Textiles,Net-60
CLI-3503,SMB,Pharma,NET-15
CLI-3783,Enterprise,Pharma,Net-60
CLI-1441,SMB,Manufacturing,Net-30
CLI-3543,Enterprise ,IT Services,Net-15
CLI-1756,Mid-Market,Retail,Net-60
CLI-1656,Mid-Market,Retail,Net-15
CLI-0563,Enterprise,Manufacturing,Net-60
CLI-3875,SMB,Retail,
CLI-3006,SMB,Construction,
CLI-4116,Mid-Market,Pharma,Net-60
CLI-4681,Mid-Market,FMCG,Net-30
CLI-1911,Mid-Market,Manufacturing,Net-15
CLI-2479,Mid-Market,Construction,Net-30
CLI-1671,Mid-Market,Textiles,Net-60
CLI-0933,SMB,Construction,NET-15
CLI-0713,Mid-Market,Retail,Net-15
CLI-4536,Mid-Market,IT Services,Net-15
CLI-0708,Enterprise,FMCG,Net-30
CLI-0067,Mid-Market,Manufacturing,Net-30
CLI-4903,SMB,,Net-60
CLI-2478,SMB,Logistics,NET-30
CLI-2662,Mid-Market,Retail,Net-60
CLI-1261,SMB,IT Services,Net-30
CLI-1939,Enterprise,IT Services,Net-60
CLI-1117,Mid-Market,Pharma,Net-60
CLI-4654,SMB,Logistics,30 days
CLI-2072,Mid-Market,Construction,15 days
CLI-3920,Enterprise,Construction,Net-30
CLI-2313,Mid-Market,Retail,Net-30
CLI-0221,SMB,IT Services,Net-30
CLI-0501,Enterprise,Retail,
CLI-2597,SMB,Textiles,NET-30
CLI-3918,SMB,FMCG,Net-30
CLI-2897,SMB,IT Services,Net-15
CLI-1350,SMB,Logistics,Net-60
CLI-2964,Enterprise,Manufacturing,NET-15
CLI-0318,SMB,Textiles,Net-15
CLI-4520,Mid-Market,IT Services,Net-15
CLI-0726,Enterprise,Manufacturing,Net-30
CLI-1443,Mid-Market,Textiles,Net-60
CLI-0740,Mid-Market,IT Services,Net-60
CLI-2053,SMB,FMCG,Net-30
CLI-0181,SMB,FMCG,Net-30
CLI-2373,Mid-Market,Logistics,Net-15
CLI-1914,Mid-Market,,Net-60
CLI-3585,SMB,Textiles,Net-15
CLI-1641,mid-market,Manufacturing,Net-30
CLI-1417,SMB,Logistics,Net-30
CLI-0079,SMB,Textiles,Net-60
CLI-2341,Enterprise,FMCG,Net-30
CLI-2331,Enterprise,FMCG,Net-60
CLI-1381,Enterprise,Textiles,Net-15
CLI-0751,Enterprise,IT Services,Net-15
CLI-1412,Mid Market,Textiles,Net-60
CLI-1983,SMB,Construction,Net-30
CLI-2969,Mid-Market,Logistics,Net-30
CLI-1545,Enterprise,IT Services,Net-60
CLI-0465,SMB,Textiles,net60
CLI-2460,SMB,Retail,Net-15
CLI-1160,SMB,Logistics,Net-15
CLI-4481,Mid-Market,Pharma,Net-30
CLI-4202,Enterprise,Manufacturing,Net-60
CLI-0211,Mid-Market,,Net-30
CLI-1659,Mid-Market,FMCG,Net-30
CLI-3795,SMB,Pharma,Net-15
CLI-2147,SMB,IT Services,Net-60
CLI-3160,Enterprise,Pharma,Net-15
CLI-3880,SMB,Textiles,Net-30
CLI-1111,Mid-Market,Pharma,Net-60
CLI-0331,Enterprise,Retail,Net-15
CLI-1676,SMB,Manufacturing,Net-15
CLI-0492,SMB,Textiles,Net-15
CLI-1221,Mid-Market,Retail,net15
CLI-2619,SMB,Logistics,Net-60
CLI-4738,SMB,Construction,Net-30
CLI-2420,Enterprise,IT Services,Net-15
CLI-4026,SMB,FMCG,15 days
CLI-3066,Enterprise,Logistics,Net-60
CLI-2453,Mid-Market,Manufacturing,Net-30
CLI-0759,Mid-Market,Pharma,Net-30
CLI-1516,SMB,Textiles,Net-15
CLI-0550,SMB,Manufacturing,Net-15
CLI-0789,Mid-Market,Manufacturing,30 days
CLI-2567,SMB,FMCG,Net-15
CLI-3231,SMB,Textiles,Net-60
CLI-4715,Mid-Market,Construction,30 days
CLI-4489,SMB,FMCG,Net-60
CLI-4102,Enterprise,Retail,Net-30
CLI-4339,Enterprise,Construction,Net-60
CLI-3713,Enterprise,Logistics,Net-15
CLI-0506,Enterprise,Manufacturing,Net-15
CLI-1175,Mid-Market,IT Services,Net-30
CLI-3007,Enterprise,IT Services,Net-15
CLI-1074,Enterprise,Textiles,Net-30
CLI-2564,ENTERPRISE,Logistics,Net-30
CLI-1315,Smb,Textiles,Net-30
CLI-2827,SMB,FMCG,NET-60
CLI-1838,SMB,FMCG,Net-60
CLI-4581,Enterprise ,FMCG,Net-30
CLI-0609,Enterprise,Textiles,Net-15
CLI-2345,MID-MARKET,Manufacturing,60 days
CLI-2987,Enterprise,Manufacturing,Net-30
CLI-4211,enterprise,,Net-15
CLI-2461,Mid-Market,IT Services,Net-15
CLI-0940,Mid-Market,IT Services,60 days
CLI-3630,Enterprise,Textiles,Net-30
CLI-0680,Enterprise,Manufacturing,Net-60
CLI-4614,SMB,Retail,NET-15
CLI-1098,SMB,IT Services,Net-15
CLI-3169,SMB,Retail,Net-15
CLI-4965,SMB,Textiles,Net-30
CLI-2656,Enterprise,Textiles,Net-60
CLI-2807,Enterprise,IT Services,Net-15
CLI-0209,Mid-Market,IT Services,Net-15
CLI-3014, SMB,Textiles,15 days
CLI-3039,Enterprise,Retail,Net-30
CLI-4670,Mid-Market,Pharma,Net-15
CLI-2812,SMB,Textiles,net15
CLI-4656,Mid-Market,Construction,Net-60
CLI-2791,Enterprise,FMCG,Net-30
CLI-4053,Mid-Market,FMCG,Net-60
CLI-2896,SMB,Construction,Net-30
CLI-2424,Enterprise,Textiles,Net-30
CLI-4918,Enterprise,Logistics,Net-60
CLI-3016,Enterprise,Logistics,Net-60
CLI-3535,Mid-Market,Construction,Net-30
CLI-2997,Mid-Market,Logistics,Net-60
CLI-3121,Mid-Market,Manufacturing,Net-15
CLI-2612, SMB,Retail,Net-15
CLI-0581,Mid-Market,Construction,Net-60
CLI-3775,SMB,Retail,Net-60
CLI-4191,Enterprise,FMCG,Net-30
CLI-1358,Mid-Market,Manufacturing,Net-15
CLI-4023,Mid-Market,Construction,Net-30
CLI-4852,Mid-Market,Manufacturing,Net-30
CLI-1060,Enterprise,Manufacturing,Net-30
CLI-0174,SMB,FMCG,Net-15
CLI-3756,Mid-Market,IT Services,Net-60
CLI-3308,Mid-Market,Textiles,Net-30
CLI-4985,SMB,Pharma,Net-30
CLI-1620,Enterprise,Pharma,Net-15
CLI-2296,Mid-Market,FMCG,Net-15
CLI-3745,Mid Market,Logistics,Net-15
CLI-1694,Enterprise,FMCG,Net-15
CLI-1790,SMB,IT Services,Net-30
CLI-2999,Enterprise,IT Services,Net-15
CLI-0959,Smb,Construction,Net-60
CLI-0139,Enterprise,Pharma,Net-60
CLI-4431,Enterprise,Retail,Net-60
CLI-0313,SMB,Logistics,Net-15
CLI-0621,Mid-Market,Manufacturing,Net-30
CLI-4491,SMB,IT Services,
CLI-2626,Enterprise,Textiles,Net-15
CLI-0437,Enterprise,Retail,Net-30
CLI-4504,SMB,Textiles,Net-60
CLI-4843,Enterprise,Manufacturing,Net-15
CLI-2916,smb,Construction,Net-60
CLI-2030,Mid-Market,Logistics,Net-15
CLI-1834,SMB,Logistics,Net-15
CLI-4459,SMB,FMCG,Net-60
CLI-1178,SMB,Logistics,Net-30
CLI-3080,SMB,FMCG,Net-15
CLI-4942,Mid-Market,IT Services,Net-30
CLI-4087,SMB,Retail,Net-15
CLI-4134,SMB,Logistics,Net-15
CLI-4870,Enterprise,Construction,Net-15
CLI-0962,SMB,FMCG,Net-30
CLI-4810,Enterprise,Logistics,Net-30
CLI-2600,Enterprise,Construction,Net-60
CLI-4718,Mid Market,Pharma,Net-15
CLI-2007,Mid-Market,Retail,Net-30
CLI-1847,SMB,Manufacturing,Net-15
CLI-0387,Mid-Market,Textiles,Net-30
CLI-1055,Enterprise,Pharma,Net-15
CLI-0698,SMB,Retail,Net-15
CLI-0485,Enterprise,FMCG,Net-60
CLI-1691,SMB,Textiles,Net-60
CLI-2647,Mid-Market,Logistics,
CLI-4548,Enterprise,IT Services,Net-15
CLI-0197,Mid-Market,Construction,Net-15
CLI-3380,Enterprise,Logistics,
CLI-2660,Mid-Market,Textiles,Net-15
CLI-0261,ENTERPRISE,Retail,Net-60
CLI-2250,Mid-Market,Textiles,Net-15
CLI-3455,Mid-Market,IT Services,60 days
CLI-1308,Enterprise,Pharma,Net-15
CLI-2286,SMB,Construction,Net-30
CLI-4774,MID-MARKET,Logistics,Net-60
CLI-2563,Mid-Market,FMCG,
CLI-2145,SMB,IT Services,Net-15
CLI-1960,Mid-Market,IT Services,Net-60
CLI-1325,Mid Market,Manufacturing,Net-15
CLI-3468,Mid-Market,Construction,15 days
CLI-0087,SMB,IT Services,Net-30
CLI-0238,Enterprise,Retail,Net-30
CLI-4906,SMB,Pharma,Net-30
CLI-3812,Enterprise,Logistics,
CLI-4380,Mid-Market,Manufacturing,60 days
CLI-2886,Enterprise,FMCG,Net-60
CLI-2706,SMB,Textiles,Net-60
CLI-4460,Enterprise,Retail,Net-15
CLI-2322,Mid-Market,Retail,30 days
CLI-1336,Mid-Market,IT Services,Net-15
CLI-0578,Enterprise,Textiles,
CLI-1461,SMB,Construction,Net-30
CLI-1536,Mid-Market,Pharma,Net-15
CLI-1698,Mid-Market,FMCG,Net-30
CLI-1870,Mid-Market,Manufacturing,Net-30
CLI-4092,Enterprise,Construction,Net-60
CLI-3533,Mid-Market,Textiles,Net-60
CLI-2168,SMB,Manufacturing,Net-15
CLI-4219,ENTERPRISE,Pharma,Net-30
CLI-2282,SMB,Manufacturing,
CLI-2434,Mid-Market,IT Services,Net-30
CLI-0084,Mid-Market,Textiles,Net-30
CLI-3114, SMB,FMCG,Net-60
CLI-2813,Mid-Market,Manufacturing,Net-15
CLI-3203,Enterprise,Manufacturing,Net-60
CLI-4323,SMB,IT Services,Net-60
CLI-1908,Mid-Market,IT Services,Net-30
CLI-4943,Mid-Market,Textiles,Net-15
CLI-3275,Enterprise,Manufacturing,Net-15
CLI-2339,Mid-Market,Retail,NET-15
CLI-3452,Enterprise,Logistics,Net-30
CLI-4783,Mid-Market,Pharma,Net-30
CLI-2947,Enterprise,Construction,Net-15
CLI-0567,Mid-Market,Construction,net60
CLI-4403,Mid-Market,Retail,Net-15
CLI-4571,mid-market,Retail,Net-15
CLI-3905,Enterprise,IT Services,Net-60
CLI-3405,Enterprise,Construction,
CLI-0852,SMB,Logistics,Net-15
CLI-0855,SMB,Textiles,NET-60
CLI-4961,Enterprise,Textiles,Net-60
CLI-0317,SMB,Retail,Net-60
CLI-3754,Enterprise,Logistics,Net-15
CLI-3686,Enterprise,Textiles,Net-30
CLI-4742,Enterprise,Logistics,Net-60
CLI-1827,Enterprise,Textiles,Net-60
CLI-4270,SMB,Textiles,Net-15
CLI-3364,Mid-Market,Logistics,Net-30
CLI-2379,Mid-Market,Textiles,Net-30
CLI-2767,SMB,Construction,Net-15
CLI-2804,Mid-Market,FMCG,Net-60
CLI-2713, SMB,Logistics,Net-15
CLI-1249,Enterprise,Logistics,Net-60
CLI-0343,Enterprise,Retail,Net-30
CLI-2086,SMB,Logistics,Net-30
CLI-1338,Mid-Market,FMCG,Net-30
CLI-2558,SMB,Manufacturing,net15
CLI-0186,SMB,Retail,NET-15
CLI-3672,SMB,FMCG,Net-60
CLI-2822,Mid-Market,IT Services,net30
CLI-4512,Mid-Market,Logistics,Net-15
CLI-1395,mid-market,FMCG,Net-30
CLI-1037,Smb,Logistics,Net-30
CLI-1808,Mid Market,Retail,Net-30
CLI-3788,SMB,Logistics,Net-15
CLI-1031,Enterprise ,Logistics,Net-30
CLI-0499,SMB,,Net-60
CLI-1789,Enterprise,FMCG,Net-30
CLI-3849,SMB,IT Services,Net-30
CLI-4968,SMB,Retail,Net-30
CLI-2921,Enterprise,IT Services,Net-30
CLI-4348,SMB,Construction,net30
CLI-2783,SMB,FMCG,Net-30
CLI-1745,Smb,Construction,Net-60
CLI-3787,Enterprise,Manufacturing,Net-30
CLI-2087,SMB,Pharma,Net-60
CLI-0459,Mid-Market,Construction,Net-30
CLI-0300,Mid-Market,Pharma,Net-15
CLI-4094,Enterprise,Manufacturing,Net-15
CLI-3711,Mid-Market,Construction,Net-30
CLI-1058,Mid-Market,Construction,Net-15
CLI-1581,Enterprise,Retail,Net-15
CLI-1422,enterprise,IT Services,Net-30
CLI-3484,SMB,Textiles,Net-60
CLI-2803,SMB,Pharma,Net-30
CLI-3203,SMB,Manufacturing,Net-30
CLI-3935,Enterprise,Logistics,Net-60
CLI-3017,Mid-Market,Pharma,
CLI-2843,Enterprise,Logistics,Net-30
CLI-2179,SMB,FMCG,Net-30
CLI-1818,SMB,Manufacturing,Net-15
CLI-1865,Mid-Market,Construction,Net-30
CLI-0953,Enterprise,IT Services,Net-30
CLI-4892,Enterprise,Retail,Net-30
CLI-3332,SMB,Pharma,Net-15
CLI-0060,Mid-Market,Construction,Net-15
CLI-0656,mid-market,Textiles,Net-60
CLI-3586,Enterprise,FMCG,Net-15
CLI-2201,Enterprise,Textiles,Net-60
CLI-1856,Enterprise ,Retail,Net-60
CLI-4597,SMB,Retail,Net-15
CLI-3677,SMB,Logistics,Net-60
CLI-3958,SMB,Logistics,Net-60
CLI-4144,Mid-Market,Manufacturing,NET-60
CLI-0052,Mid-Market,Pharma,15 days
CLI-1226,Mid-Market,Manufacturing,Net-60
CLI-1993,Mid-Market,Logistics,Net-60
CLI-0239,Mid-Market,Retail,Net-30
CLI-4714,Mid-Market,Textiles,Net-60
CLI-3791,SMB,Logistics,Net-30
CLI-4336,SMB,Manufacturing,Net-30
CLI-1180,Enterprise,Logistics,Net-15
CLI-3861,SMB,Construction,Net-30
CLI-1525,SMB,Manufacturing,Net-60
CLI-2769,Mid-Market,,Net-60
CLI-4437,Mid-Market,Manufacturing,Net-15
CLI-3502,Enterprise,FMCG,Net-15
CLI-2653,Mid-Market,FMCG,Net-15
CLI-3189,SMB,Retail,Net-60
CLI-4466,Enterprise,Pharma,Net-60
CLI-3937,Enterprise,Logistics,Net-15
CLI-3626,smb,Logistics,Net-30
CLI-1039,Mid-Market,Logistics,Net-60
CLI-2401,smb,Manufacturing,Net-60
CLI-3576,Enterprise,FMCG,Net-60
CLI-4285,SMB,Manufacturing,Net-60
CLI-3127, SMB,FMCG,Net-30
CLI-3544,Mid-Market,Textiles,Net-15
CLI-1704,Mid-Market,IT Services,
CLI-0138,Mid-Market,Construction,Net-60
CLI-1306,Mid-Market,Logistics,Net-30
CLI-1076,Enterprise,IT Services,Net-30
CLI-4946,Enterprise,IT Services,Net-15
CLI-0747,Enterprise,Textiles,Net-60
CLI-3771,SMB,Retail,Net-15
CLI-4551,Enterprise,Retail,NET-15
CLI-4971, SMB,,Net-60
CLI-1373,Mid-Market,Pharma,Net-15
CLI-1805,Mid-Market,,Net-60
CLI-0650,SMB,Retail,Net-60
CLI-1987,Enterprise,FMCG,Net-15
CLI-0365,SMB,FMCG,30 days
CLI-1263,Enterprise,IT Services,Net-30
CLI-1261,Enterprise,Retail,Net-60
CLI-0295,Mid-Market,FMCG,Net-30
CLI-3679,Mid-Market,FMCG,Net-15
CLI-2348,smb,Construction,Net-15
CLI-4364,SMB,IT Services,Net-15
CLI-1281,Enterprise,Logistics,Net-60
CLI-4109,SMB,IT Services,Net-15
CLI-4398,SMB,Textiles,Net-30
CLI-1439,Enterprise,IT Services,Net-15
CLI-2541,Mid-Market,Pharma,
CLI-4309,Enterprise,,Net-15
CLI-4828,Enterprise,Construction,Net-60
CLI-3196,Enterprise,Pharma,Net-15
CLI-2233,Mid-Market,Textiles,Net-30
CLI-4812,Mid-Market,Pharma,Net-30
CLI-0340,Mid-Market,Logistics,Net-30
CLI-4785,Smb,Construction,Net-15
CLI-3546,SMB,Logistics,Net-30
CLI-3124,Enterprise,IT Services,Net-15
CLI-4427,Enterprise,Logistics,Net-30
CLI-4287,SMB,,Net-30
CLI-1404,SMB,Retail,NET-60
CLI-0623,Mid-Market,Retail,Net-60
CLI-1143,Mid-Market,Pharma,Net-30
CLI-2774,SMB,Logistics,Net-15
CLI-1442,Mid-Market,Textiles,Net-15
CLI-4279,Enterprise,Logistics,Net-60
CLI-4514,Enterprise,Construction,30 days
CLI-1354,Mid-Market,Construction,Net-60
CLI-0236,Mid-Market,FMCG,Net-60
CLI-4284,Mid-Market,Logistics,net15
CLI-0655,Enterprise,Pharma,
CLI-1243,SMB,Pharma,Net-30
CLI-2672,Mid-Market,Pharma,net60
CLI-3548,Enterprise,FMCG,Net-60
CLI-2898,Mid-Market,Textiles,Net-60
CLI-1898,SMB,IT Services,Net-60
CLI-3086,Mid-Market,,Net-30
CLI-3288,ENTERPRISE,Textiles,Net-60
CLI-4208,SMB,Logistics,Net-60
CLI-2715,SMB,FMCG,Net-60
CLI-4184,Enterprise,IT Services,Net-30
CLI-2841,Mid-Market,IT Services,Net-60
CLI-2448,SMB,Logistics,Net-60
CLI-2613,Enterprise,Textiles,Net-30
CLI-0636,SMB,FMCG,Net-15
CLI-3410,SMB,Construction,Net-15
CLI-3237,Mid-Market,Textiles,Net-30
CLI-0390,Enterprise,Retail,Net-30
CLI-4421,SMB,Logistics,Net-30
CLI-4000,Enterprise,Logistics,Net-30
CLI-4568,SMB,Textiles,Net-15
CLI-1524,Mid-Market,Retail,Net-60
CLI-4461,enterprise,FMCG,Net-60
CLI-4027,enterprise,Manufacturing,Net-15
CLI-0118,Mid-Market,Textiles,Net-60
CLI-4454,SMB,,Net-60
CLI-3757,SMB,IT Services,Net-30
CLI-0627,SMB,IT Services,Net-60
CLI-1066,SMB,Pharma,Net-15
CLI-0862,SMB,IT Services,Net-60
CLI-0514,Enterprise,IT Services,Net-30
CLI-1541,SMB,FMCG,Net-30
CLI-3428,Enterprise,Logistics,Net-60
CLI-2885,Mid-Market,Textiles,
CLI-3741,Mid-Market,Manufacturing,Net-60
CLI-2444,SMB,Pharma,Net-30
CLI-2329,SMB,Construction,Net-15
CLI-1327,SMB,Logistics,Net-30
CLI-3391,Mid-Market,IT Services,Net-60
CLI-4399,Mid-Market,Retail,Net-30
CLI-0553,Mid-Market,Pharma,Net-15
CLI-4031,Mid-Market,Textiles,Net-60
CLI-1444,Mid-Market,FMCG,Net-15
CLI-3605,SMB,FMCG,
CLI-1747,Mid-Market,Logistics,Net-60
CLI-0434,Mid-Market,FMCG,Net-60
CLI-2033,SMB,Textiles,Net-15
CLI-1977,SMB,IT Services,Net-60
CLI-2454,Mid-Market,Retail,net30
CLI-3683,mid-market,Textiles,
CLI-1070,Mid-Market,Construction,Net-15
CLI-1076,Mid-Market,Construction,Net-30
CLI-0288,SMB,Manufacturing,Net-60
CLI-3103,SMB,Construction,Net-60
CLI-0837,SMB,Textiles,
CLI-1902,Enterprise,,60 days
CLI-2590,Enterprise,Manufacturing,Net-60
CLI-0248,SMB,Textiles,Net-15
CLI-0595,SMB,Retail,Net-60
CLI-2068,Enterprise,Construction,Net-30
CLI-3757,Mid-Market,Manufacturing,Net-15
CLI-2747,Mid-Market,Retail,
CLI-3432,SMB,,Net-15
CLI-0232,Mid-Market,Logistics,Net-60
CLI-3813,mid-market,Logistics,Net-30
CLI-0509,SMB,Logistics,net30
CLI-1967,SMB,Pharma,Net-15
CLI-1084,MID-MARKET,Manufacturing,Net-60
CLI-1115,Mid-Market,FMCG,Net-60
CLI-3294,Enterprise,Retail,NET-30
CLI-4542,ENTERPRISE,FMCG,Net-30
CLI-3356,SMB,,Net-30
CLI-2951,SMB,Manufacturing,Net-30
CLI-0573,Enterprise,IT Services,Net-30
CLI-0974,Mid Market,Textiles,Net-60
CLI-3336,Enterprise,Retail,Net-30
CLI-2863,Enterprise,FMCG,Net-60
CLI-3457,SMB,Logistics,Net-60
CLI-1986,SMB,Logistics,Net-60
CLI-4949,Enterprise,Retail,Net-60
CLI-3921,Enterprise,Logistics,Net-30
CLI-2414,SMB,Textiles,Net-15
CLI-2346,SMB,Retail,Net-15
CLI-4326,SMB,,Net-60
CLI-0192,Mid-Market,Manufacturing,Net-30
CLI-1255,SMB,Retail,Net-60
CLI-0909,Mid-Market,Logistics,Net-30
CLI-0223,SMB,Construction,Net-60
CLI-4939,Mid-Market,Logistics,Net-60
CLI-4227,Enterprise,Retail,net60
CLI-2042,Mid-Market,Manufacturing,Net-30
CLI-3088,enterprise,Textiles,Net-15
CLI-2058,Mid-Market,FMCG,Net-30
CLI-1711,SMB,Retail,Net-60
CLI-4764,Enterprise,Construction,Net-30
CLI-0525,SMB,Textiles,Net-15
CLI-2727,Enterprise,Textiles,Net-60
CLI-3717,Mid-Market,IT Services,Net-30
CLI-1491,Enterprise,Manufacturing,Net-60
CLI-3564,Enterprise,IT Services,Net-60
CLI-4933,Mid-Market,Retail,Net-15
CLI-2690,Smb,Logistics,Net-30
CLI-0027,Enterprise,Textiles,Net-60
CLI-3408,Mid-Market,Manufacturing,Net-60
CLI-1746,SMB,FMCG,Net-30
CLI-4762, SMB,Pharma,Net-15
CLI-1116,Enterprise,Construction,Net-15
CLI-0713,Enterprise,FMCG,Net-15
CLI-0947,Mid-Market,FMCG,
CLI-0035, SMB,FMCG,Net-15
CLI-2275,SMB,Construction,Net-30
CLI-1931,SMB,IT Services,net15
CLI-0568,Enterprise,Construction,Net-30
CLI-2416,Mid-Market,FMCG,net30
CLI-3703,SMB,Pharma,Net-15
CLI-2114,SMB,FMCG,Net-15
CLI-4201, SMB,IT Services,Net-30
CLI-2699,Mid-Market,Logistics,Net-30
CLI-2284,Mid-Market,Logistics,net15
CLI-2402,SMB,Logistics,Net-60
CLI-2709,Mid-Market,,Net-60
CLI-3856,Mid-Market,Logistics,Net-15
CLI-3777,Mid-Market,Construction,Net-30
CLI-4299,Mid-Market,Manufacturing,Net-30
CLI-4439,SMB,Pharma,Net-15
CLI-4831,Mid-Market,Textiles,Net-15
CLI-3728,Mid Market,IT Services,Net-15
CLI-3691,Enterprise,Pharma,Net-60
CLI-4248, SMB,Manufacturing,Net-15
CLI-4125,Mid-Market,Retail,Net-60
CLI-2061,Enterprise,IT Services,Net-30
CLI-3506,MID-MARKET,Pharma,Net-15
CLI-3654,Enterprise,Textiles,Net-15
CLI-3472,SMB,Manufacturing,Net-15
CLI-1483,SMB,Retail,Net-30
CLI-4084,Mid-Market,Pharma,Net-15
CLI-1181,Mid-Market,,Net-60
CLI-2820,Mid-Market,Textiles,Net-60
CLI-2224,Enterprise,Textiles,Net-30
CLI-0389,SMB,Manufacturing,Net-30
CLI-4386,Enterprise,Textiles,Net-15
CLI-2753,Mid-Market,Construction,Net-15
CLI-4089,SMB,Manufacturing,
CLI-1501,Mid-Market,Construction,Net-30
CLI-3753,Enterprise,Construction,
CLI-0644,Enterprise,Textiles,Net-30
CLI-3521,Mid-Market,Logistics,Net-15
CLI-2149,SMB,IT Services,Net-30
CLI-0661,Enterprise,Retail,Net-15
CLI-1477,Enterprise,IT Services,Net-15
CLI-3887,Enterprise,Logistics,Net-30
CLI-2065,Enterprise,Manufacturing,Net-15
CLI-4487,Enterprise,Textiles,Net-30
CLI-3947,Mid-Market,Pharma,15 days
CLI-0850,SMB,IT Services,Net-30
CLI-3733,Enterprise,Pharma,Net-15
CLI-2031,SMB,Textiles,Net-30
CLI-4784,SMB,Textiles,net60
CLI-1430,Enterprise,,Net-60
CLI-2415,Enterprise,Retail,Net-15
CLI-0041,Enterprise,Logistics,15 days
CLI-3167,SMB,Retail,NET-60
CLI-2499,ENTERPRISE,Logistics,Net-15
CLI-3661,Enterprise,Pharma,Net-15
CLI-2295,Mid-Market,Manufacturing,Net-60
CLI-4423,Enterprise,Retail,Net-30
CLI-4988,SMB,Construction,
CLI-2093,Mid-Market,FMCG,Net-30
CLI-3855,Enterprise,Manufacturing,
CLI-2310,Mid-Market,Construction,Net-30
CLI-0527,Mid-Market,Retail,Net-15
CLI-1155,Enterprise,Retail,Net-60
CLI-4996,Mid-Market,IT Services,Net-15
CLI-0836,Mid-Market,Manufacturing,Net-15
CLI-4490,Mid-Market,Logistics,Net-30
CLI-3968,Enterprise,Retail,Net-60
CLI-4236,SMB,Logistics,Net-30
CLI-4706,Mid-Market,Retail,Net-30
CLI-1344,Mid-Market,Pharma,Net-30
CLI-4479,Enterprise,Construction,Net-30
CLI-2429,Enterprise,Logistics,net60
CLI-2719,Mid Market,Textiles,net60
CLI-2744,Mid-Market,Logistics,Net-15
CLI-0071,Mid-Market,Construction,Net-60
CLI-1100,SMB,IT Services,Net-60
CLI-4058,SMB,Retail,Net-60
CLI-4225,Mid-Market,Logistics,Net-30
CLI-2836,Enterprise,FMCG,Net-60
CLI-1269,SMB,Manufacturing,Net-30
CLI-2169,SMB,Textiles,Net-60
CLI-3430,Mid-Market,Textiles,Net-30
CLI-1211,Enterprise,Pharma,Net-60
CLI-1280,SMB,Pharma,Net-15
CLI-0327,enterprise,IT Services,Net-30
CLI-0069,SMB,Retail,Net-30
CLI-4358,Enterprise,Logistics,Net-30
CLI-2253,smb,Logistics,
CLI-1627,Enterprise,IT Services,Net-60
CLI-3719,Enterprise,Retail,Net-15
CLI-0429,SMB,Retail,Net-30
CLI-1718,smb,IT Services,Net-15
CLI-4097,Enterprise,Manufacturing,15 days
CLI-0965,SMB,Pharma,Net-15
CLI-3376,Mid-Market,Pharma,Net-60
CLI-4726,Mid-Market,Pharma,Net-60
CLI-2925,Enterprise,Retail,Net-15
CLI-1989,Mid-Market,FMCG,Net-15
CLI-0626,MID-MARKET,,Net-60
CLI-1360,Mid-Market,Textiles,Net-30
CLI-1822,Enterprise ,,Net-30
CLI-4887,SMB,Pharma,Net-30
CLI-2634,Enterprise,IT Services,Net-60
CLI-4538,Mid-Market,Logistics,Net-60
CLI-4995,SMB,IT Services,Net-15
CLI-4192,Enterprise,IT Services,net30
CLI-3476,Enterprise,Logistics,Net-30
CLI-3362,SMB,Logistics,Net-15
CLI-2051,Mid-Market,Logistics,Net-60
