invoice_id,client_id,invoice_amount,due_date
INV-5731,CLI-4893,1732888.38,2025-06-11
INV-4911,CLI-3857,990154.06,2026-06-13
INV-4560,CLI-0265,1532736.66,2025-08-20
INV-1437,CLI-4540,785265.85,2025-08-21
INV-6765,CLI-3236,1441207.71,2025-08-07
INV-4937,CLI-3092,400464.75,2026-02-24
INV-1205,CLI-5451,1248294.11,2026-11-14
INV-4340,CLI-5421,965439.77,10-03-2026
INV-3037,CLI-2966,566478.30,2025-08-05
INV-7370,CLI-3534,,2025-08-27
INV-1755,CLI-3289,1085162.37,2025-09-07
INV-1127,CLI-4652,1121067.35,2025-08-07
INV-5361,CLI-2217,1103906.83,2026-11-10
INV-4959,CLI-2026,1670148.75,2025-11-13
INV-1442,CLI-4001,343311.91,29-11-2026
INV-2325,CLI-2660,1958370.35,2025-09-03
INV-7190,CLI-4528,150753.81,2026-12-11
INV-5165,CLI-3398,359522.14,2026-12-21
INV-4058,CLI-0632,714546.66,2026-12-06
INV-6165,CLI-4720,1906480.67,2026-12-03
INV-5175,CLI-4475,384917.93,2025-12-17
INV-7137,CLI-3156,-155474.36,2026-06-06
INV-3579,CLI-4851,1232301.56,2025-12-14
INV-5691,CLI-0071,N/A,06-09-2026
INV-6210,CLI-2960,1831844.26,2025-09-25
INV-1639,CLI-2309,1154494.28,2026-07-30
INV-5417,CLI-4204,416426.11,2025-12-15
INV-3303,CLI-3209,697284.88,2026-04-27
INV-3476,CLI-2600,1013820.57,2026-08-31
INV-4837,CLI-3713,1785644.43,2026-11-05
INV-4281,CLI-1167,234226.22,2026-10-14
INV-3256,CLI-4859,1041936.20,2025-11-06
INV-3608,CLI-1921,1028620.50,2025-08-15
INV-4120,CLI-4334,532635.05,2026-09-13
INV-2260,CLI-1900,153653.51,2026-09-03
INV-4132,CLI-0628,1523932.26,2026-12-12
INV-4701,CLI-4777,364245.39,2026-11-24
INV-1581,CLI-2240,1049152.01,2025-08-04
INV-4696,CLI-1079,386684.40,2026-06-15
INV-2836,CLI-2582,852327.02,2026-02-16
INV-3273,CLI-2144,658925.50,2025-11-24
INV-4513,CLI-2930,1427847.66,2025-10-06
INV-6358,CLI-3051,258582.51,2025-11-17
INV-3997,CLI-2363,1458042.52,2025-12-02
INV-4764,CLI-2176,594107.96,2026-11-30
INV-4018,CLI-2668,206278.01,2026-03-18
INV-1802,CLI-3219,1821021.24,2026-01-30
INV-6705,CLI-1217,1149985.77,2026-12-07
INV-5231,CLI-1025,N/A,2025-10-22
INV-1621,CLI-3189,1705905.20,2025-07-08
INV-3217,CLI-3260,696456.43,2026-12-06
INV-2848,CLI-0931,893994.65,2025-12-27
INV-4334,CLI-2412,1456515.00,2025-11-29
INV-2844,CLI-3688,845416.79,2025-12-09
INV-6233,CLI-3997,486419.09,2025-07-07
INV-5787,CLI-1617,990557.01,2026-13-09
INV-4874,CLI-3041,1029530.63,2025-09-10
INV-6722,CLI-2095,1619432.71,2025-11-21
INV-1244,CLI-4877,"₹1,514,651.50",2026-03-18
INV-4783,CLI-2610,967462.66,13-07-2026
INV-2634,CLI-3657,1705264.18,2026-12-09
INV-1146,CLI-3586,356071.15,2026-02-10
INV-5517,CLI-3383,1638789.25,2026-08-02
INV-6651,CLI-4708,551793.63,2025-06-21
INV-2225,CLI-3263,1013126.31,2026-07-12
INV-4744,CLI-4064,1082671.36,2026-01-09
INV-7285,CLI-4596,380375.27,2026-06-23
INV-2919,CLI-4930,1297998.12,2026-05-03
INV-6427,CLI-1035,1243165.53,2026-01-09
INV-5893,CLI-4906,159979.71,2026-07-20
INV-6917,CLI-2322,405701.38,2025-11-24
INV-3484,CLI-2710,1976487.10,2025-12-05
INV-6704,CLI-0558,1586964.31,2025-09-02
INV-1032,CLI-1930,1169140.76,2026-09-02
INV-3025,CLI-1388,1753726.34,2025-12-10
INV-4615,CLI-0061,403399.09,2025-12-08
INV-6064,CLI-0711,1482046.59,2025-08-10
INV-4640,CLI-2505,782789.85,2025-12-08
INV-2543,CLI-0266,1952322.52,2025-08-14
INV-5768,CLI-4386,1328828.92,2026-03-10
INV-4749,CLI-2779,868139.85,2025-06-01
INV-4680,CLI-0914,1593391.65,2026-07-25
INV-6376,CLI-3934,1737166.61,2026-04-08
INV-5068,CLI-5348,1162643.37,2025-10-11
INV-1980,CLI-3526,1840155.34,2025-11-22
INV-1982,CLI-4501,1772706.46,2026-10-24
INV-6247,CLI-1686,1932384.79,2026-10-02
INV-2771,CLI-4252,1872282.66,2025-07-02
INV-5374,CLI-2739,,2026-01-21
INV-1468,CLI-1293,1704576.28,2025-11-27
INV-3699,CLI-3742,1275364.37,2025-07-01
INV-2274,CLI-0133,765744.58,2026-08-01
INV-5418,CLI-4889,1492748.34,2025-07-22
INV-7136,CLI-2705,842559.30,
INV-3552,CLI-0786,1928320.81,2026-05-21
INV-1367,CLI-0331,682786.28,2026-11-05
INV-1249,CLI-1145,533671.42,2025-06-05
INV-1940,CLI-4958,1674494.89,2026-07-08
INV-3420,CLI-3125,"₹1,290,601.22",2026-07-16
INV-4935,CLI-3939,629858.36,2026-08-16
INV-2089,CLI-3511,274398.77,2025-12-11
INV-6978,CLI-4382,852506.07,2026-06-25
INV-1463,CLI-2970,1548014.97,2026-04-27
INV-5232,CLI-4270,1295856.31,2026-10-28
INV-3099,CLI-1348,149437.46,04-10-2025
INV-5503,CLI-0138,140710.78,2025-08-07
INV-3312,CLI-1293,1109776.58,2025-10-02
INV-2087,CLI-4697,1597332.22,2025-09-26
INV-6890,CLI-3048,563639.89,2026-06-10
INV-4471,CLI-3269,443564.76,2026-10-22
INV-1405,CLI-0753,751926.13,2025-12-18
INV-4484,CLI-3337,1117342.54,2025-11-22
INV-4335,CLI-4056,275892.98,2026-03-01
INV-3539,CLI-2391,45004.78,2026-01-07
INV-2750,CLI-1733,1473540.31,2025-08-31
INV-1559,CLI-3206,850678.01,2026-07-08
INV-4964,CLI-4468,1489980.39,2025-12-18
INV-3613,CLI-0115,70255.99,2026-11-10
INV-5344,CLI-1268,563328.18,2025-07-07
INV-3223,CLI-0109,7865.09,2026-05-14
INV-4084,CLI-0098,558601.65,2026-05-31
INV-3323,CLI-1766,,2026-03-09
INV-4126,CLI-3035,1261290.66,2026-07-13
INV-1183,CLI-3126,480531.35,2026-09-13
INV-3358,CLI-2485,1957021.07,2025-10-25
INV-1626,CLI-1320,1382709.11,2025-12-27
INV-5353,CLI-4221,109365.52,2025-06-19
INV-6196,CLI-1675,1937476.36,2026-08-10
INV-6511,CLI-1860,,2026-02-20
INV-6833,CLI-0085,1234080.92,2026-07-24
INV-1229,CLI-3855,844705.73,2025-11-20
INV-6407,CLI-2421,1462298.51,07-07-2026
INV-5642,CLI-3980,1598598.71,2026-06-29
INV-3044,CLI-3464,1613176.73,2025-06-03
INV-5966,CLI-2376,1930156.74,2025-07-15
INV-3232,CLI-4396,1208421.18,2025-09-05
INV-5359,CLI-1686,215334.65,2026-02-11
INV-5116,CLI-0235,1949465.60,18-03-2026
INV-5588,CLI-4753,1001758.67,2026-02-18
INV-5281,CLI-3044,1981192.55,2025-10-20
INV-1961,CLI-4480,649711.18,2026-10-16
INV-1476,CLI-1320,N/A,2026-08-02
INV-1361,CLI-4984,"₹1,046,202.23",2025-08-16
INV-7069,CLI-3665,59592.25,2025-10-02
INV-3548,CLI-1414,388601.38,2026-04-20
INV-5110,CLI-2224,474229.51,2026-06-29
INV-1118,CLI-3441,983284.45,2026-03-07
INV-1686,CLI-0740,869048.89,2026-02-01
INV-5081,CLI-4718,327493.43,2025-07-22
INV-3437,CLI-2159,1221778.84,2026-01-29
INV-4973,CLI-3087,713399.55,2026-03-31
INV-3727,CLI-0269,993049.36,2025-07-18
INV-3375,CLI-2376,1049804.21,2025-06-10
INV-4710,CLI-1202,1593832.19,2026-12-29
INV-2873,CLI-2601,1491495.47,2026-06-17
INV-6682,CLI-4113,28287.47,2025-10-23
INV-5242,CLI-1157,186050.60,2026-06-08
INV-4127,CLI-4458,,2025-09-05
INV-3377,CLI-2519,,2025-06-21
INV-4121,CLI-3901,1600374.58,2026-01-26
INV-6958,CLI-2147,1990977.55,2026-11-18
INV-4472,CLI-2886,1238476.06,2025-07-17
INV-5237,CLI-5057,880142.49,2026-07-19
INV-6830,CLI-3148,15971.10,2025-12-06
INV-5693,CLI-3304,-1566926.37,2025-10-29
INV-3354,CLI-1142,918858.54,2025-06-01
INV-4709,CLI-2422,621722.23,2026-09-19
INV-4242,CLI-2384,1024781.60,2026-04-26
INV-5182,CLI-1415,-420339.96,2025-06-06
INV-5170,CLI-1715,1438720.01,2025-12-30
INV-5780,CLI-0256,1125412.36,2026-01-12
INV-6485,CLI-3747,-1155431.30,2025-07-04
INV-1567,CLI-4769,1264562.09,2025-07-19
INV-6590,CLI-3419,120611.23,2026-13-07
INV-1478,CLI-1153,49731.91,2026-02-07
INV-7430,CLI-3904,-1683287.26,2026-10-08
INV-1597,CLI-3204,1638307.89,24-12-2025
INV-4505,CLI-2943,657149.05,2025-12-11
INV-1670,CLI-1959,"₹175,648.70",2025-06-04
INV-4943,CLI-1972,113668.89,2025-12-20
INV-5635,CLI-2034,525098.72,2026-06-10
INV-4390,CLI-4327,1075409.23,2025-09-22
INV-5508,CLI-2376,1941467.42,2026-06-05
INV-3339,CLI-4648,444929.57,2026-01-19
INV-5149,CLI-2922,1404631.97,2026-02-18
INV-3860,CLI-0973,530300.82,2025-08-12
INV-7124,CLI-1984,835596.57,14-11-2025
INV-6664,CLI-1486,957778.22,2026-02-27
INV-3338,CLI-2062,1622889.84,
INV-3470,CLI-1785,1309579.62,
INV-5522,CLI-4035,287730.33,2026-02-02
INV-4302,CLI-0791,1685880.18,2026-10-27
INV-5944,CLI-4018,1620971.13,2026-02-25
INV-2748,CLI-2340,1874736.55,2026-08-29
INV-3654,CLI-0624,1288885.76,2026-09-13
INV-5095,CLI-0724,1202383.34,2025-08-25
INV-4464,CLI-3940,910918.10,2026-03-08
INV-4101,CLI-4220,515355.14,2026-10-20
INV-5517,CLI-4238,770615.79,2025-10-24
INV-1529,CLI-3446,1868773.13,2026-01-31
INV-6790,CLI-0856,1066331.27,2026-11-24
INV-3688,CLI-3993,1651473.12,2026-11-04
INV-3760,CLI-3970,327783.95,2026-02-20
INV-2161,CLI-2678,375257.31,2026-08-20
INV-5031,CLI-4977,341819.90,2026-03-28
INV-6824,CLI-1006,495601.60,2026-09-16
INV-2147,CLI-2039,1103581.69,2026-03-30
INV-4788,CLI-3677,1792476.42,2026-10-22
INV-5212,CLI-1063,884144.62,2026-03-16
INV-3928,CLI-3259,323439.85,2025-11-23
INV-5447,CLI-4187,1271309.74,2025-12-11
INV-5899,CLI-3862,225993.99,2025-08-19
INV-6849,CLI-0753,5130.17,2026-10-04
INV-3214,CLI-2291,677688.25,2026-11-11
INV-1733,CLI-1107,442148.25,2026-06-23
INV-4036,CLI-4350,686234.93,2026-11-25
INV-6525,CLI-2035,776572.75,2026-07-19
INV-1514,CLI-3850,1525374.44,2026-05-21
INV-2442,CLI-3055,702651.03,2025-09-09
INV-2930,CLI-1299,79110.94,2026-12-28
INV-7356,CLI-1987,1452839.86,2025-06-14
INV-1731,CLI-4342,795275.36,2026-10-12
INV-3595,CLI-2788,1788223.85,2026-01-08
INV-3235,CLI-1103,95892.38,
INV-6329,CLI-0736,-178209.93,2026-10-27
INV-7139,CLI-2977,493043.30,2025-10-31
INV-1173,CLI-4024,1623339.28,2026-01-04
INV-2951,CLI-0254,611520.34,2026-10-16
INV-6963,CLI-4436,1811418.44,2025-06-24
INV-1365,CLI-4997,986814.28,2025-06-08
INV-2110,CLI-0598,406501.64,2026-10-14
INV-6034,CLI-4918,N/A,2026-10-31
INV-2823,CLI-4739,1850351.62,2026-07-05
INV-2125,CLI-3443,1692833.65,2026-01-28
INV-1525,CLI-2909,1361710.04,2026-08-08
INV-2378,CLI-4749,511346.96,2026-01-09
INV-4635,CLI-0136,1353144.12,2025-10-07
INV-6476,CLI-3220,1834197.57,2026-03-13
INV-1867,CLI-3398,1621419.50,2026-09-13
INV-7272,CLI-4841,1743012.33,2025-07-19
INV-3669,CLI-3301,384050.83,
INV-6271,CLI-2215,345472.79,2025-09-09
INV-4545,CLI-2346,434184.75,2025-12-14
INV-6474,CLI-3458,994587.92,2026-07-12
INV-4908,CLI-4442,1381159.94,2026-01-15
INV-2969,CLI-3150,1115405.77,2026-03-02
INV-3283,CLI-4854,-1610361.41,2026-10-21
INV-3012,CLI-3602,1470968.57,2026-11-23
INV-3435,CLI-0964,1525832.67,2026-10-30
INV-2008,CLI-3019,1227001.76,2026-09-27
INV-5345,CLI-2894,320753.95,2026-02-24
INV-1199,CLI-2541,744313.31,2026-07-16
INV-3104,CLI-2988,902472.33,2025-06-22
INV-2482,CLI-4469,1855582.25,2026-05-02
INV-5320,CLI-0668,512310.75,2026-12-09
INV-7462,CLI-4350,1445016.60,2025-10-30
INV-7470,CLI-4768,696906.94,23-10-2025
INV-3667,CLI-0522,427323.45,2025-06-16
INV-5631,CLI-2136,1768267.49,2026-08-13
INV-3636,CLI-0188,249512.03,2026-09-09
INV-2051,CLI-0974,859103.86,2025-09-26
INV-5121,CLI-1947,1416692.88,2026-09-01
INV-5292,CLI-2152,1712403.08,2026-10-03
INV-6742,CLI-1299,1856507.52,2026-05-19
INV-2935,CLI-1543,1224385.23,2026-05-06
INV-4264,CLI-3449,1490212.63,2025-09-14
INV-3551,CLI-1054,1991276.30,2026-10-03
INV-6369,CLI-3065,1727255.97,2025-10-04
INV-5148,CLI-0395,917687.49,2026-07-19
INV-6944,CLI-0582,1927693.87,2026-02-06
INV-7279,CLI-2375,666840.54,2025-09-26
INV-1673,CLI-0075,620161.63,2026-09-01
INV-4056,CLI-1468,944164.31,2025-11-14
INV-3873,CLI-0722,1515340.71,
INV-7308,CLI-4415,481249.59,2025-11-20
INV-5382,CLI-3598,268045.28,2026-08-26
INV-3877,CLI-1539,1389978.48,2025-06-29
INV-1692,CLI-0016,1025342.98,22-11-2026
INV-2996,CLI-1901,1131865.97,2025-08-20
INV-3543,CLI-1412,1871746.23,2025-08-17
INV-7261,CLI-1011,1828378.97,2026-10-18
INV-2719,CLI-2837,1728370.85,2026-01-03
INV-3229,CLI-3876,1379746.45,2025-11-11
INV-6583,CLI-2316,1634071.97,
INV-2249,CLI-1961,1312927.56,2025-07-22
INV-6595,CLI-3622,1949783.26,2025-07-05
INV-3003,CLI-2013,1223847.29,
INV-7066,CLI-2586,955636.80,2026-11-02
INV-6850,CLI-1468,1627070.22,2026-12-06
INV-2762,CLI-0609,78692.37,2026-06-29
INV-4676,CLI-2291,"₹1,145,061.80",2026-05-14
INV-7284,CLI-4800,1182049.65,2026-03-21
INV-6408,CLI-0022,1149720.33,2025-12-06
INV-2707,CLI-4887,113422.64,2026-10-26
INV-2962,CLI-2326,,
INV-6395,CLI-4568,683162.49,2025-09-17
INV-5448,CLI-4427,1471859.03,2026-05-25
INV-7065,CLI-3831,471103.60,2025-09-20
INV-5129,CLI-2014,515246.83,2026-09-17
INV-5309,CLI-4962,337642.17,2025-06-19
INV-5853,CLI-0665,1909835.20,2026-12-04
INV-4592,CLI-0041,1514404.92,07-11-2026
INV-2958,CLI-3306,750093.01,2026-06-09
INV-2835,CLI-0152,1960225.32,2026-05-25
INV-4576,CLI-0296,288329.73,2025-09-02
INV-5014,CLI-2598,"₹1,695,180.13",2025-06-02
INV-2881,CLI-4484,-176269.93,2026-08-16
INV-5663,CLI-0988,1778456.45,2025-11-02
INV-2818,CLI-2380,780077.65,22-03-2026
INV-3952,CLI-1860,666335.79,2026-03-28
INV-6312,CLI-4173,1323304.25,2026-04-02
INV-7116,CLI-0804,946587.06,2026-12-17
INV-4916,CLI-0460,261147.27,2026-07-04
INV-3555,CLI-3695,1646558.30,2026-08-20
INV-6483,CLI-2399,803643.90,2025-07-29
INV-1001,CLI-0442,1633740.49,2026-05-09
INV-5331,CLI-2074,1032644.90,2026-06-09
INV-4797,CLI-4468,653746.89,2025-12-08
INV-1996,CLI-1942,N/A,2025-11-09
INV-4552,CLI-0166,328858.05,2025-09-14
INV-4507,CLI-0639,-1690583.25,2026-11-12
INV-6021,CLI-2436,298539.69,2025-09-20
INV-1882,CLI-2419,8065.93,2026-01-22
INV-2137,CLI-1852,"₹944,733.41",2025-12-18
INV-6327,CLI-1305,775456.77,2026-08-04
INV-5832,CLI-0463,1495592.86,2026-02-13
INV-6860,CLI-4054,384980.01,2026-06-12
INV-3360,CLI-4667,1655671.12,2025-07-21
INV-4243,CLI-1629,64161.79,2026-09-19
INV-5315,CLI-0991,259927.84,2026-12-13
INV-5554,CLI-2769,1280417.11,2025-12-26
INV-6288,CLI-2674,1912914.70,
INV-7079,CLI-3760,190553.17,2025-09-14
INV-6462,CLI-2560,1197079.04,2025-06-11
INV-2437,CLI-4616,1332241.22,2025-09-28
INV-7496,CLI-0051,1171987.40,2025-07-24
INV-4754,CLI-4274,842850.79,2026-03-01
INV-2501,CLI-0710,278122.54,2026-04-17
INV-1565,CLI-1646,314824.31,2026-02-12
INV-3683,CLI-3304,1740799.88,2026-04-06
INV-3089,CLI-0205,1089697.55,2025-09-17
INV-5099,CLI-2626,1068495.63,2026-12-09
INV-4321,CLI-0931,1899922.56,2025-12-18
INV-4040,CLI-4562,1049021.14,2026-11-02
INV-4646,CLI-2883,243659.60,2026-09-14
INV-2581,CLI-0796,179140.18,2026-01-07
INV-4493,CLI-1033,582338.80,2026-06-13
INV-5310,CLI-4423,1541698.72,2025-10-11
INV-5037,CLI-1224,478104.20,2026-05-01
INV-2709,CLI-2388,620059.90,2025-08-22
INV-4546,CLI-2783,349894.20,2025-08-05
INV-6467,CLI-0407,1588377.86,2026-03-14
INV-4583,CLI-0691,612869.78,2026-02-15
INV-4139,CLI-3545,"₹894,903.62",2025-09-20
INV-7437,CLI-1586,1939207.98,2026-01-06
INV-6007,CLI-3180,563974.55,2026-05-08
INV-4421,CLI-3567,,2025-08-06
INV-7029,CLI-1590,1760015.92,2026-07-27
INV-6953,CLI-2430,1540739.72,09-09-2025
INV-5993,CLI-0168,209673.39,2025-08-17
INV-2824,CLI-2903,1605814.89,2026-03-15
INV-2595,CLI-1350,1526587.01,2025-07-21
INV-4618,CLI-4122,457470.89,2026-03-25
INV-2745,CLI-3349,1987265.81,18-06-2026
INV-3581,CLI-3011,1245248.93,2026-04-02
INV-5648,CLI-1434,1854146.05,2025-12-25
INV-7245,CLI-3693,691679.84,2026-02-27
INV-6435,CLI-4501,268378.75,2026-10-19
INV-2462,CLI-0866,639489.22,2026-07-06
INV-1662,CLI-4559,692362.41,2026-03-13
INV-4103,CLI-3532,1815266.54,2026-10-06
INV-6166,CLI-0590,1793936.32,2025-08-11
INV-1878,CLI-1014,1654831.16,2026-08-16
INV-6359,CLI-4352,191097.36,2026-05-30
INV-3112,CLI-1427,56950.84,
INV-6843,CLI-2005,361890.88,2025-11-09
INV-1114,CLI-2869,18066.77,2025-10-18
INV-4251,CLI-3167,,2026-06-01
INV-2738,CLI-0216,952330.31,2026-08-05
INV-3409,CLI-3583,"₹1,788,999.68",2026-13-14
INV-2242,CLI-2698,1992767.90,2025-10-18
INV-3454,CLI-0692,1127201.16,2026-10-24
INV-7421,CLI-3980,929950.70,2025-06-19
INV-1216,CLI-0176,803964.94,2026-02-13
INV-3801,CLI-1921,903373.14,2025-06-05
INV-3163,CLI-3780,213102.67,2026-06-16
INV-4747,CLI-5228,498319.54,2026-08-05
INV-4345,CLI-4957,1576524.18,2026-10-18
INV-3049,CLI-3067,1399111.46,2026-12-01
INV-4286,CLI-0442,1093196.26,2026-07-31
INV-1863,CLI-1797,741141.16,2026-03-13
INV-6952,CLI-1745,1112829.87,29-06-2025
INV-1329,CLI-4106,-1529942.45,2025-12-02
INV-2253,CLI-1869,1712923.65,2025-07-05
INV-5480,CLI-0930,1241660.65,2026-06-29
INV-4882,CLI-3103,1299071.83,2026-04-17
INV-4174,CLI-3403,1632856.06,2026-10-09
INV-4028,CLI-0947,332515.26,2026-04-21
INV-3400,CLI-0813,1345945.02,2026-01-30
INV-3075,CLI-4159,897267.90,2026-11-15
INV-5786,CLI-0189,-1795768.06,2025-07-19
INV-2296,CLI-3031,1846865.31,2026-04-30
INV-5480,CLI-1375,1496274.24,2026-07-14
INV-7249,CLI-4276,673099.01,2026-04-17
INV-6030,CLI-4178,627229.95,2025-08-13
INV-3034,CLI-0638,1071596.47,2025-08-04
INV-7037,CLI-0830,"₹1,091,905.10",2026-05-23
INV-7196,CLI-0537,647150.89,
INV-2314,CLI-3546,1369106.53,2026-10-06
INV-7275,CLI-1765,1893693.11,2025-06-29
INV-6932,CLI-3173,1496828.37,2026-05-11
INV-1370,CLI-1536,1131592.15,2025-09-29
INV-4110,CLI-0070,1449094.81,2026-06-12
INV-4586,CLI-1679,1362248.42,2025-10-26
INV-4593,CLI-2233,100263.60,2025-09-27
INV-6292,CLI-2083,950853.68,2026-10-28
INV-4019,CLI-2975,"₹972,556.41",2026-11-12
INV-4486,CLI-2574,1393954.38,2026-10-21
INV-7351,CLI-2720,1150437.01,
INV-7307,CLI-2956,483264.94,2026-11-16
INV-2983,CLI-4317,1950536.74,2026-08-27
INV-4228,CLI-2708,210283.97,2026-01-14
INV-4888,CLI-2941,-475399.70,2025-11-18
INV-6361,CLI-4164,1316064.02,2025-11-25
INV-2505,CLI-4884,1950027.21,2026-03-14
INV-1997,CLI-2246,1032850.52,2026-08-30
INV-1116,CLI-2392,1359946.03,2026-05-13
INV-1945,CLI-5312,1531469.82,2025-12-18
INV-2377,CLI-0488,1985593.27,2026-06-30
INV-7163,CLI-1804,301261.64,02-05-2026
INV-2465,CLI-3161,1712482.26,2025-07-26
INV-2722,CLI-1188,888918.04,2026-10-11
INV-5716,CLI-2618,1074193.54,31-10-2026
INV-2937,CLI-2391,153533.74,2026-07-28
INV-4969,CLI-3458,246971.27,2026-09-25
INV-1583,CLI-3280,1490904.52,2026-11-10
INV-1260,CLI-2045,1140941.08,2026-08-22
INV-6013,CLI-0590,1036452.00,2026-03-23
INV-4530,CLI-0334,89085.91,2025-10-09
INV-1788,CLI-0483,98249.05,2025-10-02
INV-4143,CLI-4246,1328434.20,2025-10-24
INV-1979,CLI-3929,1156428.42,2025-10-30
INV-1131,CLI-4237,683071.58,2025-11-11
INV-2466,CLI-3078,1029297.46,2025-12-10
INV-1585,CLI-1543,770328.37,2025-06-16
INV-1401,CLI-3719,813496.04,2025-11-07
INV-7251,CLI-3578,758927.97,2026-02-08
INV-3176,CLI-4149,1639620.24,2026-01-27
INV-4161,CLI-3784,1435348.04,2025-09-29
INV-6338,CLI-0254,1848802.36,
INV-1616,CLI-0710,1933117.73,2025-07-13
INV-2252,CLI-0849,345208.58,2025-10-21
INV-2811,CLI-3145,454449.13,2026-11-12
INV-5613,CLI-0652,1600301.79,2025-08-24
INV-5573,CLI-3420,1222155.21,2026-05-18
INV-6178,CLI-0335,608784.99,2026-01-24
INV-7140,CLI-3957,,2026-02-24
INV-5683,CLI-2446,236704.64,2025-10-12
INV-6711,CLI-1069,626530.15,2026-05-02
INV-2695,CLI-4389,322964.37,2026-11-30
INV-6892,CLI-3709,1778115.87,2026-03-19
INV-4407,CLI-0280,,2026-10-22
INV-6654,CLI-1184,197033.28,2025-07-19
INV-4168,CLI-0481,382263.96,2025-07-01
INV-5530,CLI-4338,425765.28,2026-01-28
INV-1390,CLI-1114,648577.65,12-12-2025
INV-7044,CLI-4010,1846436.40,2026-12-06
INV-3143,CLI-1884,464057.34,2026-10-31
INV-5905,CLI-0243,1206831.13,2025-09-12
INV-2843,CLI-1657,1323180.24,2025-08-22
INV-5184,CLI-0751,807825.24,2026-06-30
INV-4519,CLI-0394,524430.13,2026-01-26
INV-3680,CLI-4048,1092579.55,2026-09-08
INV-2224,CLI-4114,139504.69,2026-03-01
INV-5548,CLI-2911,353506.41,2026-11-04
INV-2727,CLI-3322,1206030.68,2025-09-11
INV-5208,CLI-2543,605920.58,2026-05-03
INV-4605,CLI-3148,782656.94,2026-02-21
INV-1899,CLI-3647,1291465.18,20-11-2026
INV-5035,CLI-4044,903039.34,2025-10-04
INV-7363,CLI-4318,34477.52,2026-03-16
INV-3402,CLI-4875,1224258.26,2026-10-31
INV-1508,CLI-0677,771265.67,08-05-2026
INV-5192,CLI-2717,375949.47,2025-07-18
INV-1236,CLI-1302,206214.20,2025-10-10
INV-3950,CLI-4894,1895948.31,2026-03-10
INV-5877,CLI-3074,774438.30,2026-06-17
INV-5076,CLI-1460,-1682275.27,
INV-4772,CLI-1606,1591860.42,2026-08-25
INV-6379,CLI-2600,167277.51,2026-03-16
INV-4557,CLI-1046,232013.64,2026-02-26
INV-5234,CLI-2008,116547.92,2026-11-15
INV-2563,CLI-4306,441169.29,2026-01-29
INV-3907,CLI-1773,1896331.80,30-03-2026
INV-3512,CLI-3860,1525003.89,2026-03-17
INV-5479,CLI-1243,,
INV-3068,CLI-4337,1880778.73,2025-06-16
INV-4794,CLI-4256,1960852.16,2025-12-15
INV-5406,CLI-1449,1003103.86,2025-13-18
INV-3737,CLI-2348,1592336.80,2025-07-01
INV-3500,CLI-2919,1530139.36,2025-09-04
INV-5863,CLI-1417,419549.89,2026-01-08
INV-1270,CLI-2377,505705.25,2025-11-12
INV-1391,CLI-2895,1274041.39,2025-12-04
INV-6982,CLI-0456,957863.88,2025-06-16
INV-5085,CLI-0843,1559613.69,2025-09-21
INV-3855,CLI-0391,852857.52,2026-11-16
INV-4751,CLI-1172,1365981.08,2026-09-16
INV-5283,CLI-3544,192463.02,2025-08-25
INV-3024,CLI-3493,-1239887.78,11-07-2025
INV-4247,CLI-1817,1719430.97,2026-02-04
INV-4473,CLI-2307,1845892.02,2025-10-14
INV-4313,CLI-0408,1757070.38,2025-10-22
INV-5276,CLI-3114,983213.51,2026-09-11
INV-5084,CLI-3742,1933575.36,2026-03-24
INV-5897,CLI-1093,869514.44,2026-07-03
INV-4427,CLI-4256,1168097.16,2026-12-31
INV-2490,CLI-1707,1966854.98,2025-10-02
INV-5190,CLI-3898,1217553.42,2026-06-21
INV-4766,CLI-3015,1728569.19,2025-09-12
INV-4498,CLI-2945,765433.95,2025-09-06
INV-4461,CLI-1764,1091229.08,2026-05-02
INV-5365,CLI-1174,1814861.16,2026-01-27
INV-1606,CLI-3163,248689.63,2026-04-20
INV-7217,CLI-2977,1483220.60,2025-11-08
INV-7314,CLI-1136,1187687.30,2026-03-08
INV-1023,CLI-0342,559081.32,2026-10-01
INV-7288,CLI-0946,334618.45,2025-07-08
INV-4449,CLI-1022,58678.58,2026-09-10
INV-3703,CLI-2880,1177562.48,2025-09-20
INV-1013,CLI-0538,28913.91,2026-03-27
INV-1856,CLI-4617,1755628.00,2025-12-12
INV-5132,CLI-1953,355793.84,22-08-2025
INV-2393,CLI-3109,1411394.71,2025-11-17
INV-6725,CLI-0890,474212.73,2025-12-12
INV-6977,CLI-3993,623640.93,2025-10-10
INV-4565,CLI-2796,891641.18,2026-09-09
INV-6911,CLI-3746,1288955.00,2026-09-07
INV-2737,CLI-2672,1442260.55,2025-07-16
INV-6893,CLI-2211,1819000.45,2025-12-06
INV-2118,CLI-1328,1763071.56,2026-03-16
INV-1264,CLI-4920,223736.28,2026-08-27
INV-1439,CLI-3237,1526905.56,2026-09-07
INV-4095,CLI-4193,485718.00,2026-11-22
INV-6172,CLI-4741,177878.48,2026-01-18
INV-2913,CLI-0520,819137.62,2026-01-31
INV-5216,CLI-1784,125246.22,2026-09-15
INV-1783,CLI-4764,1614088.88,2026-09-11
INV-6673,CLI-0204,1713683.78,2026-04-13
INV-1881,CLI-1113,N/A,2025-09-08
INV-4026,CLI-3973,970006.89,2025-10-14
INV-5177,CLI-2801,1260851.68,2026-09-28
INV-5424,CLI-2870,503227.77,2026-11-08
INV-6615,CLI-0852,280968.74,2026-12-15
INV-1487,CLI-4755,484389.28,2026-07-31
INV-3388,CLI-1078,"₹1,863,007.29",2026-09-29
INV-4414,CLI-2838,1856244.15,2026-01-11
INV-2175,CLI-1381,593231.29,2025-11-19
INV-1245,CLI-1308,127270.15,2026-03-17
INV-3205,CLI-2151,803004.61,2026-01-07
INV-5454,CLI-0411,1057498.37,2026-10-12
INV-1888,CLI-3653,1350533.33,2025-07-20
INV-3211,CLI-4881,1562594.12,2026-11-03
INV-5888,CLI-3386,654874.55,2026-09-28
INV-1210,CLI-4311,-866430.13,2026-03-10
INV-3768,CLI-3970,1997542.72,2025-06-14
INV-3957,CLI-2474,1509358.06,12-09-2026
INV-5862,CLI-3285,445464.99,2025-07-10
INV-6508,CLI-0611,1940663.84,2025-12-07
INV-6536,CLI-1299,1237708.21,2025-11-06
INV-4986,CLI-2734,1555550.92,2026-10-25
INV-2538,CLI-3170,124459.90,2025-09-11
INV-2134,CLI-2899,371951.29,2026-08-07
INV-3157,CLI-1686,450373.68,2025-12-09
INV-2645,CLI-0023,665156.94,2026-01-07
INV-7423,CLI-4118,1088827.35,2025-08-03
INV-2031,CLI-3404,899626.43,2025-08-06
INV-5311,CLI-0094,,2025-06-17
INV-4686,CLI-3367,1854764.12,2025-11-27
INV-3076,CLI-4750,1106572.22,03-07-2025
INV-5303,CLI-2640,-781819.43,2026-10-27
INV-1809,CLI-2996,1110270.96,2025-08-09
INV-1800,CLI-0368,1365696.41,2026-08-21
INV-3304,CLI-0319,1292823.90,2026-04-27
INV-4136,CLI-0669,1584006.62,2026-08-10
INV-2885,CLI-0552,439620.32,2025-08-17
INV-3606,CLI-3691,1514654.51,2026-03-24
INV-3587,CLI-0008,1831856.13,2026-10-19
INV-3689,CLI-2514,1874689.57,2026-08-27
INV-1069,CLI-0222,1281955.03,2025-06-29
INV-5955,CLI-0325,1292510.19,2025-11-06
INV-1630,CLI-0864,159969.68,25-09-2026
INV-2956,CLI-0656,-473647.38,2026-04-08
INV-4695,CLI-0990,1654148.25,2025-07-25
INV-3735,CLI-1233,1890234.81,2026-11-25
INV-7361,CLI-4957,1750529.75,2025-12-14
INV-1359,CLI-3960,1373110.09,2026-05-13
INV-3468,CLI-4196,661930.05,2026-05-14
INV-1648,CLI-4359,23444.65,2026-12-10
INV-3110,CLI-0353,1078403.50,2026-03-23
INV-1006,CLI-0195,-1090226.86,2026-09-02
INV-4122,CLI-0865,1949531.08,2025-10-25
INV-6607,CLI-2814,1435220.73,2025-08-01
INV-4124,CLI-3275,1276345.80,28-08-2026
INV-3028,CLI-1192,927028.27,2026-11-12
INV-5047,CLI-1331,439317.05,2025-10-21
INV-2261,CLI-4904,1091206.83,2026-02-08
INV-1347,CLI-4653,1284817.54,2025-12-01
INV-3050,CLI-2134,108322.49,2026-05-21
INV-6036,CLI-2843,806371.43,2025-09-01
INV-1884,CLI-4475,896696.08,2026-10-01
INV-6532,CLI-5313,1769190.34,2026-06-12
INV-5598,CLI-0446,849997.65,2026-08-19
INV-5176,CLI-0639,940977.52,2025-08-14
INV-7441,CLI-4989,,2026-08-20
INV-2043,CLI-2609,1887166.51,2026-08-27
INV-7169,CLI-0635,68314.93,2026-03-07
INV-4803,CLI-1984,534402.07,2026-12-04
INV-7419,CLI-0358,1615102.27,2025-07-19
INV-3966,CLI-3335,644472.93,2025-07-07
INV-2223,CLI-2903,69856.06,2026-05-25
INV-1799,CLI-2317,770980.48,2026-09-22
INV-5560,CLI-5318,1507637.40,2026-04-25
INV-7092,CLI-0675,112878.89,2026-09-14
INV-2198,CLI-1414,609398.94,2025-08-11
INV-5075,CLI-2054,1857087.60,20-11-2025
INV-6646,CLI-0591,1183777.28,2025-07-12
INV-5133,CLI-1786,50642.28,2026-11-20
INV-6391,CLI-0190,406607.27,2026-12-23
INV-1644,CLI-2993,1896816.55,2025-09-14
INV-1957,CLI-4977,1981697.34,2026-11-21
INV-2304,CLI-3378,513465.69,2026-06-03
INV-1202,CLI-4606,708813.27,2025-06-09
INV-5352,CLI-4022,1898646.47,2026-07-14
INV-5476,CLI-1349,1005889.59,2025-11-26
INV-1036,CLI-4579,"₹1,315,176.91",2025-12-08
INV-1814,CLI-2850,,2026-10-23
INV-3153,CLI-3202,1058893.76,
INV-1929,CLI-1395,583212.76,2026-01-22
INV-3035,CLI-3989,1776050.51,2025-12-02
INV-6930,CLI-1221,552392.29,2025-10-20
INV-1956,CLI-2353,156106.13,2026-10-25
INV-3726,CLI-0661,1898893.17,2026-01-03
INV-5221,CLI-2626,31244.97,2026-01-28
INV-1833,CLI-2057,496285.80,2026-04-06
INV-2290,CLI-4959,50274.60,2026-01-26
INV-3478,CLI-1072,1512144.54,2026-01-10
INV-4377,CLI-1908,1466845.77,2026-06-04
INV-5504,CLI-4643,1618976.87,2026-02-24
INV-5544,CLI-2554,1937952.73,2025-11-27
INV-3953,CLI-4940,1366606.07,2025-08-08
INV-3487,CLI-4317,1393566.30,
INV-6961,CLI-1766,1079232.94,2025-10-24
INV-6493,CLI-0793,722953.77,2026-06-01
INV-7338,CLI-3923,191746.55,2025-08-28
INV-3561,CLI-2457,1397725.07,2026-09-05
INV-6255,CLI-1937,-903914.30,2026-10-19
INV-5032,CLI-1147,,
INV-2073,CLI-2667,525912.55,2026-07-24
INV-3858,CLI-2665,1390488.73,2026-03-11
INV-6658,CLI-3920,1431952.10,2025-10-13
INV-6103,CLI-0367,863907.57,2026-12-22
INV-1082,CLI-4243,65368.36,2025-06-29
INV-3225,CLI-1534,590327.44,2026-03-20
INV-2135,CLI-3066,103987.07,2026-11-29
INV-6599,CLI-1512,112394.96,2026-06-06
INV-2340,CLI-3573,1468649.67,2026-01-04
INV-6274,CLI-0694,1348064.49,2026-12-13
INV-4554,CLI-3421,1194642.18,2026-01-16
INV-3530,CLI-2127,1641160.16,2026-12-01
INV-6205,CLI-2202,1717386.53,2026-09-19
INV-7089,CLI-3550,1034238.36,2025-07-10
INV-1320,CLI-2088,1779540.12,2026-02-07
INV-5727,CLI-3980,586726.97,2026-03-01
INV-5334,CLI-2020,8928.33,2026-09-09
INV-4775,CLI-2431,623223.08,2026-10-26
INV-4982,CLI-2945,315043.16,2026-09-14
INV-6398,CLI-2068,1231550.73,2026-07-19
INV-5557,CLI-3532,1982589.54,2026-04-04
INV-6809,CLI-0263,1736639.29,2026-10-19
INV-1685,CLI-2327,1566864.51,2026-13-25
INV-5000,CLI-3473,900398.40,2025-08-04
INV-4714,CLI-0359,432881.38,2026-08-28
INV-4237,CLI-0081,1432953.78,2026-07-24
INV-5549,CLI-4990,1097278.42,2025-08-17
INV-3661,CLI-1515,171880.85,2026-02-10
INV-3332,CLI-4343,1709018.20,2025-12-19
INV-6594,CLI-5456,1209629.21,2025-07-21
INV-3366,CLI-1702,959518.94,2026-05-20
INV-4793,CLI-1514,14595.11,2026-01-08
INV-3639,CLI-2404,485485.58,2026-03-16
INV-5518,CLI-5320,1614596.80,2026-03-18
INV-4856,CLI-2102,1761907.38,2026-04-14
INV-7418,CLI-3894,273329.55,2026-10-20
INV-5160,CLI-0045,169054.23,2026-12-17
INV-2037,CLI-4336,-747098.05,2026-01-07
INV-6280,CLI-4371,640977.35,2026-02-08
INV-3883,CLI-0338,239430.82,2025-07-21
INV-5122,CLI-4708,1135930.21,2026-08-15
INV-3802,CLI-2064,1947801.06,2026-03-31
INV-4386,CLI-4704,1789923.77,2026-01-20
INV-4200,CLI-4784,589170.81,2026-05-11
INV-4752,CLI-2222,784866.33,10-07-2026
INV-7468,CLI-4562,822227.11,2025-06-30
INV-6465,CLI-2436,1332630.56,2025-10-15
INV-6708,CLI-0467,1921601.85,2026-09-19
INV-4448,CLI-1249,169884.90,
INV-5178,CLI-4768,1511639.97,2026-06-21
INV-2313,CLI-0177,881188.92,2025-08-12
INV-5718,CLI-4740,"₹372,854.98",2026-01-28
INV-3918,CLI-1442,17442.62,08-03-2026
INV-7334,CLI-1900,1938404.12,18-12-2025
INV-3764,CLI-3866,1024933.07,2026-07-07
INV-6660,CLI-0063,356150.15,2026-09-24
INV-2507,CLI-2405,766041.06,2026-01-25
INV-4209,CLI-1448,1699926.90,2026-01-07
INV-1198,CLI-4725,173615.34,2025-09-10
INV-1062,CLI-2927,1380232.81,2026-06-16
INV-5258,CLI-3484,210920.71,2026-02-16
INV-2145,CLI-1417,274692.07,2026-09-08
INV-2477,CLI-5291,572832.80,2026-09-22
INV-1130,CLI-3903,1977863.57,2026-03-09
INV-1603,CLI-5277,847731.17,2026-08-04
INV-4159,CLI-4878,658652.48,2026-02-19
INV-5910,CLI-0800,892066.97,2026-07-04
INV-5975,CLI-4072,"₹932,565.79",2025-12-16
INV-7256,CLI-4874,1172299.81,2026-11-20
INV-4826,CLI-1603,1839571.78,2025-09-26
INV-3706,CLI-4081,940946.82,2026-11-27
INV-3604,CLI-2919,1963251.02,2025-09-08
INV-5329,CLI-4034,1605267.87,2026-02-16
INV-6736,CLI-3699,66539.55,2025-11-29
INV-1224,CLI-4446,1425536.15,2026-05-30
INV-3589,CLI-1066,1157961.05,2026-09-29
INV-4208,CLI-4477,763651.91,2025-10-10
INV-4769,CLI-4407,1717634.07,2026-01-03
INV-7330,CLI-4919,1808089.74,2026-09-18
INV-5501,CLI-1306,1625380.71,2026-03-24
INV-5833,CLI-1545,1239958.88,2026-08-14
INV-2203,CLI-4248,1614354.38,2026-05-23
INV-4413,CLI-0448,55468.13,2025-08-22
INV-6032,CLI-1185,856188.75,2025-09-17
INV-6085,CLI-3703,1158339.96,2026-09-24
INV-3131,CLI-4972,1680619.49,2026-08-12
INV-2521,CLI-1797,1757434.31,2025-10-27
INV-1174,CLI-1684,N/A,2026-03-03
INV-3695,CLI-1028,928311.16,2026-01-27
INV-4868,CLI-1528,1684089.58,2026-04-04
INV-1700,CLI-2244,309988.21,2026-01-03
INV-7156,CLI-4122,1404400.57,2025-11-29
INV-2305,CLI-4329,1584909.97,2026-03-30
INV-5586,CLI-1553,222949.97,2025-09-18
INV-4941,CLI-3130,1872900.63,2025-11-21
INV-4773,CLI-3364,1328080.70,2026-10-07
INV-2447,CLI-4338,1252138.45,08-10-2026
INV-2055,CLI-4811,,2026-10-03
INV-1112,CLI-3191,676031.05,2026-06-11
INV-3790,CLI-3804,650795.92,2025-10-31
INV-3812,CLI-3494,1465070.28,29-03-2026
INV-5466,CLI-3719,107276.69,2025-08-26
INV-2352,CLI-3681,325294.34,2026-09-25
INV-2641,CLI-4329,851180.50,2026-12-29
INV-1252,CLI-1059,1514199.33,2026-10-14
INV-6300,CLI-2357,780970.76,2026-07-10
INV-4782,CLI-1765,1430928.98,2026-05-26
INV-4050,CLI-1815,,2026-01-19
INV-1971,CLI-2544,1638555.50,2026-05-26
INV-3685,CLI-3783,1295667.75,
INV-3805,CLI-1524,1361055.61,2025-10-13
INV-4784,CLI-4875,,2026-11-22
INV-7404,CLI-3215,1331469.04,2026-12-21
INV-2217,CLI-0769,1331383.03,2026-10-28
INV-1602,CLI-1318,664379.13,2025-09-05
INV-4919,CLI-2773,924551.07,2025-09-09
INV-3200,CLI-2721,1078185.66,2026-01-30
INV-6259,CLI-1249,1363670.62,2026-04-04
INV-5464,CLI-1898,1858026.48,2026-09-21
INV-1730,CLI-2921,791996.79,2026-10-30
INV-7283,CLI-4452,190076.30,2026-10-25
INV-1552,CLI-3121,418002.32,2026-04-29
INV-7446,CLI-1530,1581719.42,2026-08-24
INV-5222,CLI-2637,-682752.42,2026-06-07
INV-7303,CLI-0167,1511826.88,2026-10-01
INV-5987,CLI-0150,1358996.15,2025-08-12
INV-3646,CLI-3825,576938.68,2025-10-04
INV-3527,CLI-2224,1304619.19,2026-02-28
INV-1402,CLI-1850,1661719.63,2026-04-16
INV-5967,CLI-2140,1083765.41,2026-05-10
INV-3156,CLI-4311,1580296.12,2026-06-22
INV-6572,CLI-4517,570527.94,2026-12-26
INV-1316,CLI-2896,204759.56,2026-04-02
INV-5478,CLI-3674,-1832649.84,
INV-6489,CLI-1717,-1821955.70,2026-03-09
INV-7223,CLI-1838,1620699.40,2025-12-17
INV-5772,CLI-1281,1783420.36,
INV-1674,CLI-3116,723777.56,2025-09-11
INV-5174,CLI-0718,1795911.09,2026-06-12
INV-6487,CLI-4080,"₹719,057.99",2026-05-06
INV-5761,CLI-2291,443572.77,2026-04-08
INV-7463,CLI-3588,"₹138,523.50",2026-10-01
INV-1075,CLI-1561,1735316.56,2026-01-25
INV-2512,CLI-0034,,2026-04-29
INV-1765,CLI-4808,1680932.31,2025-11-18
INV-2484,CLI-2317,,2026-04-11
INV-1169,CLI-0221,1107370.40,2026-05-16
INV-3701,CLI-3058,,
INV-3501,CLI-1228,1233559.77,22-08-2026
INV-5542,CLI-2880,374199.15,2026-09-19
INV-5701,CLI-0758,352993.41,2025-12-23
INV-3008,CLI-1766,1676887.44,2025-11-25
INV-2148,CLI-2390,473275.30,2025-08-27
INV-7090,CLI-3639,1843275.49,2026-12-07
INV-3651,CLI-1129,196576.09,2025-12-21
INV-1840,CLI-1814,685842.21,2026-11-13
INV-2259,CLI-0444,1034149.45,2026-01-01
INV-4214,CLI-1296,626352.87,2026-11-26
INV-3519,CLI-2022,1212087.55,2026-06-05
INV-4184,CLI-4961,1507644.18,2025-10-19
INV-3138,CLI-3604,1593063.46,2025-08-18
INV-3743,CLI-3121,159411.63,2026-06-30
INV-3894,CLI-4438,1116432.38,2026-07-14
INV-4485,CLI-4282,1978371.51,2026-03-07
INV-2889,CLI-1398,55218.79,2025-12-27
INV-3324,CLI-3809,84287.84,2025-07-26
INV-6459,CLI-1639,566734.41,30-10-2025
INV-3424,CLI-3376,46173.68,2026-11-24
INV-2589,CLI-0670,1991957.04,2025-06-16
INV-5217,CLI-1752,514377.31,25-12-2026
INV-2222,CLI-2201,1290306.05,
INV-4031,CLI-3730,1827940.94,2025-07-15
INV-1135,CLI-0994,1047281.13,2026-03-13
INV-6582,CLI-3873,543548.14,2026-12-23
INV-5523,CLI-1540,1894242.39,2026-05-08
INV-5106,CLI-2503,1099690.36,2026-03-13
INV-1535,CLI-4650,904843.73,2026-04-16
INV-3566,CLI-1773,662853.58,2026-06-15
INV-2476,CLI-4631,1725094.85,2026-02-06
INV-2792,CLI-0794,1868701.26,2025-06-20
INV-5355,CLI-0080,1122318.49,2026-01-16
INV-3287,CLI-2556,1074288.61,2025-11-21
INV-3103,CLI-3511,1481696.70,2026-12-05
INV-1604,CLI-4058,1555823.40,2025-07-20
INV-5446,CLI-2921,1805778.25,2025-08-23
INV-1358,CLI-0129,345411.02,2025-07-12
INV-2099,CLI-2780,18223.32,2026-07-17
INV-6779,CLI-1705,1840201.38,2025-07-18
INV-3593,CLI-1672,1573421.56,2025-06-26
INV-5732,CLI-4856,892048.03,2025-11-27
INV-4099,CLI-4759,1297713.52,2025-07-30
INV-3638,CLI-1530,446688.13,2025-12-14
INV-4920,CLI-4170,1858305.48,2026-01-15
INV-6871,CLI-2824,,2026-03-02
INV-4482,CLI-1569,894001.17,2025-11-27
INV-5026,CLI-3868,1424094.47,2026-12-27
INV-2045,CLI-4368,1303717.88,
INV-6999,CLI-4350,"₹261,768.09",
INV-3522,CLI-4055,1731881.32,2026-06-02
INV-1380,CLI-2523,1271266.30,2026-12-09
INV-3105,CLI-1843,799937.97,2026-09-16
INV-4917,CLI-0707,1918413.13,2026-05-22
INV-4005,CLI-5321,167259.69,
INV-2076,CLI-1411,1541702.38,2025-11-13
INV-1875,CLI-4681,576095.62,2026-09-09
INV-7495,CLI-3696,832043.33,2026-03-15
INV-2857,CLI-0128,1761856.95,2025-11-22
INV-3731,CLI-0271,168672.67,2026-07-07
INV-5637,CLI-2742,1386304.34,2025-11-05
INV-5923,CLI-0824,288766.76,2026-09-15
INV-1818,CLI-2605,1124826.18,2025-11-02
INV-5348,CLI-0187,131965.59,2026-08-31
INV-2938,CLI-1797,1916294.86,2026-07-31
INV-4260,CLI-4854,434970.44,2025-10-27
INV-2130,CLI-2005,678014.86,31-07-2026
INV-7482,CLI-2470,,2026-08-09
INV-3825,CLI-4238,1932869.20,2025-09-22
INV-6948,CLI-4911,1073446.72,09-12-2026
INV-4967,CLI-0973,1208498.13,2025-06-16
INV-6388,CLI-0987,"₹847,431.64",2026-10-11
INV-7248,CLI-2239,"₹617,223.96",2026-03-09
INV-7017,CLI-0068,1830305.87,2026-06-11
INV-3431,CLI-3038,1782823.96,30-03-2026
INV-7310,CLI-4533,1916483.72,2026-03-12
INV-6518,CLI-0910,1005319.04,2025-06-04
INV-1792,CLI-0076,823817.49,2026-03-30
INV-6845,CLI-4156,1788579.34,2026-03-17
INV-3550,CLI-0575,449296.20,2026-08-27
INV-2455,CLI-3204,1183840.44,2026-11-29
INV-2239,CLI-2536,1446246.47,2025-06-13
INV-2914,CLI-3880,1519656.19,2026-09-09
INV-4055,CLI-0409,297245.70,2025-09-23
INV-7377,CLI-3496,1343043.43,02-02-2026
INV-2159,CLI-2168,41681.07,2025-07-20
INV-6033,CLI-4778,1227018.14,2026-12-19
INV-1806,CLI-1465,559043.74,2025-09-25
INV-4778,CLI-3773,"₹1,605,338.79",2025-12-10
INV-4838,CLI-1161,951001.20,2025-12-12
INV-2117,CLI-1552,403412.65,2026-04-23
INV-5767,CLI-5137,1709990.13,2026-08-15
INV-5526,CLI-1063,926984.52,2026-02-10
INV-5650,CLI-0796,810828.46,2026-02-15
INV-5995,CLI-1639,802867.80,2026-03-08
INV-1613,CLI-4079,140028.70,2026-01-11
INV-7132,CLI-0568,17537.53,2026-02-05
INV-5195,CLI-3869,1372861.69,2025-12-03
INV-3326,CLI-1000,1444035.32,2026-05-09
INV-6040,CLI-3172,698091.62,2026-07-07
INV-6158,CLI-3391,232160.50,
INV-2543,CLI-4293,350091.09,2026-05-09
INV-4451,CLI-1867,N/A,2025-09-12
INV-2833,CLI-0528,1727938.67,2026-06-08
INV-7479,CLI-1480,1222106.58,2026-05-21
INV-1337,CLI-0113,20566.09,2025-06-06
INV-1851,CLI-4059,1432290.68,2025-10-01
INV-6254,CLI-2393,199952.29,2026-07-01
INV-1397,CLI-4968,1600820.61,2026-04-12
INV-1319,CLI-4275,1911679.15,2025-11-21
INV-3924,CLI-0848,936584.80,2026-08-14
INV-1651,CLI-0423,501005.08,2026-04-03
INV-5312,CLI-2315,1851548.86,2025-11-23
INV-4423,CLI-1149,1040197.04,2026-10-10
INV-1538,CLI-3481,1859779.87,2025-07-30
INV-3458,CLI-3637,,2025-09-16
INV-4655,CLI-1824,574778.22,2026-10-08
INV-4211,CLI-1048,1310436.65,2026-05-26
INV-6540,CLI-1210,464076.26,2025-09-21
INV-5491,CLI-2406,620473.68,2025-06-21
INV-1793,CLI-1289,1141092.34,2025-06-25
INV-4544,CLI-1641,1126045.89,2025-10-09
INV-2088,CLI-3793,1117621.31,2026-02-16
INV-2363,CLI-4768,670677.41,2026-09-26
INV-1925,CLI-3911,154649.38,
INV-5818,CLI-2558,1221141.60,2026-01-31
INV-7141,CLI-4297,626387.67,2026-08-27
INV-7386,CLI-0603,799478.99,2026-08-21
INV-6167,CLI-0704,1300607.47,2026-01-20
INV-6561,CLI-4127,,2026-09-24
INV-6645,CLI-0368,1443596.41,2026-10-18
INV-3077,CLI-2797,-1772708.77,2025-10-08
INV-3719,CLI-1038,438754.50,2026-02-12
INV-3140,CLI-1823,285962.90,2025-07-30
INV-1944,CLI-0455,1742834.59,2026-10-27
INV-5313,CLI-4525,282145.10,2026-03-02
INV-3795,CLI-3366,1874836.87,2026-08-18
INV-5409,CLI-3185,346866.46,2026-04-29
INV-4443,CLI-0239,1969099.84,2025-06-22
INV-5715,CLI-2989,1778058.21,2026-08-05
INV-4268,CLI-3308,1745244.96,2026-13-12
INV-1521,CLI-1045,1604773.56,2025-08-29
INV-2013,CLI-3901,1968542.34,2026-09-20
INV-1440,CLI-0266,1863213.19,2025-08-09
INV-5981,CLI-1838,291171.90,2026-01-12
INV-4279,CLI-4856,834556.96,2026-10-31
INV-3803,CLI-1273,862501.31,2025-10-01
INV-3887,CLI-1593,411760.89,2026-01-26
INV-1459,CLI-2404,126466.17,2026-05-24
INV-7201,CLI-1942,1526614.00,2026-02-24
INV-1744,CLI-2193,317680.41,2026-11-10
INV-5103,CLI-4276,1520895.93,2026-05-13
INV-5257,CLI-2553,1469848.23,2025-07-03
INV-4085,CLI-1361,1513476.37,2026-03-29
INV-6951,CLI-0111,1887885.65,2026-08-26
INV-6236,CLI-1832,1643928.67,2026-01-22
INV-6507,CLI-0879,307876.06,2025-12-25
INV-1652,CLI-3087,409487.30,2026-02-02
INV-3761,CLI-4267,1796783.30,2026-11-15
INV-3404,CLI-1514,1035114.35,2026-09-02
INV-1395,CLI-0131,-331001.10,2026-02-17
INV-4732,CLI-1302,1664245.66,2026-04-22
INV-5087,CLI-4001,499967.77,2025-10-07
INV-5574,CLI-1247,1709468.12,2026-12-17
INV-3990,CLI-0336,1684150.67,2025-08-10
INV-3810,CLI-1686,474124.33,2026-09-29
INV-1005,CLI-1057,140105.95,2025-11-04
INV-6622,CLI-2000,1190782.85,2026-02-14
INV-5228,CLI-2200,1187575.42,2026-09-07
INV-7484,CLI-0889,1915191.80,2026-01-28
INV-4072,CLI-0928,191275.45,2026-11-16
INV-6840,CLI-3131,551901.44,2025-09-09
INV-4957,CLI-1381,1444266.74,2026-03-10
INV-7345,CLI-3524,1550445.57,2025-07-11
INV-3713,CLI-3369,905574.83,2026-01-24
INV-1511,CLI-0049,65193.72,2025-08-14
INV-7252,CLI-1595,"₹1,657,138.89",2026-11-02
INV-3521,CLI-4739,527697.37,2025-07-05
INV-1294,CLI-3971,796015.19,2025-07-17
INV-3806,CLI-4837,1683596.88,2025-12-14
INV-4487,CLI-2519,896735.33,2025-06-29
INV-2965,CLI-3325,46589.45,2025-11-16
INV-1058,CLI-4098,1867329.83,2025-10-25
INV-6087,CLI-1857,1714074.58,2026-10-06
INV-1232,CLI-4967,1773458.59,2025-07-20
INV-5822,CLI-2289,1442948.14,2025-06-25
INV-2700,CLI-1825,240733.39,2025-08-04
INV-5738,CLI-3843,1852910.13,2026-11-29
INV-2323,CLI-2228,1883743.72,2026-03-13
INV-3186,CLI-2614,1112419.22,2025-10-11
INV-5679,CLI-2296,997504.73,2026-06-18
INV-2903,CLI-0768,1034977.42,2025-12-12
INV-4873,CLI-3517,1772644.41,2026-03-14
INV-2995,CLI-4936,1743868.49,2026-11-14
INV-5583,CLI-0547,1581952.94,2026-11-20
INV-1614,CLI-0109,703554.84,2025-10-07
INV-5956,CLI-2425,1071913.62,2026-08-26
INV-1362,CLI-3665,,2026-04-24
INV-1911,CLI-3237,368498.67,2025-08-27
INV-4504,CLI-2825,207817.19,2026-06-03
INV-1479,CLI-0625,142550.91,2026-10-24
INV-6613,CLI-2936,316825.62,2026-13-25
INV-5954,CLI-4447,770360.20,2026-02-03
INV-6460,CLI-1185,1904690.69,2025-09-10
INV-2255,CLI-4715,612290.88,
INV-2150,CLI-3896,1628911.63,2025-11-25
INV-4425,CLI-0204,1375237.54,2026-01-21
INV-5474,CLI-1858,1309587.75,2026-02-25
INV-2024,CLI-4785,1104535.47,2026-08-27
INV-1974,CLI-3986,1191108.81,2026-02-22
INV-3837,CLI-2118,33476.07,2025-09-28
INV-1473,CLI-1056,569322.71,2026-07-30
INV-6266,CLI-2219,1342302.71,2026-04-18
INV-5867,CLI-0848,1484898.21,2025-10-24
INV-5140,CLI-2586,996425.29,2025-12-06
INV-2747,CLI-0201,1976469.30,2026-01-07
INV-5137,CLI-3686,1994986.66,2026-02-28
INV-3363,CLI-1277,51806.96,2026-04-24
INV-4331,CLI-0513,588248.76,2026-08-25
INV-4239,CLI-4872,1320054.02,2026-08-12
INV-7123,CLI-1303,758449.52,2026-04-19
INV-4690,CLI-2318,1575808.61,2026-03-12
INV-2006,CLI-4998,472414.46,2025-07-27
INV-2403,CLI-1794,956913.33,2025-07-18
INV-1250,CLI-0705,52976.79,2025-06-13
INV-4974,CLI-5088,1680548.16,2026-09-04
INV-2503,CLI-1554,864205.12,2025-12-30
INV-5793,CLI-4796,283274.17,2026-11-28
INV-3206,CLI-0799,1775534.00,
INV-3927,CLI-2848,1125625.95,2026-06-12
INV-3569,CLI-5037,1966025.69,2026-04-16
INV-3218,CLI-4041,1315288.26,2025-06-22
INV-3891,CLI-4662,"₹334,099.46",2026-01-12
INV-4705,CLI-0727,30184.14,2026-02-17
INV-4521,CLI-2818,1723123.76,2026-12-29
INV-3007,CLI-3848,719665.96,2025-09-17
INV-2205,CLI-4058,576815.49,2026-02-19
INV-4649,CLI-4223,1761943.04,2025-11-09
INV-5142,CLI-2891,"₹180,007.03",2026-07-06
INV-4041,CLI-4227,1946611.39,2025-09-04
INV-5808,CLI-1748,605790.88,2026-02-23
INV-1465,CLI-3259,1683265.61,2025-11-14
INV-4047,CLI-4630,1351585.32,2026-01-07
INV-1844,CLI-2381,1811906.69,2026-09-02
INV-7211,CLI-4744,"₹335,487.86",03-02-2026
INV-5294,CLI-2974,899985.99,2025-12-15
INV-4218,CLI-1445,253041.55,2025-08-28
INV-6881,CLI-1708,46729.84,2025-10-20
INV-2119,CLI-0093,319251.30,08-08-2026
INV-5314,CLI-1660,14509.06,2025-10-29
INV-1338,CLI-0649,1902678.88,2026-06-21
INV-6939,CLI-1042,1636286.50,2026-02-17
INV-4942,CLI-4652,1782272.31,2025-11-04
INV-1084,CLI-3696,1617548.95,2026-06-05
INV-3537,CLI-0533,1482406.09,2026-01-03
INV-6297,CLI-2782,46034.41,2025-12-24
INV-3895,CLI-0052,1541858.12,2025-10-22
INV-5755,CLI-3905,35074.43,2025-10-24
INV-5673,CLI-1440,165555.45,2026-01-30
INV-6520,CLI-1956,1014999.22,2026-12-24
INV-1278,CLI-1152,687502.44,2026-08-09
INV-4089,CLI-2377,1701694.50,2026-11-06
INV-5445,CLI-3290,72721.37,2025-10-15
INV-1977,CLI-2708,488262.61,2026-01-11
INV-4216,CLI-3645,705355.79,2026-10-16
INV-4771,CLI-2400,783870.91,2026-04-16
INV-5570,CLI-3397,1016489.60,2025-09-28
INV-5204,CLI-4173,534402.54,2026-09-20
INV-3288,CLI-1161,1644783.22,2026-02-07
INV-3831,CLI-4331,1631527.19,2026-04-06
INV-6293,CLI-2901,1894619.82,2026-07-11
INV-6051,CLI-4941,1856790.57,2025-10-20
INV-5913,CLI-3950,744623.09,2026-10-16
INV-7426,CLI-3001,"₹573,380.99",2026-12-09
INV-1101,CLI-4166,1869171.89,2026-02-20
INV-3397,CLI-2509,645157.37,
INV-7020,CLI-3638,"₹1,305,588.33",2026-12-20
INV-5757,CLI-4039,86886.37,2026-08-30
INV-5471,CLI-3352,82946.03,2026-07-17
INV-4990,CLI-2833,1483064.64,2026-01-17
INV-2183,CLI-2156,236439.04,2026-03-27
INV-5483,CLI-4049,1391091.09,2026-07-29
INV-2028,CLI-3211,680769.66,2026-10-02
INV-5289,CLI-3892,1139484.49,2025-09-07
INV-1843,CLI-1124,1921799.90,2025-08-16
INV-3234,CLI-2519,1256969.87,2025-08-22
INV-3253,CLI-0714,166556.17,2025-06-06
INV-4480,CLI-0896,1892749.97,2025-06-05
INV-3004,CLI-3677,1094545.91,25-12-2026
INV-1578,CLI-4610,613317.88,2026-02-25
INV-6106,CLI-1292,1239213.27,2026-12-09
INV-2783,CLI-3871,562150.66,2025-11-18
INV-6357,CLI-2771,1137476.46,
INV-2925,CLI-3395,202770.21,2025-08-27
INV-4257,CLI-2608,"₹1,168,219.72",
INV-5784,CLI-0834,991155.23,2026-05-02
INV-2273,CLI-2631,1769082.51,27-01-2026
INV-1754,CLI-0257,,2026-02-12
INV-2229,CLI-0213,1023492.37,2026-11-28
INV-3092,CLI-0383,123532.78,2026-10-18
INV-6797,CLI-2717,712407.94,2025-11-11
INV-4255,CLI-1480,1346613.72,2025-06-15
INV-1481,CLI-1545,-1319728.31,2026-11-02
INV-6914,CLI-3667,236018.15,2025-07-28
INV-5621,CLI-2492,1234583.86,2026-10-05
INV-4889,CLI-4718,1438414.39,28-06-2026
INV-4309,CLI-1673,1896768.95,2026-10-19
INV-5538,CLI-4759,1176976.33,03-02-2026
INV-1634,CLI-3637,642581.56,2026-08-23
INV-1129,CLI-1909,936809.96,2026-01-20
INV-1636,CLI-3588,980162.60,2026-10-07
INV-4934,CLI-4556,377807.46,2025-10-11
INV-1743,CLI-4535,138776.50,2026-05-13
INV-7317,CLI-1934,-321397.40,2026-06-23
INV-4715,CLI-0578,956033.15,2026-07-02
INV-1017,CLI-3804,265301.35,2025-08-27
INV-6261,CLI-5480,7901.04,2025-09-02
INV-6190,CLI-2782,1205628.24,2026-08-18
INV-2509,CLI-1870,483507.63,
INV-6010,CLI-3669,1357265.96,2026-10-16
INV-7027,CLI-4081,129762.46,2025-09-15
INV-5052,CLI-0740,888347.97,2026-04-16
INV-6149,CLI-1460,1382701.99,2026-03-05
INV-3318,CLI-4001,1136513.07,2026-01-25
INV-4573,CLI-4666,1996388.48,2025-10-05
INV-7131,CLI-1824,1810748.02,2026-06-25
INV-6067,CLI-1874,109630.61,2026-03-29
INV-3610,CLI-2952,314571.26,2026-11-02
INV-1938,CLI-4695,792746.21,2026-08-26
INV-3585,CLI-3441,1044016.68,2025-08-21
INV-3823,CLI-5429,1195859.36,2025-12-18
INV-5544,CLI-1439,151216.22,2025-10-18
INV-4992,CLI-0026,1278139.59,2026-03-20
INV-6109,CLI-0346,7306.99,2026-07-08
INV-2693,CLI-1771,772365.49,2025-13-03
INV-1072,CLI-3473,1569430.67,2026-08-23
INV-7492,CLI-1066,1668657.97,2026-12-30
INV-2713,CLI-2824,1110970.59,
INV-1848,CLI-2159,1171651.93,2026-04-25
INV-5876,CLI-3497,1466056.77,2026-10-15
INV-6276,CLI-3653,302356.23,2025-07-11
INV-6477,CLI-2472,1558615.78,2025-11-13
INV-3299,CLI-1709,1652101.80,
INV-6363,CLI-1353,349450.02,2026-02-26
INV-3833,CLI-3657,1971980.21,2025-07-24
INV-4431,CLI-1227,1306960.65,2025-07-25
INV-3889,CLI-1245,1664774.11,2025-09-11
INV-2011,CLI-4304,982723.07,2026-10-14
INV-6884,CLI-0355,1287115.37,2026-07-15
INV-4096,CLI-2886,1972142.81,2026-01-16
INV-4358,CLI-3167,,2026-01-06
INV-3905,CLI-0735,53994.41,2026-10-06
INV-4460,CLI-0407,1432481.18,2026-12-22
INV-5282,CLI-0964,863403.46,2026-10-19
INV-4948,CLI-1528,884101.45,2025-11-15
INV-4254,CLI-2087,995422.64,2025-09-18
INV-4683,CLI-0940,1889165.04,2026-08-13
INV-3250,CLI-2853,654756.21,2026-03-14
INV-2841,CLI-3602,"₹594,725.28",2026-10-17
INV-7439,CLI-0320,1261767.95,2025-07-03
INV-3974,CLI-4817,1660393.34,2026-12-04
INV-7255,CLI-3645,11666.12,2025-10-04
INV-4861,CLI-0633,1243836.98,2026-03-12
INV-2856,CLI-2505,499387.60,2026-12-31
INV-3938,CLI-2715,,2026-09-11
INV-1732,CLI-2279,1199756.64,
INV-1667,CLI-3210,374932.45,2026-02-02
INV-7346,CLI-3227,1260780.49,2026-12-22
INV-7003,CLI-1369,-747174.59,2026-09-05
INV-3248,CLI-2744,1299276.05,2025-08-07
INV-3346,CLI-2196,683853.98,2026-10-07
INV-5838,CLI-1560,1966330.71,2026-09-30
INV-2449,CLI-1449,1108701.27,2026-01-25
INV-6941,CLI-2151,1191342.94,2025-08-29
INV-2675,CLI-4021,1420136.49,2025-08-11
INV-5152,CLI-1073,558521.22,2025-07-30
INV-6333,CLI-4028,680857.45,2026-01-06
INV-3959,CLI-0209,1131239.51,07-09-2025
INV-7266,CLI-3626,537721.77,2026-09-06
INV-4043,CLI-4590,474120.74,
INV-3060,CLI-1548,1165749.07,2025-07-09
INV-6207,CLI-1629,1376640.04,2025-06-26
INV-5017,CLI-3932,973462.65,2025-09-10
INV-4371,CLI-1664,495313.36,2025-12-18
INV-3021,CLI-2045,1793983.17,
INV-1003,CLI-4363,195571.94,2025-06-20
INV-5823,CLI-0762,510049.45,2026-11-11
INV-2365,CLI-3499,"₹1,228,032.85",2026-11-25
INV-7341,CLI-2500,230920.85,2025-07-27
INV-6542,CLI-2908,1581683.22,2026-06-04
INV-6378,CLI-2327,664620.02,2025-09-10
INV-1126,CLI-3903,501009.62,
INV-5770,CLI-0551,356455.56,2025-12-27
INV-5143,CLI-0147,1940763.61,2025-08-08
INV-5907,CLI-1212,1482913.08,2025-06-24
INV-7440,CLI-3241,-841449.71,2026-12-02
INV-1262,CLI-3658,948942.77,2026-01-07
INV-6322,CLI-0290,328978.99,2025-09-23
INV-2590,CLI-4695,1755047.12,2025-12-14
INV-1599,CLI-2800,544739.37,2026-08-10
INV-4406,CLI-0693,1513624.35,2026-04-28
INV-6429,CLI-0289,75895.78,2025-12-06
INV-4288,CLI-2402,N/A,2026-10-17
INV-3575,CLI-3661,528975.33,2026-01-04
INV-5622,CLI-0936,1680042.86,2026-04-14
INV-2344,CLI-2992,1992064.01,2025-06-19
INV-3079,CLI-0171,1267410.99,2026-02-21
INV-6478,CLI-2096,1487096.19,2025-12-22
INV-5763,CLI-3708,1459722.59,2026-08-05
INV-7461,CLI-2818,882101.70,2025-08-03
INV-2894,CLI-0155,32519.43,2026-11-18
INV-5745,CLI-1246,1785041.10,2026-10-31
INV-6630,CLI-0259,1023813.40,2026-12-12
INV-3890,CLI-0754,1602676.84,2025-06-18
INV-2670,CLI-1245,486399.29,2025-07-26
INV-1905,CLI-1752,991186.95,2026-08-07
INV-2434,CLI-1015,458524.62,2026-11-07
INV-2074,CLI-3598,467110.16,2025-11-06
INV-6063,CLI-2997,1982365.92,2026-12-18
INV-7121,CLI-4715,1748441.27,2025-12-23
INV-2520,CLI-0354,1130659.33,2025-07-01
INV-1734,CLI-3850,,2025-10-30
INV-4062,CLI-1180,"₹936,207.17",2026-07-05
INV-3467,CLI-1900,758596.54,2025-07-08
INV-1959,CLI-3875,874287.86,2026-06-09
INV-1857,CLI-1042,1694804.65,2025-06-24
INV-1721,CLI-4283,824719.36,2026-02-16
INV-2888,CLI-0891,1482190.80,2026-03-21
INV-2179,CLI-2850,330613.24,2025-10-03
INV-2178,CLI-1053,1428142.08,2026-10-19
INV-4374,CLI-3666,424735.24,2026-08-19
INV-5044,CLI-2339,775400.54,2025-11-12
INV-6114,CLI-3919,1295184.30,2026-04-10
INV-2165,CLI-1280,"₹384,651.30",2025-13-08
INV-2440,CLI-3490,723094.82,2026-09-27
INV-2267,CLI-4160,1039974.93,2025-12-27
INV-3541,CLI-3476,343384.04,2026-07-12
INV-1167,CLI-5434,1553747.32,2025-09-29
INV-2416,CLI-0680,1788899.12,2026-02-04
INV-5550,CLI-0179,1463681.84,2026-01-14
INV-2204,CLI-1220,479941.59,2026-08-07
INV-2359,CLI-0464,1921208.63,2026-07-13
INV-3696,CLI-0839,1282972.61,2026-11-15
INV-2369,CLI-3541,1150565.41,2025-11-27
INV-5779,CLI-3644,1577486.87,2026-08-06
INV-2427,CLI-0455,,22-12-2026
INV-5339,CLI-0306,372772.96,2026-11-29
INV-3857,CLI-0501,1215446.22,2026-09-16
INV-5460,CLI-4169,1530598.06,2026-03-28
INV-7205,CLI-2493,1898849.47,2026-04-23
INV-6202,CLI-1482,481298.35,2025-06-26
INV-7174,CLI-2815,123896.79,2025-08-17
INV-5354,CLI-4716,1698243.55,2026-01-11
INV-4142,CLI-1287,1413688.03,2025-13-08
INV-7364,CLI-1313,835318.34,2025-06-14
INV-1263,CLI-0573,1663536.13,2025-07-15
INV-5916,CLI-4100,1894616.41,2026-11-24
INV-6631,CLI-1795,948186.01,27-07-2025
INV-4162,CLI-3689,226964.83,2025-12-20
INV-6285,CLI-2156,1302409.79,2026-04-02
INV-1008,CLI-1570,371514.95,2025-08-05
INV-1887,CLI-4035,956401.85,2025-12-03
INV-1258,CLI-0418,1665376.19,2025-08-10
INV-4945,CLI-2013,511650.85,2026-03-24
INV-1502,CLI-4743,909955.32,2025-07-26
INV-5097,CLI-2862,1250023.05,2025-09-26
INV-6997,CLI-2836,1058551.00,2026-01-26
INV-6663,CLI-3571,363868.86,2026-06-29
INV-6640,CLI-4269,1307226.48,2026-09-26
INV-4435,CLI-5465,1246300.41,2025-12-09
INV-1482,CLI-0541,-964521.44,2026-06-29
INV-5821,CLI-2031,245769.88,2026-11-02
INV-2766,CLI-0469,494705.53,2025-12-13
INV-5929,CLI-0741,516098.74,2025-12-16
INV-3160,CLI-2067,526163.95,2026-09-22
INV-4217,CLI-4565,396249.06,2025-10-24
INV-5332,CLI-3588,1680486.07,14-01-2026
INV-5113,CLI-2669,134792.38,2026-09-04
INV-3452,CLI-3318,24210.05,2025-06-26
INV-1200,CLI-3688,1504911.75,2026-07-15
INV-6782,CLI-2379,273232.78,2025-08-29
INV-6993,CLI-4320,1492923.10,2026-03-09
INV-5714,CLI-0512,N/A,2026-07-29
INV-4376,CLI-5036,1668450.50,2026-01-28
INV-4694,CLI-2793,1371861.55,2025-09-09
INV-7410,CLI-3876,1684149.53,2026-09-09
INV-6541,CLI-3853,1845129.04,2026-10-28
INV-4653,CLI-3702,1058016.60,2025-07-18
INV-2425,CLI-0868,1478766.53,2025-11-11
INV-2781,CLI-3079,1027664.32,2026-02-23
INV-2701,CLI-0611,1419779.69,2026-06-26
INV-1803,CLI-3861,456737.99,2025-10-17
INV-1420,CLI-0977,525875.69,2025-08-17
INV-1523,CLI-3513,952334.39,2026-02-14
INV-2511,CLI-4245,1052681.68,2026-02-01
INV-2319,CLI-3111,1189460.12,2026-03-17
INV-2368,CLI-1159,420958.07,2026-10-05
INV-4800,CLI-3616,721208.96,2026-03-20
INV-2040,CLI-2753,1335083.36,2025-07-18
INV-1151,CLI-3990,1754099.80,2026-02-23
INV-2955,CLI-4064,1696685.66,2026-10-28
INV-3295,CLI-2931,806680.99,2026-11-04
INV-2599,CLI-3741,1052973.68,2026-10-24
INV-6904,CLI-3490,-1736314.03,2025-06-01
INV-7383,CLI-3052,83861.86,2026-03-07
INV-6911,CLI-1004,1615675.54,2026-08-08
INV-6005,CLI-3903,1396410.91,2026-01-20
INV-4350,CLI-4102,1276068.06,2025-07-11
INV-2726,CLI-0035,238792.26,2026-04-17
INV-5053,CLI-0029,691648.34,03-04-2026
INV-3111,CLI-2168,1754569.16,2025-06-26
INV-4102,CLI-0506,1614564.60,2026-09-07
INV-5416,CLI-3255,1318744.34,2026-08-16
INV-3376,CLI-2436,1885177.08,2025-09-16
INV-1696,CLI-1099,N/A,
INV-1625,CLI-1593,47587.65,2025-09-11
INV-4366,CLI-3592,859798.80,2025-12-24
INV-4250,CLI-2758,51340.35,26-06-2026
INV-1780,CLI-4888,963478.94,2025-12-17
INV-2433,CLI-4343,1079942.57,21-05-2026
INV-6059,CLI-0355,325611.91,2026-12-04
INV-4021,CLI-4185,1070612.34,2026-07-09
INV-5948,CLI-0368,N/A,2025-10-27
INV-3220,CLI-2337,1728806.66,2026-04-26
INV-4069,CLI-4120,153690.78,03-07-2026
INV-5364,CLI-1091,1750142.66,2026-10-06
INV-2601,CLI-3223,1440146.72,2026-10-06
INV-2517,CLI-4148,1213920.18,2026-08-11
INV-3923,CLI-1734,419657.09,2025-06-24
INV-6499,CLI-0581,1753446.74,2026-03-01
INV-3847,CLI-2529,409332.45,2026-06-03
INV-5636,CLI-1771,445953.35,2026-04-30
INV-2395,CLI-1806,"₹153,245.72",
INV-1471,CLI-1836,1331223.02,2026-05-14
INV-7235,CLI-3675,285671.20,2025-06-17
INV-3411,CLI-3837,301085.07,2026-03-05
INV-4534,CLI-0523,1283731.44,2026-03-13
INV-6638,CLI-3331,686157.11,2025-08-30
INV-5118,CLI-4806,655114.36,2026-12-06
INV-5906,CLI-2755,1310971.19,2026-07-17
INV-5939,CLI-1853,303523.17,2026-09-13
INV-5912,CLI-0214,1657919.05,2025-11-28
INV-3640,CLI-4140,50138.64,2026-10-12
INV-4841,CLI-0231,1149470.29,2026-09-22
INV-6432,CLI-0497,478167.84,2026-03-13
INV-3940,CLI-4469,98983.76,2026-04-03
INV-7111,CLI-2340,1612554.77,2025-06-28
INV-1490,CLI-2448,664994.25,2025-07-30
INV-2755,CLI-1600,1520136.14,2026-10-12
INV-2289,CLI-0281,1244689.64,2026-10-02
INV-7153,CLI-3341,,2025-11-30
INV-7155,CLI-4852,1255831.09,
INV-5024,CLI-0403,73904.30,2025-09-15
INV-1505,CLI-3786,1537978.75,2025-11-12
INV-6294,CLI-0445,714101.49,2026-11-21
INV-2688,CLI-4351,1482920.09,2026-12-03
INV-3668,CLI-2376,1238164.24,2026-06-25
INV-5578,CLI-3701,734075.57,2025-10-22
INV-4668,CLI-4170,756721.39,
INV-1289,CLI-0343,1572353.91,2026-01-21
INV-1015,CLI-3870,1520879.28,2025-10-29
INV-2424,CLI-3400,1514958.26,2026-10-17
INV-5213,CLI-1084,427065.62,2026-05-27
INV-5147,CLI-3742,1634294.82,2026-01-09
INV-1172,CLI-4421,1570038.45,2025-06-01
INV-2659,CLI-4438,316329.41,2025-08-30
INV-3504,CLI-1327,1392297.28,2026-06-06
INV-1432,CLI-2182,878352.51,2026-05-25
INV-4878,CLI-5457,780793.99,
INV-4723,CLI-1606,1302001.17,2026-07-19
INV-1528,CLI-3452,832093.07,2026-04-05
INV-4090,CLI-1820,-142844.10,2026-08-13
INV-7232,CLI-3314,-1873224.58,2025-11-25
INV-5249,CLI-5054,206146.47,2026-12-17
INV-6016,CLI-2938,1334224.40,2025-11-19
INV-6091,CLI-3003,1168738.22,2026-07-24
INV-6281,CLI-4674,684440.15,2026-04-19
INV-4015,CLI-1202,1319132.93,2025-07-27
INV-1269,CLI-2060,383231.56,2026-02-13
INV-1461,CLI-2265,1283614.98,2026-09-25
INV-4821,CLI-3358,1616503.42,2025-09-13
INV-7268,CLI-1326,602296.99,2026-12-18
INV-6441,CLI-3783,191712.49,2026-10-11
INV-6325,CLI-0405,694497.18,2026-12-09
INV-2916,CLI-2056,,2025-08-12
INV-7101,CLI-3228,1999230.19,2026-10-28
INV-7057,CLI-1468,1009896.88,2026-07-03
INV-7412,CLI-2568,938286.54,2026-02-05
INV-1025,CLI-4177,1617933.19,2025-08-26
INV-5043,CLI-4997,1078828.27,2025-08-19
INV-4416,CLI-3573,680743.24,2026-01-04
INV-7186,CLI-2523,955564.93,2025-06-14
INV-2432,CLI-2135,1532677.97,2026-07-20
INV-1223,CLI-3540,1946886.72,2026-02-09
INV-2337,CLI-1726,230881.75,2026-08-20
INV-1030,CLI-4419,1276932.33,2026-01-31
INV-4776,CLI-1464,1671024.74,2025-07-14
INV-5901,CLI-0649,1835647.66,2026-09-26
INV-5848,CLI-4159,1186352.92,2026-03-14
INV-6576,CLI-4614,807255.91,2026-01-31
INV-4739,CLI-2778,278809.53,2026-09-15
INV-7086,CLI-3296,1973588.62,
INV-5891,CLI-4342,406204.13,2025-11-27
INV-1382,CLI-1019,204097.89,2026-03-08
INV-5978,CLI-3809,900389.97,2026-05-20
INV-6889,CLI-4615,1465334.10,
INV-1165,CLI-3540,1800370.45,2025-10-21
INV-1922,CLI-1066,779065.37,2026-05-09
INV-4712,CLI-4990,456026.04,11-03-2026
INV-7210,CLI-4432,945733.41,2026-09-16
INV-4372,CLI-3520,1110061.76,2026-01-02
INV-2256,CLI-4316,1950015.34,2026-12-28
INV-1042,CLI-0257,1481833.05,2026-09-10
INV-3910,CLI-2714,N/A,2025-06-28
INV-2364,CLI-1442,691815.62,10-09-2025
INV-1967,CLI-4087,535834.85,2026-03-11
INV-6887,CLI-2106,1399287.22,2026-05-20
INV-5241,CLI-3355,374648.31,2026-05-25
INV-6370,CLI-1899,,2025-12-16
INV-6720,CLI-1939,1881987.88,2026-11-07
INV-2948,CLI-4815,1113005.59,2025-08-13
INV-1987,CLI-3988,904539.19,2026-07-25
INV-3272,CLI-4764,1837904.24,2025-09-20
INV-5604,CLI-4014,210159.48,2026-11-14
INV-4415,CLI-1285,1730576.00,2026-02-20
INV-7397,CLI-0045,729740.53,2026-07-05
INV-3871,CLI-2228,241095.34,2025-08-04
INV-4388,CLI-3178,239110.60,2026-01-28
INV-1677,CLI-4393,630888.94,2026-03-27
INV-5168,CLI-1230,1641886.54,2026-07-30
INV-6381,CLI-0086,60659.47,2026-04-29
INV-6277,CLI-2584,988580.96,04-01-2026
INV-2353,CLI-5291,952231.34,2026-05-01
INV-2410,CLI-4519,1235078.19,2025-11-09
INV-4197,CLI-4148,1744800.65,2025-08-04
INV-4496,CLI-3119,507579.95,2025-09-29
INV-3180,CLI-4929,13967.01,2025-09-07
INV-4963,CLI-2542,855426.29,2025-09-10
INV-5597,CLI-3961,1958973.46,2025-06-06
INV-3107,CLI-0681,1667747.82,2025-06-22
INV-4134,CLI-3130,1832207.83,2026-08-21
INV-3379,CLI-0585,1465270.93,2026-03-28
INV-4823,CLI-2743,742335.97,2025-11-16
INV-3233,CLI-0303,1433652.97,2026-08-02
INV-3108,CLI-4784,1677569.03,2026-01-09
INV-6805,CLI-4890,1155752.94,2026-11-15
INV-5769,CLI-2061,1548380.34,2026-08-28
INV-7171,CLI-0656,138338.04,2026-09-16
INV-3744,CLI-0286,N/A,2026-06-25
INV-1028,CLI-0329,499710.25,2025-09-18
INV-4346,CLI-0009,1333386.25,
INV-3198,CLI-1040,911414.25,2025-10-16
INV-6829,CLI-2603,1594561.85,09-12-2026
INV-6303,CLI-3063,1486160.11,2026-10-18
INV-4442,CLI-3082,868366.81,2025-07-27
INV-1283,CLI-5480,1712063.01,2026-11-24
INV-6629,CLI-4159,503606.47,2026-07-24
INV-6206,CLI-3136,1431006.79,2026-03-31
INV-7408,CLI-3737,759210.35,2026-04-06
INV-6906,CLI-5017,30336.94,2026-06-09
INV-3943,CLI-1166,,2026-05-05
INV-6203,CLI-0535,1701040.22,2025-06-15
INV-5958,CLI-3345,1214273.20,2026-05-23
INV-7105,CLI-2310,896006.02,2026-11-18
INV-3994,CLI-4603,200696.86,2026-02-17
INV-2687,CLI-1255,515650.56,2026-01-08
INV-7348,CLI-3385,1614319.40,2026-12-09
INV-1560,CLI-2489,N/A,2026-11-02
INV-5227,CLI-2971,822021.77,2026-05-26
INV-3751,CLI-3255,24170.80,2026-12-03
INV-2985,CLI-3979,913586.32,2026-06-24
INV-6028,CLI-4942,1565442.24,2026-10-18
INV-2940,CLI-4155,548355.75,2026-01-13
INV-1215,CLI-0648,221445.97,2025-09-23
INV-4587,CLI-0340,1116663.18,2026-12-11
INV-2631,CLI-2969,907486.39,2025-11-05
INV-5789,CLI-2191,30499.57,2026-11-26
INV-4064,CLI-3014,,2025-07-05
INV-2795,CLI-5062,154947.38,2026-09-03
INV-2401,CLI-0651,65549.23,2025-09-25
INV-4985,CLI-0124,1966357.03,2025-11-08
INV-4042,CLI-4929,1242607.80,2025-12-03
INV-4067,CLI-2213,1715940.53,2026-09-05
INV-6808,CLI-1535,989364.09,2026-12-03
INV-6455,CLI-1127,"₹1,608,537.31",2025-12-31
INV-1852,CLI-4023,1701988.54,2026-11-07
INV-6837,CLI-2456,538392.96,2025-10-03
INV-2496,CLI-4684,1787112.59,2026-02-27
INV-2404,CLI-3778,554087.81,2025-12-13
INV-2380,CLI-2352,1773796.65,2026-11-25
INV-7083,CLI-4830,1577886.43,2026-11-24
INV-2749,CLI-3111,1703111.98,2026-12-10
INV-4053,CLI-1109,171703.72,2025-11-19
INV-4489,CLI-3337,686390.07,2026-10-10
INV-2600,CLI-0441,593395.39,2026-09-27
INV-1758,CLI-1324,1611208.08,2026-10-28
INV-2840,CLI-2435,886696.23,2025-11-02
INV-1664,CLI-1007,1594068.35,2025-11-06
INV-3738,CLI-1533,531572.65,2026-12-16
INV-5739,CLI-3417,255048.49,2025-06-21
INV-5677,CLI-4246,1591716.66,2026-11-29
INV-3309,CLI-1984,683063.04,2025-08-20
INV-2850,CLI-4450,331450.57,2026-08-08
INV-1725,CLI-2741,1171179.96,2026-04-19
INV-3920,CLI-4895,910495.31,2026-05-16
INV-2078,CLI-2532,-979123.61,08-06-2026
INV-6891,CLI-1496,N/A,2026-01-02
INV-6049,CLI-1333,1178831.12,2025-06-20
INV-2912,CLI-2041,73185.71,2025-11-27
INV-2718,CLI-3836,841593.10,2025-09-11
INV-3147,CLI-4277,434853.63,2025-12-22
INV-4613,CLI-1476,1538445.48,2025-12-21
INV-1855,CLI-2218,706660.68,2026-11-24
INV-5654,CLI-0172,N/A,06-03-2026
INV-5648,CLI-3671,1050724.09,2026-08-22
INV-3656,CLI-2559,1252114.39,2026-10-16
INV-5849,CLI-4794,411043.24,2026-07-06
INV-6647,CLI-3698,,2025-09-08
INV-4933,CLI-3148,808841.63,2025-09-11
INV-7145,CLI-3784,1933735.61,2025-07-12
INV-3494,CLI-0376,1642456.52,31-05-2026
INV-2815,CLI-2541,863896.62,2026-02-02
INV-4135,CLI-0531,84133.90,2025-09-21
INV-4323,CLI-0988,692174.14,2025-12-20
INV-2388,CLI-3233,1908567.63,2026-09-16
INV-5842,CLI-1689,1612496.56,2026-02-19
INV-1369,CLI-4874,1963892.24,2026-02-04
INV-2251,CLI-4725,561444.23,2026-11-20
INV-5859,CLI-3625,1464041.52,2026-07-02
INV-1408,CLI-3764,69148.28,2026-03-10
INV-6588,CLI-2720,1094659.03,2025-12-04
INV-2618,CLI-0585,369063.85,2026-04-12
INV-5690,CLI-1551,1730714.67,2026-11-30
INV-6935,CLI-1337,1854507.65,2025-12-17
INV-6954,CLI-3325,1273676.81,
INV-7339,CLI-1885,1579583.43,2026-01-18
INV-6980,CLI-2067,743243.85,2026-04-14
INV-7100,CLI-4091,877094.71,2025-07-02
INV-1273,CLI-3617,798957.05,2026-10-26
INV-6222,CLI-4867,1185254.38,2026-04-04
INV-7195,CLI-2859,471878.43,2026-07-05
INV-6269,CLI-2686,271339.75,
INV-3446,CLI-2663,1885285.81,2026-04-20
INV-3010,CLI-3232,1629872.57,2025-09-03
INV-1917,CLI-1053,1240217.63,11-11-2026
INV-3992,CLI-0444,613947.78,2026-11-14
INV-2286,CLI-2691,1669783.61,2025-06-25
INV-6390,CLI-4480,1072249.30,2025-09-30
INV-7498,CLI-4903,1492788.80,2026-12-10
INV-4433,CLI-4519,140584.15,
INV-7165,CLI-2003,1835088.30,2026-10-05
INV-2310,CLI-0731,1975542.12,2025-09-23
INV-3026,CLI-1090,1613262.98,2025-06-15
INV-6445,CLI-1286,1601933.14,2026-03-04
INV-4463,CLI-2729,910843.06,18-09-2025
INV-3692,CLI-0623,817199.82,2026-11-21
INV-4238,CLI-3026,1480708.21,2026-12-16
INV-3416,CLI-2912,"₹911,538.39",2025-11-30
INV-2302,CLI-3551,721904.32,2026-11-14
INV-2838,CLI-4999,54485.36,2026-11-16
INV-6724,CLI-1212,705488.18,2026-04-19
INV-5940,CLI-3881,1621559.42,2026-07-14
INV-4612,CLI-1931,938084.68,2026-10-04
INV-3395,CLI-0296,996071.63,2026-10-25
INV-6184,CLI-2140,504279.21,2026-05-10
INV-2454,CLI-2829,1188052.15,2026-03-02
INV-6698,CLI-1981,1768379.96,2025-10-26
INV-1493,CLI-3128,1250402.50,2026-04-19
INV-4361,CLI-2120,156670.01,2025-11-15
INV-3660,CLI-0927,425812.94,2026-03-16
INV-2189,CLI-1002,1300810.55,2025-09-01
INV-6252,CLI-0032,221678.88,2025-10-18
INV-2884,CLI-2051,1459128.18,2026-01-07
INV-6176,CLI-4818,927994.41,2026-12-06
INV-5465,CLI-0582,1453416.08,2026-04-26
INV-6929,CLI-1669,1704647.30,2025-12-25
INV-6687,CLI-0509,183206.17,29-04-2026
INV-1671,CLI-3296,453192.69,2025-12-25
INV-3491,CLI-4162,421426.92,2026-10-22
INV-4479,CLI-1636,159078.91,2025-12-19
INV-7424,CLI-3036,680359.69,2026-08-14
INV-5950,CLI-4213,822270.59,2025-06-17
INV-4061,CLI-0396,110018.69,
INV-1418,CLI-4328,1764894.11,2026-06-19
INV-5756,CLI-4446,283094.93,2026-05-05
INV-7322,CLI-0684,1438065.25,2025-10-25
INV-6596,CLI-1423,1362704.07,2026-01-21
INV-5964,CLI-0071,543703.79,2026-01-04
INV-1109,CLI-0194,326995.78,2025-12-31
INV-1642,CLI-4246,1066028.06,2026-04-27
INV-6506,CLI-4906,797558.41,2026-09-16
INV-3811,CLI-1698,1473414.11,2026-04-27
INV-2891,CLI-2652,1863821.74,2026-08-02
INV-2132,CLI-4768,995356.69,2025-06-19
INV-6959,CLI-4342,1418287.87,2026-02-15
INV-4584,CLI-3298,1469448.42,25-03-2026
INV-5659,CLI-4108,1133593.20,
INV-6140,CLI-5323,41967.32,2026-13-16
INV-5357,CLI-0150,1985211.14,2025-12-18
INV-4796,CLI-3394,290355.77,2026-09-27
INV-1147,CLI-3223,260232.44,2025-11-30
INV-6302,CLI-1617,623248.92,2025-10-06
INV-1246,CLI-2839,103294.19,2026-03-14
INV-1972,CLI-2773,1088158.51,
INV-5322,CLI-1570,258173.44,2026-10-28
INV-1421,CLI-2278,962813.48,2025-11-29
INV-4307,CLI-0444,1862387.62,2025-11-29
INV-3899,CLI-2040,1185707.81,2026-07-07
INV-7382,CLI-1249,396117.10,2025-10-09
INV-7355,CLI-3247,"₹386,279.65",2025-10-07
INV-1645,CLI-3546,955264.86,2026-02-11
INV-4273,CLI-3031,129905.73,2026-11-14
INV-1728,CLI-4654,218906.99,2025-08-13
INV-6628,CLI-1225,1114537.37,2025-06-14
INV-5872,CLI-2139,915970.39,2025-11-15
INV-2338,CLI-0127,1064239.90,2026-05-30
INV-5048,CLI-3546,403903.40,2026-12-22
INV-5986,CLI-2872,35685.08,2026-04-02
INV-5230,CLI-2144,646284.06,
INV-1171,CLI-2499,367349.24,
INV-5937,CLI-0693,1418018.28,2026-02-12
INV-2373,CLI-0559,1981882.98,2026-12-08
INV-2820,CLI-0778,753728.03,2026-05-23
INV-1350,CLI-2870,377869.98,2026-09-05
INV-6304,CLI-4711,84648.93,2026-06-03
INV-3580,CLI-4881,1761231.56,2025-07-12
INV-2131,CLI-3704,151011.81,2025-10-22
INV-4956,CLI-0232,1504573.08,01-09-2025
INV-3691,CLI-3255,1572703.85,2026-09-13
INV-1756,CLI-0166,590209.19,2025-09-21
INV-5270,CLI-3282,1221702.17,2025-11-12
INV-3574,CLI-1149,1513913.11,2025-08-31
INV-3385,CLI-3171,833436.17,2026-08-15
INV-2067,CLI-0084,1376412.38,2026-06-21
INV-6464,CLI-1804,1455786.47,25-10-2025
INV-1562,CLI-0084,389026.88,2026-10-17
INV-3861,CLI-0272,1161688.88,2026-09-17
INV-2039,CLI-1013,849652.62,2025-11-13
INV-5707,CLI-3871,1413275.35,2025-13-20
INV-4767,CLI-4727,"₹405,798.49",2026-09-16
INV-3934,CLI-4781,719413.49,2026-04-28
INV-2170,CLI-1907,1277186.90,2025-11-09
INV-5426,CLI-2843,1269481.46,06-01-2026
INV-3284,CLI-1235,193802.57,2025-08-30
INV-5918,CLI-4483,231745.88,2025-10-10
INV-1465,CLI-4833,189013.72,2025-07-30
INV-2167,CLI-2049,97171.34,2025-09-21
INV-4141,CLI-2470,1574453.32,05-07-2026
INV-5835,CLI-1479,1536202.35,2026-09-02
INV-2591,CLI-4501,1077281.91,2026-10-24
INV-1894,CLI-4816,1544857.06,2026-02-08
INV-1810,CLI-0263,1907374.79,2026-09-07
INV-3422,CLI-0164,1111580.25,2025-06-02
INV-3970,CLI-3628,1657656.05,
INV-3682,CLI-4226,804296.92,2025-12-04
INV-6151,CLI-0703,1704876.41,2025-11-29
INV-1549,CLI-2441,1760345.71,2025-07-07
INV-4275,CLI-0899,914243.70,2026-09-24
INV-4791,CLI-2625,391799.05,2025-06-30
INV-1627,CLI-3668,1412759.71,2025-12-02
INV-6278,CLI-3643,935371.28,2026-10-23
INV-6886,CLI-2935,N/A,2026-06-09
INV-1485,CLI-0131,1262770.03,2025-12-21
INV-6661,CLI-4059,1679087.32,2026-01-01
INV-2254,CLI-4291,"₹1,506,455.03",2026-09-29
INV-7305,CLI-0202,589329.78,2026-01-30
INV-2479,CLI-1037,979703.87,2026-11-25
INV-5399,CLI-3766,1844765.80,
INV-7241,CLI-4842,1378955.83,2026-07-25
INV-2519,CLI-4545,1550385.61,2025-10-29
INV-1327,CLI-4997,1104313.53,2025-06-03
INV-5391,CLI-3858,1083153.52,2025-09-28
INV-5845,CLI-4073,566299.65,2026-02-26
INV-7028,CLI-3708,,2025-09-30
INV-1377,CLI-4430,706529.22,2026-08-25
INV-6546,CLI-1447,1214198.29,2026-07-28
INV-5328,CLI-0229,1430264.23,2026-02-26
INV-3676,CLI-0610,865604.52,2026-07-21
INV-2149,CLI-2551,725210.10,02-03-2026
INV-3073,CLI-2617,1359434.86,
INV-7213,CLI-0399,1632236.35,
INV-6727,CLI-2000,987831.06,2025-12-29
INV-1017,CLI-3784,298065.53,2026-10-11
INV-6260,CLI-3171,75978.76,2026-10-12
INV-6368,CLI-3596,719401.50,2026-03-10
INV-4086,CLI-0355,723243.26,2026-08-12
INV-1795,CLI-0001,384170.84,2026-05-01
INV-2773,CLI-1674,1409460.91,2025-06-27
INV-3307,CLI-0525,1150436.84,2025-07-09
INV-7200,CLI-2438,1929906.50,2025-09-10
INV-4951,CLI-3164,1325985.83,2025-08-28
INV-4322,CLI-3310,1502483.21,2026-03-15
INV-2975,CLI-2131,670620.40,2025-10-20
INV-2692,CLI-0948,1625763.03,2025-12-17
INV-3175,CLI-3789,1729414.92,2025-08-21
INV-1394,CLI-1558,433845.84,2026-05-14
INV-3415,CLI-2937,171072.70,2026-01-11
INV-2128,CLI-4958,267995.84,2026-05-11
INV-3064,CLI-3151,1594332.51,2026-08-28
INV-7093,CLI-3858,1593289.91,2026-11-01
INV-1703,CLI-4226,752850.64,2025-11-20
INV-7073,CLI-0312,850565.34,2026-05-25
INV-4693,CLI-4948,1299521.84,2026-05-13
INV-5386,CLI-4375,1909097.46,2026-10-30
INV-2825,CLI-1307,1325443.81,2026-11-10
INV-5385,CLI-0500,1229440.82,2026-12-04
INV-2264,CLI-2050,1151851.48,2026-07-11
INV-5496,CLI-4015,577005.02,2025-07-01
INV-2116,CLI-1994,608302.08,2025-12-30
INV-1475,CLI-1653,1353051.29,2026-10-07
INV-2821,CLI-4948,18896.78,2025-06-17
INV-7081,CLI-3871,1684659.06,2026-12-12
INV-3949,CLI-3861,1261940.22,2026-04-19
INV-3093,CLI-3140,1753178.10,02-03-2026
INV-1618,CLI-4731,568960.82,2025-12-03
INV-5920,CLI-0857,451025.38,2026-08-07
INV-1355,CLI-3837,1590357.66,2026-12-02
INV-3882,CLI-1638,1585006.09,2026-13-25
INV-3653,CLI-4641,,2025-11-13
INV-3611,CLI-4132,1701736.83,2026-06-23
INV-5624,CLI-1556,985745.97,2026-04-19
INV-4283,CLI-4179,1088885.14,2026-10-15
INV-4158,CLI-0341,517751.86,2026-10-18
INV-3315,CLI-1078,,2025-07-28
INV-2973,CLI-4240,1114168.65,2026-03-23
INV-6047,CLI-3869,1082407.92,2026-05-05
INV-6854,CLI-5462,1191200.81,2025-09-14
INV-3267,CLI-4355,1506237.26,2026-04-06
INV-5467,CLI-3137,327901.94,2026-07-16
INV-4877,CLI-3880,703195.54,09-12-2025
INV-4203,CLI-1463,378335.45,2026-03-22
INV-6351,CLI-5118,395439.20,2025-07-18
INV-5898,CLI-4811,1901154.01,2026-09-14
INV-3199,CLI-4869,619965.83,2025-11-06
INV-2488,CLI-2700,318217.17,2026-09-23
INV-2103,CLI-1736,979982.15,2025-09-16
INV-4742,CLI-4232,1482155.02,2025-12-13
INV-6818,CLI-3129,934793.53,2026-11-17
INV-5430,CLI-2756,1235908.68,2025-09-29
INV-2157,CLI-1860,,2026-10-26
INV-7030,CLI-3465,440138.76,2025-07-03
INV-2694,CLI-2684,766806.70,2026-11-17
INV-2531,CLI-1285,1264435.50,2025-09-12
INV-6006,CLI-3195,925811.59,2026-01-23
INV-4287,CLI-4610,1839912.58,2026-01-11
INV-1609,CLI-3216,884850.72,2026-01-24
INV-3236,CLI-4618,956082.02,2026-05-19
INV-6827,CLI-4028,449657.56,2026-05-11
INV-7350,CLI-3517,1123615.93,2025-09-09
INV-3074,CLI-1714,1824840.21,2026-09-02
INV-6756,CLI-3095,818925.02,2025-08-28
INV-1010,CLI-0169,563808.06,2026-04-15
INV-7051,CLI-2298,-1546844.25,2026-03-02
INV-2933,CLI-0576,961896.31,2026-01-13
INV-1080,CLI-0539,1335484.53,2026-05-08
INV-4022,CLI-0141,1770133.95,2026-01-21
INV-5013,CLI-3658,1874800.99,2026-02-24
INV-3896,CLI-2916,902214.14,2026-04-21
INV-5974,CLI-4701,1236910.37,2025-12-09
INV-7024,CLI-1659,200041.73,2025-07-11
INV-1061,CLI-2363,493896.72,2026-02-09
INV-4108,CLI-0582,1293183.65,2026-12-29
INV-7187,CLI-4729,1701955.04,2026-10-09
INV-3125,CLI-0007,1131510.21,2025-09-06
INV-5449,CLI-0273,951774.12,2026-02-25
INV-4637,CLI-1252,1462060.03,2025-12-09
INV-7368,CLI-4919,447199.94,
INV-5527,CLI-1748,1094598.12,2026-09-15
INV-5706,CLI-0058,-1325812.38,2026-04-26
INV-2851,CLI-3556,1904685.35,2025-10-18
INV-5135,CLI-4459,232375.53,2025-09-28
INV-1179,CLI-2232,1877589.51,2025-09-10
INV-2186,CLI-2161,189354.24,2025-06-01
INV-3523,CLI-1646,"₹1,222,616.30",2025-06-12
INV-4528,CLI-3440,624388.95,2025-07-21
INV-6605,CLI-1777,979034.44,2026-06-28
INV-2826,CLI-1608,1468070.27,2026-08-16
INV-5269,CLI-4246,928582.58,24-05-2026
INV-1861,CLI-3252,241547.20,2025-06-14
INV-1539,CLI-0418,523442.19,2025-12-27
INV-6987,CLI-3341,,2025-08-23
INV-4805,CLI-4272,983615.92,2025-13-30
INV-1149,CLI-0323,620386.67,2026-01-18
INV-1032,CLI-4239,1942101.37,2026-07-01
INV-2568,CLI-5177,983771.98,2025-08-21
INV-4667,CLI-3344,661423.84,2026-04-08
INV-2521,CLI-4758,1086304.87,29-03-2026
INV-5989,CLI-4756,1692779.12,2026-10-15
INV-1991,CLI-2454,1014400.50,2026-05-21
INV-2390,CLI-4871,163120.04,2025-11-23
INV-1947,CLI-5260,968047.70,2025-11-15
INV-1873,CLI-0661,1357498.11,2025-06-28
INV-5323,CLI-3238,243325.70,2026-08-30
INV-1143,CLI-2864,1033770.31,2026-10-10
INV-1834,CLI-0979,1619947.18,2026-07-17
INV-5857,CLI-2857,1181473.63,2025-08-08
INV-5402,CLI-1792,947406.93,2026-11-27
INV-2742,CLI-2959,1738522.84,2026-09-18
INV-2605,CLI-1353,"₹1,159,985.55",2026-02-09
INV-3372,CLI-3124,584491.16,2025-11-15
INV-4543,CLI-4620,1015428.64,2026-01-23
INV-4399,CLI-2565,"₹1,381,722.22",2026-05-01
INV-2667,CLI-3435,1689093.77,2026-07-10
INV-5074,CLI-2959,1675861.97,2026-11-07
INV-6718,CLI-2765,1220004.36,2026-03-07
INV-5404,CLI-4957,1714297.25,2025-12-27
INV-4689,CLI-2580,988671.77,2025-08-15
INV-5325,CLI-0909,483575.17,2026-01-19
INV-3352,CLI-2203,1097685.99,2026-06-11
INV-2612,CLI-1827,577208.79,2026-02-27
INV-2654,CLI-2214,634569.95,2026-06-29
INV-1379,CLI-2086,1659770.49,2026-09-02
INV-1779,CLI-4823,1423807.44,2025-10-31
INV-4802,CLI-2452,736540.06,2025-12-01
INV-6308,CLI-1567,,14-12-2026
INV-4318,CLI-4647,"₹333,350.75",2026-10-03
INV-6984,CLI-2646,1967892.66,2026-01-18
INV-4755,CLI-3117,N/A,2026-07-30
INV-6193,CLI-4190,1518322.06,2026-12-13
INV-5286,CLI-2195,1145366.23,09-08-2025
INV-6241,CLI-2881,1801259.33,2026-11-16
INV-4245,CLI-2405,1797902.91,2026-05-21
INV-4185,CLI-0528,81752.70,23-12-2026
INV-2346,CLI-4410,644814.00,2026-04-28
INV-5719,CLI-4134,1160947.46,2026-05-18
INV-6650,CLI-2570,233055.35,2026-05-22
INV-2697,CLI-3442,1585292.85,2025-07-28
INV-4231,CLI-1053,1993648.50,2026-12-12
INV-5444,CLI-2223,1143412.10,2025-10-08
INV-3364,CLI-1843,284763.58,2026-07-23
INV-6753,CLI-1543,1305576.62,2025-11-24
INV-3936,CLI-0429,795642.04,2026-07-29
INV-1937,CLI-4977,413196.09,2026-07-20
INV-5765,CLI-0362,1334417.68,2026-13-14
INV-3951,CLI-4902,484596.88,2026-12-12
INV-5733,CLI-4990,450406.51,2026-04-02
INV-6330,CLI-1464,1290248.15,2026-07-08
INV-2832,CLI-3843,234420.24,2026-08-23
INV-2221,CLI-4247,658310.46,2026-07-13
INV-4180,CLI-3117,"₹1,676,268.23",2026-01-03
INV-1698,CLI-3856,1747912.56,2026-01-13
INV-6697,CLI-0738,460096.44,2025-07-07
INV-1488,CLI-3385,999848.10,2026-09-12
INV-1194,CLI-2238,1896410.18,2026-02-20
INV-5871,CLI-2812,-1612122.49,2025-06-03
INV-5199,CLI-4904,1635121.34,2026-08-21
INV-5825,CLI-4696,522122.94,2026-03-14
INV-6240,CLI-2643,153021.92,2025-11-06
INV-7067,CLI-2262,1424491.85,2025-11-15
INV-4781,CLI-3813,43283.46,2026-06-17
INV-3115,CLI-0733,1897213.43,2026-01-02
INV-6490,CLI-4978,1780613.10,2025-11-27
INV-6183,CLI-2527,1897312.38,2026-01-18
INV-4540,CLI-4226,988560.59,2026-01-02
INV-2896,CLI-3883,1016669.45,2025-09-15
INV-1257,CLI-2024,1162294.97,2025-10-09
INV-4266,CLI-1075,615894.82,2025-08-28
INV-4684,CLI-0851,395644.68,2025-06-15
INV-5647,CLI-4217,846511.06,2026-02-26
INV-2760,CLI-3667,-154967.69,2026-06-21
INV-5562,CLI-4643,1050414.01,2025-12-22
INV-4210,CLI-1977,-1853145.18,2025-06-09
INV-4949,CLI-3625,1014617.89,2026-01-01
INV-6044,CLI-0931,843557.86,2026-06-20
INV-3098,CLI-1941,985430.55,2026-09-08
INV-3793,CLI-1584,1474952.65,2025-13-30
INV-1138,CLI-0942,923186.83,
INV-5561,CLI-2199,1340330.13,2026-04-16
INV-4397,CLI-4824,1826371.32,2026-08-14
INV-1024,CLI-0958,1175922.74,2026-04-23
INV-6215,CLI-0439,619496.91,2026-12-29
INV-3039,CLI-3728,1352457.96,2026-08-21
INV-5555,CLI-2438,1826190.93,2026-09-23
INV-1144,CLI-2770,1899238.55,2025-06-06
INV-2026,CLI-4146,,2026-04-08
INV-2743,CLI-4290,125672.39,2026-05-27
INV-5704,CLI-1064,"₹1,240,080.83",2025-06-25
INV-6456,CLI-4665,984172.30,2026-08-19
INV-3014,CLI-0978,487371.30,2025-12-20
INV-5248,CLI-4046,365182.57,2026-05-22
INV-5662,CLI-0243,626219.83,01-12-2025
INV-1846,CLI-2841,1134134.13,2025-12-12
INV-6433,CLI-0858,607027.52,2026-12-07
INV-4120,CLI-1419,805334.81,2026-10-15
INV-5529,CLI-1045,677915.22,2026-08-10
INV-3619,CLI-4264,N/A,2026-12-17
INV-3459,CLI-0309,,2026-06-26
INV-4098,CLI-3958,523582.78,2026-05-24
INV-1297,CLI-4837,,2025-10-03
INV-3753,CLI-5488,1465437.33,2025-11-28
INV-5470,CLI-1952,1633771.32,2026-08-07
INV-5060,CLI-1458,695822.61,2025-06-01
INV-3086,CLI-0677,1957702.74,2026-07-07
INV-2184,CLI-2985,1774238.27,01-08-2026
INV-2587,CLI-1149,"₹1,835,639.22",2026-05-31
INV-2417,CLI-4688,"₹1,887,737.62",2026-07-22
INV-1942,CLI-0968,1586121.68,26-07-2025
INV-6230,CLI-1999,1885113.46,2026-08-16
INV-4736,CLI-0857,1047007.06,2025-06-19
INV-3900,CLI-1285,466925.80,2026-02-24
INV-3387,CLI-0590,667601.93,2025-06-22
INV-5377,CLI-3895,1855342.66,2025-12-02
INV-2793,CLI-3766,1205922.76,03-12-2025
INV-6968,CLI-1133,1036153.43,2025-08-25
INV-2525,CLI-1425,1013445.35,2025-08-09
INV-1824,CLI-2058,1615433.23,
INV-6754,CLI-2135,"₹692,443.25",2026-08-30
INV-1123,CLI-1353,140085.91,2025-12-16
INV-7230,CLI-4184,302181.32,03-12-2026
INV-1384,CLI-0584,1171020.52,2026-05-13
INV-6057,CLI-1272,"₹1,894,063.53",2026-10-14
INV-2317,CLI-3757,806991.13,2025-07-30
INV-7280,CLI-2706,1904700.45,2026-06-10
INV-3197,CLI-0556,"₹1,951,200.39",
INV-5139,CLI-1139,1609929.46,2026-05-20
INV-1587,CLI-4604,1551127.42,2026-01-22
INV-5641,CLI-1790,464136.45,2026-04-02
INV-5776,CLI-1548,1368130.15,2025-09-10
INV-6922,CLI-0370,738547.83,2026-03-17
INV-6844,CLI-0992,438485.40,2025-10-18
INV-5004,CLI-1228,349085.54,2026-02-04
INV-2724,CLI-4147,348745.26,2026-06-05
INV-3700,CLI-0500,954991.42,2026-08-27
INV-4953,CLI-4026,"₹1,744,087.22",2026-08-22
INV-6335,CLI-1433,1982961.79,2026-07-25
INV-2288,CLI-0199,1629817.64,2025-11-10
INV-2651,CLI-4031,272325.46,2025-06-27
INV-3212,CLI-0786,553302.86,2026-13-25
INV-4620,CLI-3015,,2026-01-04
INV-4580,CLI-3546,1619528.06,2026-11-28
INV-2057,CLI-4973,1580317.73,2026-02-03
INV-4320,CLI-1176,1391034.01,2026-09-03
INV-2306,CLI-3611,705258.64,2026-06-05
INV-5678,CLI-3845,209761.87,2026-08-17
INV-7173,CLI-2645,51383.39,2026-04-07
INV-5747,CLI-2248,840725.27,25-06-2025
INV-6482,CLI-4115,204982.69,2026-12-27
INV-4582,CLI-0487,1426219.68,2026-07-20
INV-3536,CLI-2797,1779043.33,2025-10-04
INV-3623,CLI-0020,79222.06,2026-03-10
INV-7080,CLI-4558,704141.14,2026-07-19
INV-4636,CLI-3252,406008.33,2026-07-29
INV-5451,CLI-0537,1760743.29,2025-07-05
INV-4430,CLI-0428,1121467.97,2025-12-12
INV-1711,CLI-2902,281689.96,2026-08-26
INV-2384,CLI-0650,1990909.73,2025-12-27
INV-4006,CLI-0439,837038.87,2025-07-15
INV-6979,CLI-3694,1534204.74,2026-11-06
INV-4892,CLI-4396,366796.02,2026-09-20
INV-1317,CLI-0713,1095958.31,2026-06-23
INV-2435,CLI-1449,824360.54,2026-02-14
INV-1735,CLI-0013,389956.41,2026-11-12
INV-1784,CLI-1171,712439.43,2025-07-27
INV-4074,CLI-1905,-884119.26,2026-06-07
INV-4858,CLI-1150,440447.66,2026-01-24
INV-1515,CLI-2468,754622.31,2025-07-15
INV-5957,CLI-2963,1439146.96,2025-09-06
INV-1110,CLI-1060,954215.05,2025-09-13
INV-3137,CLI-0140,1764281.11,2026-05-28
INV-7021,CLI-0756,1650024.25,2026-10-26
INV-3236,CLI-3189,884686.72,2025-12-31
INV-2849,CLI-3327,,2025-09-14
INV-3569,CLI-4601,768337.82,2026-03-08
INV-3449,CLI-0212,418939.39,
INV-1180,CLI-2028,1744399.63,2025-07-03
INV-2968,CLI-2689,919050.58,2026-06-06
INV-4899,CLI-0499,1866683.19,2026-05-24
INV-1049,CLI-2395,"₹604,734.93",2026-10-23
INV-1770,CLI-5429,432936.55,2026-08-01
INV-2172,CLI-2962,368327.37,2025-09-21
INV-1706,CLI-1632,1553525.45,2026-10-25
INV-4032,CLI-5296,968618.10,08-01-2026
INV-7431,CLI-0530,1573036.83,2025-10-01
INV-6355,CLI-2508,1819609.58,2026-07-05
INV-2685,CLI-1794,41705.78,2026-10-15
INV-3129,CLI-3236,1070592.51,2026-11-21
INV-2200,CLI-1184,553127.34,2026-11-23
INV-5657,CLI-2552,266416.15,2026-08-29
INV-2866,CLI-2372,42028.32,2026-08-16
INV-1874,CLI-2973,1735756.14,2025-06-19
INV-6284,CLI-2410,1119008.94,2026-07-20
INV-5541,CLI-3214,750207.49,2026-11-16
INV-4476,CLI-3212,197904.62,2026-06-30
INV-2637,CLI-0584,1586992.81,2026-01-05
INV-4229,CLI-1121,99043.48,2026-08-25
INV-1615,CLI-2074,1311218.38,27-11-2025
INV-7447,CLI-4866,879461.87,2025-08-08
INV-6018,CLI-5356,1352046.10,2025-08-12
INV-2475,CLI-0011,1419295.99,2026-10-22
INV-5525,CLI-4269,394788.73,2025-06-08
INV-6498,CLI-2039,306548.26,2026-05-30
INV-5908,CLI-0216,N/A,2025-09-17
INV-4685,CLI-3955,N/A,2026-03-29
INV-2926,CLI-1305,466241.88,2025-07-24
INV-5041,CLI-0230,1151150.13,2025-09-15
INV-3174,CLI-5036,-201919.33,2025-09-20
INV-4225,CLI-1022,,2025-11-05
INV-5640,CLI-3546,172091.78,2026-03-07
INV-5360,CLI-1238,1863733.29,
INV-3996,CLI-4844,39029.37,2025-12-08
INV-1787,CLI-0165,518084.09,2025-11-09
INV-5664,CLI-4666,1151967.41,2026-09-12
INV-6556,CLI-4154,1693080.66,2026-02-26
INV-5758,CLI-3032,949356.13,2025-07-25
INV-6371,CLI-2149,1682840.35,2026-09-10
INV-2487,CLI-2956,150567.39,2026-06-14
INV-4342,CLI-4157,874570.98,2026-01-06
INV-3342,CLI-1612,1718840.31,2026-12-19
INV-6519,CLI-3011,1072910.50,2026-05-11
INV-1052,CLI-1287,655967.77,2025-07-19
INV-6919,CLI-2331,"₹890,738.65",2026-03-24
INV-1610,CLI-2319,491803.15,2026-07-17
INV-5532,CLI-3366,516938.87,2026-10-08
INV-6121,CLI-1203,474247.74,2026-02-27
INV-1389,CLI-1885,614140.70,2026-10-30
INV-3913,CLI-3659,545695.34,2026-06-11
INV-2347,CLI-1774,983769.89,2026-03-01
INV-1153,CLI-3094,901019.30,2025-07-05
INV-6734,CLI-4954,169504.16,2026-12-28
INV-7233,CLI-3487,1372076.30,2026-06-09
INV-7366,CLI-2191,1241164.80,2026-02-07
INV-2105,CLI-3355,255121.55,2026-09-01
INV-4293,CLI-0350,1754014.04,2026-10-24
INV-1985,CLI-3414,57709.15,2026-10-03
INV-5011,CLI-1585,51895.31,2025-12-19
INV-6170,CLI-2396,163125.62,2025-11-17
INV-2530,CLI-0191,847468.06,2025-08-16
INV-4182,CLI-3318,679067.02,2025-08-05
INV-6915,CLI-3765,1143737.89,2026-01-17
INV-7415,CLI-4279,159277.83,2026-10-10
INV-3398,CLI-4240,876726.66,2025-07-06
INV-3598,CLI-4780,831036.02,2025-09-28
INV-2185,CLI-1671,890119.91,2026-09-25
INV-5712,CLI-1927,1836068.28,2026-09-10
INV-4044,CLI-2091,383451.04,2026-04-23
INV-7007,CLI-2307,1373649.27,2026-09-10
INV-3559,CLI-0067,1711223.16,2026-06-05
INV-3709,CLI-1261,"₹52,223.64",09-10-2025
INV-6056,CLI-4128,175018.44,2026-11-22
INV-2297,CLI-2299,-24191.42,2025-11-26
INV-3123,CLI-3259,1963237.83,2026-09-19
INV-5083,CLI-3414,,2025-07-17
INV-4024,CLI-4883,200345.84,2026-08-22
INV-1396,CLI-1989,1152775.79,2026-07-16
INV-3717,CLI-3181,1821249.01,2025-09-25
INV-5333,CLI-0428,803314.51,2025-06-05
INV-1035,CLI-3836,1927250.16,2025-08-16
INV-4568,CLI-3121,18160.81,2025-12-04
INV-2315,CLI-3173,1756798.07,2025-09-12
INV-1411,CLI-4718,533628.45,2026-05-07
INV-5552,CLI-2375,1181229.23,2026-11-12
INV-6025,CLI-3171,1943738.11,2025-06-11
INV-3586,CLI-0971,1641115.23,2026-03-08
INV-4336,CLI-5303,1787295.99,2026-10-05
INV-2770,CLI-0014,1356335.10,2026-12-14
INV-1927,CLI-3231,789107.86,2026-07-28
INV-5295,CLI-2704,552650.79,14-04-2026
INV-7128,CLI-1934,,2026-09-27
INV-2181,CLI-3286,1632265.27,2026-12-20
INV-2418,CLI-3948,815437.87,2025-12-13
INV-2027,CLI-2584,1530804.39,2026-12-16
INV-7098,CLI-1916,778508.02,2025-07-24
INV-1796,CLI-1179,1477793.93,16-04-2026
INV-4434,CLI-1981,1089508.64,2026-08-13
INV-2481,CLI-0392,644680.12,2025-07-22
INV-7357,CLI-1616,407115.25,2026-01-29
INV-3571,CLI-1590,1504424.38,2026-07-28
INV-6815,CLI-2137,1551865.48,2026-10-07
INV-7438,CLI-1267,16387.69,19-10-2026
INV-5959,CLI-1294,-1766274.01,2025-09-16
INV-6618,CLI-3359,1576778.13,
INV-2978,CLI-2386,592140.94,2025-13-11
INV-1598,CLI-2059,1452977.30,2025-06-06
INV-6920,CLI-1830,1400455.66,30-07-2026
INV-6621,CLI-4028,1137383.94,2026-08-14
INV-2679,CLI-3551,"₹1,695,491.72",2026-09-14
INV-6547,CLI-2332,1041779.20,2025-10-12
INV-1050,CLI-4495,831784.02,
INV-3888,CLI-0348,1914448.91,2026-09-08
INV-6447,CLI-0830,50835.69,2026-07-15
INV-2330,CLI-1999,959445.05,2026-10-02
INV-5696,CLI-4522,1336287.53,2025-09-25
INV-2219,CLI-3963,-1595052.17,2026-04-24
INV-3839,CLI-0010,524690.99,2025-09-14
INV-1253,CLI-4011,875149.52,2026-05-18
INV-6719,CLI-3157,528067.91,2026-04-03
INV-7129,CLI-2130,75073.28,2025-12-28
INV-5021,CLI-1609,1927103.16,2025-08-17
INV-1287,CLI-4094,794787.19,2026-07-01
INV-3781,CLI-2476,661972.75,2025-10-09
INV-3047,CLI-2669,1452906.09,2026-07-06
INV-4404,CLI-4702,1212375.51,2026-08-30
INV-5854,CLI-1295,"₹1,859,953.70",2026-10-03
INV-2328,CLI-4752,313560.80,2026-03-24
INV-6512,CLI-0630,1679963.54,2026-03-26
INV-1871,CLI-3853,1670880.17,2025-07-04
INV-3161,CLI-1058,610185.41,2026-07-16
INV-1026,CLI-1830,564695.95,2026-12-04
INV-1726,CLI-1732,935915.78,2025-11-22
INV-3328,CLI-1621,861496.72,2025-10-28
INV-5595,CLI-4358,1701182.04,2026-05-22
INV-5120,CLI-1380,781767.17,2026-06-30
INV-5931,CLI-0066,1645784.43,2025-10-15
INV-5519,CLI-0145,697646.62,2026-06-27
INV-5383,CLI-4170,,2026-07-23
INV-3281,CLI-3401,9109.31,2026-06-20
INV-6609,CLI-2257,48882.59,2025-09-08
INV-3166,CLI-2129,1367485.80,2026-11-22
INV-5726,CLI-2516,1524496.63,2026-03-03
INV-2066,CLI-3418,994151.34,2025-11-17
INV-7087,CLI-0401,1657837.51,2026-02-20
INV-6653,CLI-4275,1075145.14,2025-08-23
INV-4575,CLI-1921,1926620.28,2025-08-25
INV-5746,CLI-2540,1219724.38,2026-08-01
INV-1746,CLI-3254,88324.54,2026-12-03
INV-1720,CLI-2920,1476067.77,2025-06-20
INV-6296,CLI-0434,253336.25,2026-03-10
INV-3570,CLI-4160,1753334.05,2025-07-02
INV-5603,CLI-1576,34682.62,2025-12-31
INV-1536,CLI-3178,1161569.09,2026-12-19
INV-4129,CLI-0170,204970.10,2025-11-01
INV-2539,CLI-4132,1377047.18,2026-08-07
INV-2226,CLI-4968,1213179.02,2025-11-24
INV-4233,CLI-3444,574841.02,2026-01-29
INV-1360,CLI-2318,1891120.54,2025-06-13
INV-5489,CLI-1742,1063388.43,21-09-2025
INV-1580,CLI-3353,1727565.23,2025-08-18
INV-7480,CLI-4124,586212.81,2025-12-18
INV-2586,CLI-2108,494172.76,2026-04-10
INV-1948,CLI-4758,1499851.73,2026-07-07
INV-6258,CLI-2632,706290.08,2026-02-25
INV-6208,CLI-1578,683662.90,2026-12-30
INV-5839,CLI-3404,580500.67,2025-12-24
INV-1366,CLI-0195,1302571.13,2026-07-08
INV-3465,CLI-2409,1115134.14,2026-07-26
INV-1870,CLI-4976,1408916.62,2026-05-19
INV-7041,CLI-3431,27464.69,2025-11-16
INV-4817,CLI-0704,269615.14,2026-03-28
INV-5973,CLI-2519,101697.98,2025-10-14
INV-5073,CLI-1375,342903.92,2026-12-27
INV-5390,CLI-0528,,2025-06-14
INV-6448,CLI-1336,820363.34,2025-12-03
INV-4148,CLI-3793,1260567.17,2026-03-22
INV-4760,CLI-4423,1090664.88,2025-08-30
INV-3902,CLI-0083,1216373.36,2025-06-25
INV-5183,CLI-2397,1956173.61,2025-10-11
INV-1968,CLI-3727,1370474.47,2026-11-15
INV-4963,CLI-4946,1572064.71,2025-07-27
INV-4105,CLI-4451,1717772.17,2026-08-24
INV-6118,CLI-2299,1670025.05,2026-08-14
INV-3835,CLI-3089,1778293.71,2026-12-18
INV-2855,CLI-1755,1542979.55,2026-11-22
INV-6365,CLI-0842,116567.75,2025-08-28
INV-2830,CLI-2781,458827.47,2026-10-13
INV-5970,CLI-4735,580719.43,2026-12-10
INV-1678,CLI-3591,776269.74,2026-11-19
INV-3926,CLI-0809,1707294.51,2026-01-06
INV-6249,CLI-3318,1625373.07,2025-11-03
INV-6976,CLI-0725,,2025-11-25
INV-5468,CLI-4406,167138.63,2025-07-29
INV-5362,CLI-4469,221113.39,2026-12-07
INV-2554,CLI-3285,509867.89,2025-06-14
INV-2548,CLI-0979,1682259.23,2026-05-13
INV-6996,CLI-0535,1754767.50,2026-02-08
INV-4395,CLI-1146,1107748.67,2026-04-03
INV-2022,CLI-5060,36320.85,2026-04-08
INV-5190,CLI-2012,-154944.25,2025-08-19
INV-6526,CLI-1751,1513976.65,2026-07-20
INV-2852,CLI-3136,573358.89,2026-03-12
INV-5459,CLI-1591,1583490.48,2025-08-25
INV-3471,CLI-1299,574594.17,2025-11-17
INV-6570,CLI-2934,317338.10,2025-11-21
INV-5873,CLI-3266,1552423.42,2025-09-10
INV-1406,CLI-2813,358220.07,2026-07-31
INV-3413,CLI-3759,1017659.54,2025-06-12
INV-1952,CLI-1500,,2026-10-03
INV-4526,CLI-1986,233336.07,2026-07-02
INV-6798,CLI-4826,1368406.99,2026-09-06
INV-3419,CLI-4831,1624029.33,2026-04-30
INV-1387,CLI-3824,1517972.86,2025-07-12
INV-3151,CLI-4398,984091.89,2026-03-25
INV-3000,CLI-2234,690461.49,2025-11-02
INV-6315,CLI-4968,1493532.60,2025-09-19
INV-1133,CLI-0152,5516.11,2025-07-31
INV-6565,CLI-3322,693467.64,2026-10-21
INV-2398,CLI-3739,117177.05,2025-12-02
INV-2156,CLI-1543,235561.25,2025-10-27
INV-6099,CLI-4132,1394949.45,2026-01-31
INV-2463,CLI-0630,874007.97,2026-07-29
INV-5151,CLI-0075,811742.20,22-05-2026
INV-2814,CLI-3211,287517.79,22-06-2026
INV-3844,CLI-3348,1356060.89,2025-07-28
INV-6624,CLI-4531,621331.86,2026-09-09
INV-2016,CLI-4664,1001539.19,2026-10-24
INV-2470,CLI-4390,1829961.32,2026-03-22
INV-2874,CLI-2577,1200930.19,2026-09-16
INV-2967,CLI-1886,1519498.70,2026-07-02
INV-3945,CLI-1511,1533076.86,2026-01-16
INV-3852,CLI-4118,997161.45,2025-08-18
INV-5513,CLI-0814,-1609959.91,2025-06-07
INV-1230,CLI-4397,571494.72,2026-08-16
INV-6908,CLI-3630,1995089.43,2026-05-15
INV-7458,CLI-0896,726477.99,2026-09-21
INV-6153,CLI-4427,776377.77,2026-12-17
INV-1766,CLI-4375,1020237.91,2025-11-16
INV-4387,CLI-3981,564856.72,2026-08-09
INV-1357,CLI-3253,1749972.37,2025-11-21
INV-6552,CLI-2096,897128.75,2025-06-02
INV-1268,CLI-2665,,2025-07-17
INV-3149,CLI-4279,1000054.95,2026-02-10
INV-3254,CLI-3092,885765.67,2026-09-15
INV-6392,CLI-1196,1311216.10,2026-06-10
INV-7425,CLI-4565,251248.88,2026-06-29
INV-6422,CLI-2207,1511485.63,2026-09-02
INV-2541,CLI-4735,955687.20,
INV-2413,CLI-2565,1711069.29,2026-03-05
INV-6146,CLI-4184,782200.71,2026-05-10
INV-4789,CLI-1536,48376.02,2025-09-25
INV-1738,CLI-2991,238348.58,2025-06-19
INV-1886,CLI-4846,455823.75,2025-10-11
INV-2979,CLI-5027,552982.53,2026-04-28
INV-5892,CLI-4277,533808.64,2025-09-30
INV-2108,CLI-3657,1282129.65,2026-09-12
INV-5096,CLI-0386,468199.36,2025-12-11
INV-2386,CLI-3634,1236691.47,2025-10-28
INV-5524,CLI-1137,113494.41,19-09-2026
INV-5338,CLI-1822,1005572.09,2026-10-24
INV-3849,CLI-3819,821540.30,2026-11-07
INV-1195,CLI-3715,N/A,2026-10-08
INV-5277,CLI-1983,1558334.34,2026-03-14
INV-2220,CLI-4617,432462.08,2025-06-19
INV-2752,CLI-2727,500105.07,2025-12-06
INV-1441,CLI-2210,,2026-07-07
INV-6715,CLI-2939,1894707.57,2026-01-19
INV-7381,CLI-1464,,2026-05-21
INV-1033,CLI-2062,67038.01,2026-07-26
INV-3293,CLI-1353,396660.72,23-07-2025
INV-2358,CLI-4916,1925019.22,2026-03-20
INV-6442,CLI-4459,1091972.55,2026-04-02
INV-2343,CLI-3689,1692511.28,23-09-2026
INV-2850,CLI-4274,1316514.43,2026-04-26
INV-4380,CLI-1446,"₹1,190,539.21",2026-05-26
INV-6636,CLI-0063,1138689.09,2026-06-06
INV-5407,CLI-1322,1797072.37,2026-01-09
INV-3053,CLI-2858,1543743.22,2026-09-09
INV-7281,CLI-3565,1082423.16,2026-10-01
INV-6135,CLI-4811,969148.72,2026-06-29
INV-7238,CLI-1725,243290.47,
INV-3502,CLI-2255,1019067.64,2025-11-08
INV-6868,CLI-1620,37609.37,2026-12-22
INV-2927,CLI-4527,63570.30,14-03-2026
INV-4263,CLI-5483,1696087.01,2025-08-15
INV-2959,CLI-4272,759163.15,2025-10-31
INV-1776,CLI-0331,891843.31,2026-10-11
INV-6659,CLI-4814,787721.02,2025-07-01
INV-4746,CLI-4631,1653669.44,2025-06-10
INV-4645,CLI-0578,596737.66,2026-03-17
INV-4585,CLI-2785,"₹710,564.84",21-10-2026
INV-1332,CLI-0996,886477.37,2026-10-08
INV-5394,CLI-2603,117817.65,2026-11-10
INV-4525,CLI-3827,514242.43,2025-13-12
INV-6875,CLI-0147,817906.88,2026-03-25
INV-1893,CLI-0130,1517450.01,2026-03-20
INV-2988,CLI-4828,846243.93,2026-04-18
INV-2892,CLI-1590,133101.05,2025-09-09
INV-3365,CLI-1808,600251.25,2025-07-31
INV-1376,CLI-0637,-1439435.38,2026-09-15
INV-5843,CLI-4418,1846983.91,2026-07-07
INV-1669,CLI-0528,1687408.30,2025-11-16
INV-1885,CLI-1817,380836.64,2026-03-17
INV-5792,CLI-1312,1610127.79,2026-04-15
INV-6228,CLI-1663,1076149.44,05-10-2025
INV-5879,CLI-0075,1304010.18,2026-03-10
INV-3080,CLI-4055,-384335.97,2025-11-19
INV-4909,CLI-1348,1286185.92,2025-10-23
INV-5730,CLI-0669,115297.49,2025-08-07
INV-5351,CLI-2134,1384846.97,03-11-2026
INV-5537,CLI-1785,76529.07,15-07-2025
INV-2034,CLI-4663,1755454.30,2026-12-23
INV-5515,CLI-0496,1054897.76,2026-12-17
INV-2803,CLI-2969,59308.69,2026-07-17
INV-7265,CLI-2323,371322.28,2025-08-25
INV-6551,CLI-2322,1726371.25,2025-07-15
INV-2532,CLI-3739,,2026-08-28
INV-1707,CLI-4710,1521911.03,2026-06-01
INV-4539,CLI-0027,161162.54,2025-10-09
INV-7096,CLI-0148,1496433.73,2026-07-22
INV-6286,CLI-0409,1137715.95,2026-06-26
INV-1081,CLI-1690,1898267.30,2026-05-08
INV-1503,CLI-3579,1135737.20,2026-10-03
INV-4962,CLI-3445,1901392.52,2026-04-27
INV-2681,CLI-3845,888914.91,2026-08-16
INV-7004,CLI-2762,1562618.83,2026-02-15
INV-4574,CLI-2379,1126109.42,2026-09-15
INV-6748,CLI-1697,1650553.95,2025-12-12
INV-7442,CLI-0116,540774.97,
INV-4542,CLI-2751,580602.38,2026-05-06
INV-6559,CLI-3911,1805762.14,2026-04-12
INV-1660,CLI-3791,1917373.83,2026-02-12
INV-6264,CLI-0465,120106.99,2026-11-04
INV-1601,CLI-2899,1037380.91,2026-10-28
INV-4173,CLI-1086,1549514.65,2026-11-19
INV-2854,CLI-1390,665133.26,2025-07-19
INV-1197,CLI-0058,596918.28,2026-08-02
INV-6938,CLI-0230,1796331.19,2025-11-09
INV-7286,CLI-2229,988594.37,2025-06-12
INV-1953,CLI-4702,498337.85,2025-09-16
INV-2009,CLI-4795,1342739.51,2025-06-21
INV-4277,CLI-1600,578213.38,
INV-2415,CLI-0254,1987835.02,2025-07-04
INV-4763,CLI-3871,-679000.67,2026-05-13
INV-7095,CLI-2254,946056.39,2025-09-04
INV-6987,CLI-3731,992570.31,2026-12-06
INV-3305,CLI-4840,996189.97,2025-10-15
INV-6595,CLI-2113,105462.45,28-09-2026
INV-4100,CLI-1745,772261.49,2025-11-19
INV-4503,CLI-4701,751805.72,2025-09-13
INV-2986,CLI-4752,1314573.40,2025-12-24
INV-6017,CLI-3519,1474793.11,2025-09-06
INV-3289,CLI-1260,-1755106.19,2026-02-18
INV-2704,CLI-4476,134495.74,2025-09-09
INV-7485,CLI-1098,336417.31,10-01-2026
INV-5256,CLI-2790,1881492.76,2025-12-02
INV-4650,CLI-2568,1422833.21,2025-13-13
INV-5962,CLI-0857,425849.05,2025-08-14
INV-5860,CLI-4901,206943.24,2026-08-20
INV-2452,CLI-3800,1823625.76,15-03-2026
INV-5629,CLI-4962,,2026-09-11
INV-3119,CLI-4458,1534510.04,2025-07-25
INV-6841,CLI-1015,1020980.70,2025-12-04
INV-2831,CLI-2069,586482.94,2025-10-25
INV-1681,CLI-1749,788898.61,2025-08-19
INV-1668,CLI-0777,1823314.83,2026-06-05
INV-2414,CLI-0340,1669906.25,2026-09-26
INV-2139,CLI-1598,,06-11-2025
INV-6320,CLI-2755,1542378.75,2026-06-13
INV-3314,CLI-4872,316617.98,2026-03-22
INV-3563,CLI-3679,945095.87,2026-01-25
INV-5676,CLI-2215,1425499.91,2026-01-01
INV-1314,CLI-2216,937712.06,2025-12-15
INV-2647,CLI-4715,1814192.82,2025-11-19
INV-1378,CLI-4556,814050.26,2025-13-17
INV-3618,CLI-2506,1041126.92,2025-12-28
INV-5623,CLI-2628,499021.24,2025-11-13
INV-1907,CLI-4610,1887592.03,2026-10-19
INV-4678,CLI-4839,336353.04,2026-12-24
INV-7016,CLI-2457,1265682.13,2026-01-08
INV-2765,CLI-3972,1016161.48,2026-10-21
INV-3090,CLI-1580,N/A,2025-06-06
INV-5028,CLI-1959,1135265.58,2025-11-03
INV-1740,CLI-3528,840377.71,2026-03-24
INV-6231,CLI-3385,-1187293.85,2026-12-06
INV-3371,CLI-3589,1100302.09,2025-08-03
INV-5799,CLI-2372,442140.34,2026-03-06
INV-4373,CLI-4277,1163801.79,2026-11-25
INV-2990,CLI-2163,1341681.89,2025-11-15
INV-2662,CLI-2276,1658199.71,2026-06-18
INV-2895,CLI-4496,392716.84,2025-10-06
INV-3914,CLI-4501,,2026-09-21
INV-1714,CLI-1868,1973769.45,2025-10-18
INV-1906,CLI-4139,1830967.66,2026-06-24
INV-6528,CLI-4010,51100.44,2025-08-21
INV-2483,CLI-3951,423453.14,
INV-5370,CLI-2109,-1092926.51,2026-10-05
INV-2334,CLI-3657,616689.91,2026-08-20
INV-4253,CLI-3052,695552.27,2026-01-01
INV-2033,CLI-1501,969592.75,2026-11-16
INV-2559,CLI-1464,1147244.82,2025-07-27
INV-4700,CLI-3134,793448.06,2025-10-25
INV-7452,CLI-0641,1821951.94,2026-01-10
INV-4256,CLI-1602,1139765.39,2026-11-15
INV-3082,CLI-0830,1150443.73,2025-08-22
INV-1346,CLI-4258,24292.21,2026-12-11
INV-3904,CLI-1979,1231659.94,2026-01-28
INV-4333,CLI-3935,1568410.15,2026-09-24
INV-5915,CLI-0083,813649.56,2026-04-03
INV-3958,CLI-0652,577825.92,2026-08-08
INV-7115,CLI-0961,,2025-09-16
INV-1322,CLI-0711,462948.11,2026-04-03
INV-2609,CLI-3847,1129688.60,2025-08-30
INV-2491,CLI-0720,1028199.50,2026-06-03
INV-2345,CLI-2311,-515814.67,2026-03-16
INV-6676,CLI-0781,"₹976,386.67",2025-07-25
INV-6353,CLI-1393,1821284.16,2026-12-12
INV-6332,CLI-0156,1215436.53,2026-07-18
INV-3510,CLI-2044,1253613.03,2026-12-23
INV-7199,CLI-2135,1429693.83,2026-05-02
INV-6405,CLI-0509,352422.83,2026-11-14
INV-4938,CLI-1103,1005683.44,2026-07-23
INV-6019,CLI-0386,374881.85,2026-07-07
INV-5895,CLI-2582,1137913.48,2026-02-24
INV-6652,CLI-3536,1742576.82,2026-09-28
INV-3018,CLI-2036,1635165.95,2026-12-29
INV-4811,CLI-3426,1937422.50,2026-07-25
INV-4262,CLI-4377,958360.18,2025-10-10
INV-6342,CLI-5220,624729.13,2026-03-21
INV-5171,CLI-3556,1517525.71,2026-12-18
INV-2768,CLI-0284,1374728.20,28-06-2026
INV-6577,CLI-1931,914618.51,2026-08-13
INV-5089,CLI-4147,562172.11,2025-12-26
INV-2629,CLI-1599,780662.05,2025-09-20
INV-5942,CLI-2722,1820193.00,2026-11-16
INV-4191,CLI-0823,N/A,08-02-2026
INV-4437,CLI-4338,946490.55,2026-05-11
INV-6580,CLI-3524,381899.87,2026-06-19
INV-5100,CLI-2029,1636964.04,2025-09-21
INV-5703,CLI-2843,1196128.27,2025-08-22
INV-3576,CLI-2796,105017.94,2026-10-08
INV-2281,CLI-4412,1163516.16,2025-07-23
INV-7427,CLI-3125,545494.09,2026-08-18
INV-3189,CLI-4455,56320.51,2025-10-02
INV-3394,CLI-4088,377615.97,2026-04-22
INV-6623,CLI-4980,,2026-01-09
INV-4673,CLI-0981,1999357.39,2025-08-26
INV-4456,CLI-0108,418533.87,2026-07-01
INV-4178,CLI-3948,1941777.03,2025-09-10
INV-2453,CLI-4292,1357351.23,2025-09-13
INV-6400,CLI-5485,388070.51,2025-12-23
INV-5934,CLI-3981,1050139.01,2026-01-21
INV-3441,CLI-0862,668146.81,2026-08-31
INV-5287,CLI-0736,1484347.91,2025-07-17
INV-4190,CLI-1352,1743313.72,2026-08-30
INV-5687,CLI-4675,1128473.28,
INV-5229,CLI-0571,595625.57,2026-06-30
INV-3418,CLI-5347,37222.29,2026-08-31
INV-2168,CLI-2966,62538.49,2025-08-15
INV-7167,CLI-1116,531506.98,2025-12-21
INV-2775,CLI-2345,525836.65,2026-03-06
INV-1051,CLI-0963,1006650.95,2026-09-21
INV-4656,CLI-0584,161311.37,2025-07-21
INV-1890,CLI-2310,1055031.57,2026-08-17
INV-6387,CLI-2732,898080.42,2026-02-23
INV-3642,CLI-4681,1558507.05,2025-06-14
INV-2730,CLI-3855,726423.67,2026-10-30
INV-7043,CLI-4021,1574346.36,2025-12-05
INV-5626,CLI-3227,222027.93,2026-08-03
INV-7061,CLI-1638,1486984.99,2025-12-25
INV-2714,CLI-3930,971632.25,2026-04-27
INV-6637,CLI-1081,807011.64,2026-11-20
INV-7493,CLI-4276,1841890.70,
INV-4149,CLI-1024,1688509.11,2025-12-16
INV-1778,CLI-2503,311968.27,2025-12-29
INV-6962,CLI-2772,1340484.39,2026-02-25
INV-6563,CLI-1336,728733.15,2026-06-21
INV-2813,CLI-0160,1406628.77,2025-06-29
INV-3337,CLI-1408,626441.43,2025-11-12
INV-4198,CLI-1101,1382601.22,2026-04-17
INV-4152,CLI-3787,563748.84,2026-11-13
INV-5488,CLI-3080,338604.36,2025-10-18
INV-3973,CLI-4560,413934.45,2026-04-17
INV-1132,CLI-3057,1215041.71,2025-06-28
INV-7060,CLI-1742,1511193.04,2025-10-12
INV-2666,CLI-3048,687618.66,2026-06-23
INV-6244,CLI-4725,1483035.38,2026-09-05
INV-2270,CLI-1117,1459674.19,2026-11-30
INV-5051,CLI-3907,697606.05,2025-06-08
INV-6670,CLI-2277,598197.24,2025-09-06
INV-4310,CLI-3216,1042847.75,2026-08-10
INV-3507,CLI-2512,"₹56,173.68",2025-08-01
INV-2412,CLI-3124,672605.65,11-08-2026
INV-6450,CLI-0569,1568540.12,2025-08-09
INV-3616,CLI-1756,907129.35,2025-12-29
INV-2036,CLI-1978,10032.11,2026-08-11
INV-3946,CLI-2308,534581.65,2026-06-27
INV-3759,CLI-3920,1933459.51,2026-07-05
INV-1458,CLI-5340,1055161.95,2025-10-12
INV-5510,CLI-1121,79962.53,2025-12-27
INV-7032,CLI-3937,1105528.15,2026-08-04
INV-1363,CLI-2621,331814.20,2026-03-26
INV-4740,CLI-1947,379127.71,2026-11-08
INV-7374,CLI-3400,1945316.59,2026-10-15
INV-5836,CLI-2255,749411.47,2026-05-24
INV-4921,CLI-1578,984952.34,2026-12-03
INV-7491,CLI-1368,1809588.23,2026-03-11
INV-2504,CLI-1598,172655.98,2026-04-10
INV-6073,CLI-0624,944661.43,2026-12-10
INV-4930,CLI-0312,1070335.58,2026-07-03
INV-6516,CLI-1548,742095.06,2026-01-03
INV-3370,CLI-2978,331049.13,2026-07-17
INV-4720,CLI-1145,456516.97,2026-03-15
INV-3534,CLI-1357,618147.64,2026-09-20
INV-5851,CLI-2753,1736356.37,2025-11-15
INV-5724,CLI-4251,477831.56,2025-07-06
INV-2431,CLI-4832,1056469.11,2026-03-07
INV-3544,CLI-3805,1141148.22,2025-12-03
INV-4201,CLI-4829,971223.21,2025-11-13
INV-5960,CLI-2713,428034.65,2026-07-13
INV-2230,CLI-5223,790536.68,2025-12-24
INV-3626,CLI-2666,334999.96,2026-05-01
INV-1698,CLI-2903,251044.08,2026-08-29
INV-4785,CLI-4837,1948013.98,
INV-2293,CLI-3660,1997801.05,2026-12-04
INV-1635,CLI-1522,480263.04,
INV-4385,CLI-4988,95586.83,2026-08-23
INV-3150,CLI-2135,192721.41,2026-08-09
INV-2106,CLI-2388,871662.56,2026-05-10
INV-1665,CLI-2299,185101.43,2025-11-27
INV-2949,CLI-0028,1925255.87,2026-08-23
INV-7499,CLI-1211,N/A,2025-07-28
INV-2163,CLI-2264,265253.49,2026-07-01
INV-2772,CLI-0030,923477.65,2026-03-17
INV-2732,CLI-1226,1364448.76,2026-01-12
INV-5056,CLI-2276,1455103.10,2025-09-30
INV-6191,CLI-0092,1120433.26,2026-09-03
INV-3230,CLI-3969,581246.02,2026-07-01
INV-5953,CLI-3618,1349509.04,2025-10-28
INV-1655,CLI-2596,1727832.96,2026-05-12
INV-5008,CLI-2830,731607.45,2026-05-02
INV-5599,CLI-1449,900204.67,2025-12-14
INV-2976,CLI-4619,1760271.16,2026-09-04
INV-1702,CLI-0625,1601504.51,2025-06-16
INV-5029,CLI-3204,258516.33,2026-01-12
INV-1551,CLI-4291,352358.86,2026-08-30
INV-1423,CLI-2131,651942.30,
INV-4536,CLI-2578,208757.85,2026-11-10
INV-6042,CLI-2755,529357.26,2026-05-30
INV-6004,CLI-3848,1766116.49,2025-07-29
INV-5197,CLI-2790,1579527.25,2025-12-03
INV-3933,CLI-2900,1089078.15,2026-04-16
INV-6972,CLI-0492,1587689.87,2026-05-04
INV-1137,CLI-2686,1622328.66,2026-11-11
INV-2180,CLI-4282,1250770.85,2026-11-19
INV-2741,CLI-3702,51479.63,2026-08-13
INV-1233,CLI-1075,1311682.98,2026-10-20
INV-2193,CLI-3728,328854.11,2026-02-06
INV-2725,CLI-2280,515855.62,2025-12-04
INV-3617,CLI-3017,1934489.23,2026-12-21
INV-4633,CLI-2737,33996.41,2026-07-15
INV-4199,CLI-2915,1066942.67,2026-09-29
INV-2560,CLI-3441,-946997.18,2026-03-05
INV-6839,CLI-0449,562403.50,
INV-1254,CLI-3585,258911.22,2026-06-01
INV-6897,CLI-4650,1931499.78,2026-04-08
INV-7157,CLI-4186,1375879.99,2025-11-28
INV-2994,CLI-4473,1044208.28,2026-11-01
INV-1240,CLI-3482,819028.47,2026-01-28
INV-1046,CLI-0128,1785546.89,2026-03-14
INV-1445,CLI-3855,1396570.65,2026-01-05
INV-5694,CLI-2768,608444.79,2026-06-22
INV-2473,CLI-4617,466719.72,2025-06-28
INV-4900,CLI-0722,1323768.11,2026-08-12
INV-7112,CLI-5026,975149.88,2026-05-27
INV-4383,CLI-3640,1614042.46,2026-12-04
INV-5219,CLI-0715,1522722.55,2025-12-12
INV-5092,CLI-1509,1619858.65,2026-05-14
INV-5600,CLI-2325,512597.62,2026-03-05
INV-1450,CLI-4387,211236.87,2025-06-05
INV-3158,CLI-4591,1823514.49,2026-07-08
INV-1388,CLI-1685,1112462.05,2026-02-13
INV-3612,CLI-2140,1391604.02,2025-12-11
INV-5363,CLI-4638,927619.28,2025-10-20
INV-4462,CLI-0436,1826166.64,2026-04-18
INV-6690,CLI-4789,341215.12,22-09-2025
INV-3219,CLI-0185,714208.14,2025-06-22
INV-6800,CLI-4428,1069060.02,2026-07-29
INV-7050,CLI-0912,191383.98,2025-08-07
INV-4003,CLI-0670,1258200.48,2026-05-09
INV-6107,CLI-4809,1497700.66,2026-02-17
INV-5373,CLI-2153,1339458.89,2026-08-25
INV-3652,CLI-2167,1554885.28,2026-10-05
INV-2489,CLI-4530,,2026-05-20
INV-1292,CLI-1048,655505.05,2026-02-27
INV-4977,CLI-3371,1051333.78,2025-12-14
INV-2763,CLI-1324,1979110.49,2025-09-22
INV-4698,CLI-0798,1570259.28,2025-07-20
INV-2207,CLI-2577,24050.72,2025-07-05
INV-3658,CLI-1124,"₹1,444,724.91",19-01-2026
INV-5111,CLI-4658,1646952.91,2026-04-18
INV-4815,CLI-0571,813474.02,2026-02-24
INV-6533,CLI-3129,32409.05,2025-07-26
INV-4252,CLI-1213,855941.88,2025-07-19
INV-6807,CLI-3199,1375857.18,2025-12-27
INV-3433,CLI-3423,136335.60,2025-07-20
INV-1523,CLI-4409,1658531.18,2025-06-13
INV-6878,CLI-3777,1356025.59,2026-10-09
INV-7325,CLI-4164,459564.85,2025-07-02
INV-2887,CLI-0978,1610561.71,2026-12-28
INV-4418,CLI-4685,1151312.98,2025-08-27
INV-7243,CLI-1966,1607908.33,2026-06-22
INV-4063,CLI-1036,448432.61,2026-07-04
INV-2277,CLI-4836,,2026-01-12
INV-7126,CLI-4186,750614.49,16-04-2026
INV-5502,CLI-3385,434818.13,2026-06-04
INV-3172,CLI-0127,1328402.18,2026-06-09
INV-1933,CLI-0087,951724.78,2026-12-26
INV-7450,CLI-0313,870558.64,2025-06-26
INV-1657,CLI-1660,1609176.13,2026-03-03
INV-1574,CLI-3277,1453135.44,2026-07-24
INV-2100,CLI-0506,1023554.62,2026-03-08
INV-4128,CLI-1997,,12-07-2025
INV-7188,CLI-3455,386935.85,2026-06-22
INV-7342,CLI-2134,170912.51,2026-01-25
INV-2649,CLI-4224,1354266.80,2026-13-01
INV-2731,CLI-1985,239225.90,2026-04-24
INV-4862,CLI-3438,1093326.91,2025-10-20
INV-7428,CLI-0270,1332148.00,2026-08-06
INV-2780,CLI-1972,98081.00,2026-09-24
INV-4378,CLI-4283,55005.88,2026-11-11
INV-3754,CLI-3975,N/A,2025-09-27
INV-6014,CLI-4821,1627060.79,2025-11-01
INV-5499,CLI-4733,1121622.23,2025-12-12
INV-5012,CLI-3376,1431392.59,
INV-5265,CLI-2852,1545728.05,2025-06-26
INV-5643,CLI-1677,1020953.22,2025-11-01
INV-1497,CLI-2052,39641.10,2025-10-20
INV-5559,CLI-4541,1142117.20,2026-01-11
INV-6817,CLI-1185,,2026-05-03
INV-2021,CLI-2914,299694.16,2026-11-12
INV-4038,CLI-3401,1888653.10,2025-11-10
INV-2570,CLI-0034,"₹1,296,816.60",03-07-2025
INV-4192,CLI-2783,461222.71,2026-10-29
INV-4728,CLI-3080,489353.40,2026-08-23
INV-1152,CLI-5221,1740289.50,2026-03-21
INV-5584,CLI-3727,1743736.43,2025-08-08
INV-3066,CLI-2877,163497.54,2026-12-05
INV-7023,CLI-3672,521498.94,2025-11-25
INV-7476,CLI-2758,1373097.40,2025-07-10
INV-6239,CLI-4573,352774.28,2026-11-30
INV-1002,CLI-2126,,2025-06-27
INV-7302,CLI-2310,782543.73,2026-11-02
INV-2545,CLI-4322,995500.70,2026-13-22
INV-4621,CLI-0241,1993633.09,2026-04-15
INV-7372,CLI-4356,346979.05,2025-10-08
INV-2295,CLI-0455,1853461.65,2026-06-06
INV-6299,CLI-0237,541307.34,2026-04-02
INV-3226,CLI-0039,275162.28,2026-05-20
INV-2960,CLI-4059,1340928.42,2025-06-04
INV-4241,CLI-1970,1600011.91,10-11-2026
INV-4280,CLI-2423,858649.05,2026-04-19
INV-3242,CLI-4180,-948584.80,16-01-2026
INV-7326,CLI-4015,-1537824.45,
INV-2698,CLI-1374,1329500.99,2026-01-08
INV-1663,CLI-1519,829350.22,2025-09-07
INV-6083,CLI-2488,750853.71,2026-05-29
INV-4550,CLI-3898,1560136.80,
INV-5801,CLI-4232,943542.16,2026-03-26
INV-3117,CLI-0432,388955.87,2026-13-24
INV-3356,CLI-2165,1785159.62,2025-09-14
INV-1520,CLI-3389,,2026-04-02
INV-1048,CLI-2107,1902317.07,2025-10-31
INV-1163,CLI-3953,1258391.02,23-12-2025
INV-6950,CLI-4956,"₹731,316.69",2025-08-28
INV-2431,CLI-2450,1812743.18,2026-03-13
INV-1623,CLI-0582,,2026-04-14
INV-1157,CLI-3513,582945.33,2025-09-02
INV-1789,CLI-3251,1694211.23,2026-09-20
INV-6122,CLI-1852,1959742.51,2026-07-12
INV-4847,CLI-4646,1655285.32,11-11-2026
INV-7053,CLI-4442,1494271.30,2026-09-19
INV-1659,CLI-3193,1546932.56,2026-11-06
INV-3169,CLI-4059,1073870.90,2026-01-27
INV-4324,CLI-1567,1369491.13,2026-04-08
INV-3057,CLI-2083,1347158.82,2025-08-02
INV-6141,CLI-3852,1676062.04,2025-08-24
INV-6011,CLI-4032,318178.60,2025-11-16
INV-3127,CLI-1055,175068.87,2025-11-03
INV-6343,CLI-1438,1991652.81,2026-10-11
INV-5082,CLI-2934,173105.36,2025-12-09
INV-1928,CLI-2237,951761.78,2025-09-01
INV-7434,CLI-0459,816651.23,2025-12-28
INV-6522,CLI-4270,975535.75,
INV-7264,CLI-3574,717892.97,2026-08-02
INV-1431,CLI-0303,774586.18,2025-06-10
INV-2241,CLI-4164,913411.67,22-03-2026
INV-3506,CLI-0242,164651.43,2026-02-17
INV-3286,CLI-5398,-1846362.15,2026-06-10
INV-4768,CLI-0662,,2025-11-20
INV-3345,CLI-4993,48155.25,2026-02-04
INV-3191,CLI-1599,914848.92,2025-11-05
INV-4840,CLI-2849,1130108.88,2025-06-30
INV-3414,CLI-1104,506630.86,2025-07-26
INV-3095,CLI-1927,197363.19,2026-10-16
INV-3269,CLI-4631,1742581.33,2025-09-05
INV-3297,CLI-4619,1556931.66,2026-04-01
INV-3634,CLI-3383,1992489.29,2026-13-30
INV-1757,CLI-2571,861482.63,12-03-2026
INV-5614,CLI-1313,-1957869.73,2025-07-17
INV-1122,CLI-0981,86923.32,2025-10-20
INV-6644,CLI-4618,467129.91,22-03-2026
INV-1452,CLI-0209,1749772.45,2026-11-26
INV-1866,CLI-3121,1228383.31,2025-11-30
INV-2552,CLI-3913,-819962.37,2025-10-17
INV-2534,CLI-4474,1828663.59,2026-05-21
INV-7154,CLI-3999,348108.14,2026-10-27
INV-2215,CLI-4083,484687.65,2026-03-01
INV-3182,CLI-1576,62447.65,2026-12-03
INV-3353,CLI-2975,87472.88,2026-06-26
INV-4049,CLI-0664,1362973.87,2026-09-14
INV-2336,CLI-2989,331545.27,2026-02-15
INV-2756,CLI-2361,667689.59,2025-11-10
INV-7110,CLI-1667,-1764149.34,2026-09-27
INV-6417,CLI-4594,1641853.02,2026-12-30
INV-5896,CLI-3744,56536.38,2026-04-26
INV-5587,CLI-2942,,2026-08-28
INV-3381,CLI-2369,117913.83,27-02-2026
INV-5094,CLI-4764,"₹607,529.32",2026-10-22
INV-1393,CLI-1431,1957047.85,2025-11-23
INV-3410,CLI-2739,144789.75,2025-11-23
INV-6217,CLI-3080,1450091.14,2026-08-10
INV-5080,CLI-4179,1782140.99,2026-12-28
INV-6812,CLI-1994,1043059.88,2025-06-14
INV-3822,CLI-4213,1943853.03,2026-08-12
INV-7134,CLI-2684,80958.55,2026-05-02
INV-7448,CLI-2730,893694.17,2026-04-08
INV-5206,CLI-2221,1270536.41,2026-03-24
INV-4993,CLI-1017,228045.90,2026-08-25
INV-2065,CLI-4496,41265.55,2026-12-16
INV-3032,CLI-0688,831267.36,2025-11-27
INV-5563,CLI-0938,1250002.98,2026-09-15
INV-7309,CLI-1973,1006921.32,2025-13-05
INV-6656,CLI-3795,1988241.62,2025-07-17
INV-3038,CLI-0505,444661.10,2026-12-07
INV-4357,CLI-4024,1064938.32,2026-03-21
INV-6287,CLI-4071,667256.32,11-10-2026
INV-6386,CLI-4093,48963.71,2026-11-18
INV-2366,CLI-1163,420278.59,
INV-6403,CLI-2894,930642.84,2025-07-17
INV-7102,CLI-1656,243756.17,2026-07-06
INV-6527,CLI-3249,497847.84,2026-12-10
INV-3977,CLI-2063,1198072.04,2026-08-20
INV-6212,CLI-2005,370878.45,2026-07-31
INV-2438,CLI-0046,893343.90,27-06-2026
INV-4392,CLI-1952,1889106.76,2026-09-27
INV-3816,CLI-4145,1890301.78,2025-11-18
INV-6194,CLI-3563,1076131.33,2026-06-13
INV-4891,CLI-3662,237489.51,2025-06-16
INV-7409,CLI-3548,738369.46,2025-07-12
INV-2715,CLI-0056,71796.19,2025-07-31
INV-2112,CLI-4945,1928053.49,2025-06-05
INV-2620,CLI-4536,1012914.30,2026-01-09
INV-1695,CLI-2749,402506.99,2025-09-17
INV-5326,CLI-2606,1432783.70,2025-11-30
INV-4270,CLI-3776,1802237.18,2026-02-07
INV-3558,CLI-1583,803494.10,2026-03-31
INV-1191,CLI-4721,1739690.24,2026-11-19
INV-6874,CLI-1065,336096.59,2026-12-06
INV-2400,CLI-0246,162500.58,2026-01-01
INV-5534,CLI-2418,1798861.19,2025-08-27
INV-3310,CLI-0745,1691037.54,2025-10-29
INV-5596,CLI-2698,1073703.61,2025-07-26
INV-5006,CLI-0893,1736747.79,2025-09-01
INV-1009,CLI-3918,1724448.60,2025-06-12
INV-1447,CLI-3915,1151689.08,2026-11-30
INV-6220,CLI-3990,868022.42,2026-07-17
INV-7436,CLI-1526,392337.96,2026-04-28
INV-3592,CLI-4662,262020.71,2026-06-13
INV-7396,CLI-0137,247616.64,2026-03-09
INV-5667,CLI-1060,1475952.51,2026-06-03
INV-6510,CLI-1650,1844548.80,22-06-2026
INV-1068,CLI-2758,519379.76,2025-08-08
INV-6814,CLI-0670,1221044.09,2025-11-01
INV-4169,CLI-0821,1700330.79,2026-01-26
INV-3797,CLI-3445,1299365.68,2026-06-05
INV-6905,CLI-1584,N/A,2025-07-12
INV-1158,CLI-4744,902783.19,2026-04-21
INV-3663,CLI-1132,1479275.57,
INV-6234,CLI-4333,607471.82,15-09-2026
INV-2533,CLI-4568,129265.21,2026-01-04
INV-1031,CLI-0271,726585.73,2026-03-13
INV-5800,CLI-4646,1126888.12,2026-11-06
INV-7293,CLI-3936,1404005.84,15-05-2026
INV-6275,CLI-4195,951895.19,2026-03-23
INV-4812,CLI-4276,1341404.46,2026-08-23
INV-2592,CLI-4596,989619.78,2026-04-21
INV-2300,CLI-0273,"₹701,483.62",2026-12-04
INV-3912,CLI-2525,1103383.91,2026-04-14
INV-4929,CLI-4629,975348.68,2025-12-06
INV-1704,CLI-2835,1279194.49,2025-07-02
INV-2469,CLI-3794,1639664.25,2026-12-25
INV-1919,CLI-2719,132572.14,2026-01-09
INV-2870,CLI-2512,,2026-03-12
INV-1095,CLI-1623,1208089.23,2025-07-15
INV-3059,CLI-3869,,2026-02-04
INV-6848,CLI-4913,1646661.28,2026-05-14
INV-2683,CLI-3173,1347833.82,2026-12-15
INV-2350,CLI-2225,1943260.84,2025-06-04
INV-1120,CLI-3743,391085.00,2025-10-15
INV-7176,CLI-3239,937715.43,13-07-2025
INV-3785,CLI-4739,379255.73,2025-12-08
INV-4235,CLI-2603,627791.02,2025-06-30
INV-2235,CLI-1010,852113.55,2026-09-15
INV-4014,CLI-2278,1471896.44,2026-08-24
INV-2523,CLI-0855,11345.95,2026-11-02
INV-3427,CLI-2789,711670.62,2026-11-21
INV-3362,CLI-1397,1683528.19,2026-04-29
INV-5403,CLI-3079,175375.75,2026-12-27
INV-4422,CLI-1710,825349.09,23-09-2025
INV-7178,CLI-2329,1212271.02,2026-02-02
INV-3069,CLI-3951,364319.49,2026-11-04
INV-3479,CLI-0341,1257767.36,2026-04-04
INV-2628,CLI-1336,1402235.81,2025-12-13
INV-7354,CLI-1560,261358.91,2026-07-03
INV-5844,CLI-0408,358351.49,2026-06-03
INV-7311,CLI-0454,1566601.86,2026-02-14
INV-4080,CLI-2909,1998082.14,2026-03-16
INV-3091,CLI-4300,446306.73,2025-09-01
INV-6209,CLI-2239,1927561.53,2026-05-04
INV-5298,CLI-0013,970163.47,2025-11-26
INV-1419,CLI-0969,"₹723,466.54",2025-06-03
INV-5565,CLI-0794,91519.81,2026-04-03
INV-5486,CLI-1662,915728.00,08-11-2025
INV-4598,CLI-3375,609899.79,2025-10-17
INV-1853,CLI-2339,1960047.09,2026-05-20
INV-4759,CLI-2929,1709943.66,2026-12-06
INV-7070,CLI-2343,856260.58,2026-06-17
INV-5507,CLI-2989,"₹546,795.74",2026-10-13
INV-6045,CLI-1237,1328498.24,2025-12-15
INV-4965,CLI-2690,1243970.89,2026-08-28
INV-4559,CLI-3218,979556.58,2026-08-26
INV-6404,CLI-2395,698545.29,2025-10-28
INV-7247,CLI-2180,1900910.56,2026-12-13
INV-1813,CLI-3349,-224876.00,
INV-3624,CLI-0895,1448849.49,2025-10-17
INV-4647,CLI-3407,1479337.75,2025-12-31
INV-4509,CLI-4338,284142.11,2026-09-23
INV-1611,CLI-4701,1274273.50,2025-07-04
INV-7193,CLI-3784,147279.23,05-07-2026
INV-2802,CLI-1677,1381338.70,2026-05-26
INV-5593,CLI-1917,1508607.97,
INV-3210,CLI-2685,1256298.45,2025-11-08
INV-2779,CLI-4132,114369.20,2026-04-08
INV-1159,CLI-0594,1934195.49,2026-03-13
INV-6604,CLI-3463,63160.95,2026-10-05
INV-1775,CLI-2219,132905.74,2026-12-11
INV-7108,CLI-1218,399386.50,2025-10-12
INV-4880,CLI-4230,-1909005.01,2026-12-13
INV-6070,CLI-2869,800902.98,2025-08-18
INV-4146,CLI-2412,287593.50,2026-02-13
INV-2934,CLI-3704,,2026-07-23
INV-6558,CLI-3053,236197.17,2025-09-20
INV-6761,CLI-4828,838499.56,2026-06-22
INV-3756,CLI-3721,361199.44,2025-08-19
INV-6182,CLI-3057,495490.03,2025-08-07
INV-1593,CLI-2419,1549817.85,2026-10-29
INV-1265,CLI-2971,633541.18,2025-08-29
INV-2621,CLI-3734,108439.45,
INV-4220,CLI-3749,1863960.25,2026-01-23
INV-5188,CLI-4739,428573.33,2025-07-27
INV-1113,CLI-3095,466655.50,2025-08-21
INV-4187,CLI-3764,978803.07,2025-10-20
INV-2564,CLI-4395,1334485.79,2026-11-20
INV-6219,CLI-1330,1044300.87,2025-06-19
INV-3290,CLI-2951,-1606519.03,2026-01-29
INV-4634,CLI-0172,1917471.76,2026-03-03
INV-2164,CLI-1894,238357.91,2025-09-05
INV-1832,CLI-2233,91902.64,2026-12-21
INV-3673,CLI-2310,289066.15,2026-06-14
INV-1279,CLI-3654,1769994.04,2026-03-18
INV-3428,CLI-2784,1663799.23,20-07-2025
INV-3357,CLI-0509,1784856.24,2026-06-12
INV-6810,CLI-4645,976364.44,2026-11-29
INV-3867,CLI-3618,1142825.46,2026-10-14
INV-6463,CLI-1817,1698276.23,2026-03-26
INV-1214,CLI-4643,1642418.47,
INV-4490,CLI-0456,772806.63,2026-11-01
INV-2012,CLI-3856,1010973.42,2026-12-18
INV-1256,CLI-1473,1818729.11,2026-07-22
INV-5268,CLI-0856,524253.51,2026-11-07
INV-2367,CLI-0519,397369.77,2026-04-12
INV-5194,CLI-0729,46633.47,2026-12-14
INV-4361,CLI-3506,1909951.93,2026-08-29
INV-7329,CLI-4867,626803.19,2026-03-07
INV-1910,CLI-2094,359921.99,2026-07-23
INV-6569,CLI-2976,1192727.51,2026-11-08
INV-3185,CLI-2008,931844.12,2026-02-13
INV-3672,CLI-0780,136769.23,2026-10-09
INV-7395,CLI-2390,1817603.67,2025-10-13
INV-3070,CLI-1627,29173.64,2025-08-12
INV-1290,CLI-2579,311125.20,2026-07-10
INV-3979,CLI-1846,711465.89,
INV-5511,CLI-0014,1265005.35,2025-08-14
INV-5674,CLI-2869,1206501.03,27-12-2025
INV-5533,CLI-0245,501686.81,2025-07-28
INV-3513,CLI-3701,548729.74,2025-06-07
INV-5207,CLI-2475,1074056.36,2026-11-20
INV-2478,CLI-2580,"₹1,496,415.25",2026-02-04
INV-2736,CLI-0101,843532.24,2026-02-21
INV-4114,CLI-3338,550818.85,2025-09-19
INV-4713,CLI-0852,1238819.89,2025-08-31
INV-3836,CLI-2569,1488060.18,2026-12-24
INV-1775,CLI-1954,"₹1,549,579.68",2025-10-04
INV-1920,CLI-1926,658455.55,2026-08-17
INV-4494,CLI-3539,477603.04,13-12-2026
INV-2374,CLI-4912,1811831.56,2026-02-25
INV-5380,CLI-0556,1457832.78,2026-06-28
INV-4692,CLI-0481,1585645.44,2025-09-11
INV-4391,CLI-3224,166718.64,
INV-3769,CLI-0130,565422.28,2025-06-06
INV-2348,CLI-2925,676581.10,2026-05-11
INV-1343,CLI-0480,1796328.99,2026-12-18
INV-6974,CLI-4993,358525.47,2026-04-26
INV-1041,CLI-1350,1290467.22,2025-10-17
INV-3473,CLI-0643,638102.70,2025-11-11
INV-1932,CLI-2670,1066377.73,2026-06-24
INV-2195,CLI-4668,132330.91,2026-04-21
INV-7072,CLI-1794,924915.03,2025-11-04
INV-2604,CLI-3624,1120277.56,2026-03-26
INV-2266,CLI-0125,35952.19,2026-01-25
INV-1983,CLI-0412,649648.97,2025-11-16
INV-5610,CLI-3654,526807.54,
INV-6937,CLI-2889,1387303.90,2026-09-24
INV-4109,CLI-2755,346301.59,
INV-7013,CLI-3471,1568077.06,2025-06-30
INV-6039,CLI-0588,65248.87,11-11-2025
INV-5088,CLI-0176,1510904.53,2025-10-28
INV-4832,CLI-1227,1123000.59,21-01-2026
INV-1902,CLI-2688,1956393.30,17-10-2025
INV-5264,CLI-0683,99063.70,2026-02-24
INV-1545,CLI-2834,,2026-07-03
INV-4045,CLI-1602,379235.89,2026-12-30
INV-1921,CLI-3966,997924.17,2026-01-04
INV-1311,CLI-1199,425376.70,2025-10-25
INV-6907,CLI-3305,1136061.26,2025-09-02
INV-2872,CLI-3857,418483.70,2026-04-09
INV-7184,CLI-3417,1491363.41,2026-04-05
INV-1087,CLI-2241,1133160.03,2026-02-26
INV-2426,CLI-0949,603718.07,2026-12-24
INV-6466,CLI-3647,1597749.97,2025-09-08
INV-5209,CLI-0968,1260495.72,2026-09-18
INV-6862,CLI-1035,107488.64,2026-04-19
INV-4687,CLI-4924,539164.68,2026-05-01
INV-2399,CLI-0817,585755.59,2026-07-11
INV-6164,CLI-4713,318477.59,2025-06-02
INV-4295,CLI-3721,-515565.98,2025-09-06
INV-1988,CLI-2598,1163297.57,2026-12-23
INV-1647,CLI-4051,"₹1,986,407.80",2026-06-13
INV-2379,CLI-1548,1117460.70,2025-12-30
INV-3792,CLI-4195,176005.60,2025-10-16
INV-3820,CLI-4197,1862723.52,2026-05-21
INV-1333,CLI-1376,972643.06,2025-12-05
INV-5150,CLI-1972,212055.67,2026-04-25
INV-4111,CLI-1561,639745.26,2026-12-25
INV-5157,CLI-0696,924919.17,2026-09-02
INV-3678,CLI-3986,84138.35,2025-09-26
INV-3736,CLI-1347,300152.04,20-09-2026
INV-2146,CLI-2687,515564.79,2025-09-23
INV-3588,CLI-0883,243835.11,2026-05-19
INV-6345,CLI-2354,1965303.28,2026-09-28
INV-2053,CLI-2257,-883699.03,31-05-2026
INV-4955,CLI-0544,,2026-11-24
INV-6418,CLI-3622,1846684.09,2025-07-23
INV-4297,CLI-0918,1041945.13,2025-07-27
INV-3243,CLI-2814,707939.54,2026-07-20
INV-6774,CLI-0731,1963525.02,2026-09-25
INV-1892,CLI-4377,980926.67,2026-10-31
INV-3412,CLI-4037,944138.71,2026-11-12
INV-1960,CLI-1271,444128.50,2026-06-13
INV-5389,CLI-0160,654646.96,2025-06-03
INV-4222,CLI-0463,1828395.04,2026-03-13
INV-4968,CLI-1826,1886512.02,2025-10-13
INV-5900,CLI-0357,982783.58,26-09-2025
INV-3828,CLI-3966,1505919.88,29-01-2026
INV-5607,CLI-2552,1971511.74,2026-08-04
INV-3742,CLI-3841,116104.97,2025-10-02
INV-7151,CLI-2594,1720189.58,2026-02-14
INV-7038,CLI-4201,410873.25,2025-11-10
INV-2171,CLI-2989,1198211.21,2025-08-29
INV-1293,CLI-4816,1269625.66,2025-12-20
INV-1801,CLI-0881,-643943.57,2026-05-26
INV-7277,CLI-4984,579598.91,2025-10-23
INV-3983,CLI-4646,1733840.28,2026-13-03
INV-7219,CLI-3621,1319589.07,2026-02-25
INV-7008,CLI-2163,1491123.00,2026-11-06
INV-3780,CLI-1703,466093.53,2025-11-29
INV-5951,CLI-1589,74583.30,2025-10-21
INV-6196,CLI-0970,1587234.92,2025-11-02
INV-2936,CLI-3340,1116876.89,2025-07-21
INV-3632,CLI-0310,1199828.66,2026-05-18
INV-1912,CLI-2787,219821.86,2025-07-14
INV-4009,CLI-1249,1657120.28,2025-10-09
INV-1039,CLI-4229,1417871.78,2026-07-29
INV-5625,CLI-1280,1085540.53,2025-08-30
INV-4829,CLI-0674,"₹1,494,705.04",2026-11-14
INV-5372,CLI-0527,244401.03,2026-05-26
INV-1715,CLI-0520,467209.21,2026-03-30
INV-1345,CLI-0437,97941.13,2026-01-30
INV-3557,CLI-3205,1803978.19,2026-04-01
INV-3572,CLI-4625,283535.38,2025-06-28
INV-6279,CLI-2948,421683.40,2026-06-08
INV-1864,CLI-3882,1032341.56,2026-05-28
INV-4711,CLI-0129,1522657.33,2025-09-02
INV-4922,CLI-4391,,2026-04-24
INV-2578,CLI-2579,365891.39,2025-10-12
INV-3712,CLI-5133,1449739.37,08-11-2026
INV-1540,CLI-1501,364959.71,2026-05-22
INV-6199,CLI-0728,1613963.08,20-05-2026
INV-2837,CLI-1139,1189038.62,2025-12-26
INV-1071,CLI-1054,357189.74,2026-04-13
INV-3421,CLI-3429,1902454.85,2026-08-08
INV-1914,CLI-2173,1264169.23,2026-05-28
INV-4078,CLI-0630,867831.19,2025-09-03
INV-6867,CLI-1353,622444.70,2026-09-09
INV-6633,CLI-2092,635270.75,2026-01-22
INV-6472,CLI-4048,716598.52,2026-10-02
INV-6649,CLI-2609,1716796.57,2026-01-11
INV-5395,CLI-1230,325988.95,2026-02-20
INV-2056,CLI-4676,1247826.25,2025-07-09
INV-4997,CLI-3210,1928080.39,2025-11-30
INV-7054,CLI-3070,1292906.14,2025-08-02
INV-2571,CLI-3506,828118.42,2026-03-20
INV-5415,CLI-4431,317509.32,2025-09-29
INV-6603,CLI-1681,529475.16,2025-07-27
INV-5531,CLI-1122,1791283.12,24-01-2026
INV-5327,CLI-2927,1651687.49,2026-02-19
INV-2789,CLI-2601,,2025-11-18
INV-5749,CLI-0118,1829163.98,2025-10-07
INV-5945,CLI-1492,770851.37,2025-06-06
INV-2002,CLI-0101,642779.82,2026-05-26
INV-2619,CLI-4186,162063.34,2026-02-18
INV-4113,CLI-3083,"₹157,231.40",2025-06-21
INV-2375,CLI-2859,196297.00,
INV-3916,CLI-0448,272225.93,2026-02-13
INV-4548,CLI-3544,1905944.96,2026-12-31
INV-7466,CLI-4663,1491053.10,2026-08-31
INV-2144,CLI-2705,1878873.66,2025-11-04
INV-5347,CLI-3659,306699.42,2025-08-20
INV-4816,CLI-4353,1443854.82,2026-04-22
INV-5340,CLI-4851,1829475.49,26-03-2026
INV-6784,CLI-0379,163761.12,2026-11-04
INV-5926,CLI-1479,1979802.89,06-09-2026
INV-4196,CLI-2305,1881296.88,2026-11-01
INV-5254,CLI-4359,1270362.92,2026-12-25
INV-5751,CLI-4579,1088349.20,2026-08-26
INV-6555,CLI-2118,1376764.97,2025-11-22
INV-5038,CLI-1717,725945.68,2025-08-24
INV-1392,CLI-4552,951231.18,2026-01-28
INV-3567,CLI-1581,1572277.07,2026-09-26
INV-3773,CLI-3340,1978774.91,2026-10-29
INV-6593,CLI-4820,542132.19,
INV-2210,CLI-1984,1267309.21,2025-06-13
INV-3001,CLI-0499,1205131.05,2026-02-14
INV-1276,CLI-1789,380768.26,
INV-1992,CLI-3709,237354.62,2025-09-24
INV-5722,CLI-0615,1837514.52,2026-10-06
INV-7019,CLI-4059,1008080.57,2026-02-19
INV-1729,CLI-2060,,2025-06-11
INV-4663,CLI-4773,996762.85,2026-09-24
INV-4444,CLI-3053,1393985.59,2026-08-13
INV-1581,CLI-4443,1074431.21,2026-08-22
INV-3999,CLI-2260,423177.23,2025-07-06
INV-6340,CLI-3188,1923216.28,2025-10-15
INV-1697,CLI-3186,1254840.55,2026-12-11
INV-5828,CLI-1775,705438.32,2026-08-23
INV-6061,CLI-3227,1824376.48,2026-08-19
INV-1489,CLI-3409,687425.81,2026-09-11
INV-1877,CLI-0252,1487253.45,2025-12-08
INV-2953,CLI-3075,,2025-10-02
INV-4000,CLI-0486,1680056.77,2026-09-28
INV-3306,CLI-1489,,2026-02-01
INV-1336,CLI-3981,1273029.82,2026-07-14
INV-1196,CLI-2179,225373.65,2026-09-19
INV-3955,CLI-3879,N/A,2026-04-26
INV-2047,CLI-2807,971439.52,2026-03-26
INV-3813,CLI-3601,1926260.51,2025-08-06
INV-7036,CLI-4155,1716042.99,2026-04-02
INV-4931,CLI-3833,630533.09,
INV-2638,CLI-2700,1794003.54,2025-08-05
INV-6924,CLI-0818,859267.51,2026-06-07
INV-4594,CLI-2474,,2026-03-26
INV-4666,CLI-4517,1429980.57,2025-12-04
INV-2767,CLI-4903,669444.57,2026-07-31
INV-4290,CLI-2040,,2025-08-29
INV-5684,CLI-3389,911767.48,2026-08-25
INV-5917,CLI-0321,1201428.97,2025-06-22
INV-5161,CLI-1087,"₹1,289,067.88",2025-07-29
INV-1741,CLI-1778,1334546.58,2025-09-10
INV-7215,CLI-2228,819565.79,
INV-1973,CLI-0013,1126213.94,2026-12-22
INV-5514,CLI-3975,1219459.44,29-05-2026
INV-3347,CLI-4168,1400131.19,2025-12-07
INV-5649,CLI-1227,1110531.05,2026-02-21
INV-7340,CLI-3047,676848.42,2025-10-04
INV-6453,CLI-3200,574350.95,2026-07-09
INV-4753,CLI-4874,1526586.71,2025-09-23
INV-5930,CLI-3423,1459018.84,2026-04-16
INV-2335,CLI-3280,1508331.30,2025-08-23
INV-3495,CLI-0455,889350.62,2026-08-13
INV-6821,CLI-0234,259578.37,2025-10-31
INV-3903,CLI-2992,1535374.11,2025-10-20
INV-3207,CLI-2632,1920250.42,2026-12-21
INV-7206,CLI-4701,1483081.43,2025-11-11
INV-7267,CLI-3400,993964.04,15-08-2025
INV-1386,CLI-3686,N/A,2026-05-06
INV-6785,CLI-3592,1621988.90,2026-08-25
INV-2653,CLI-4987,538972.76,2025-09-26
INV-4417,CLI-4392,1971288.60,2026-13-13
INV-6826,CLI-0261,1565992.20,2026-07-18
INV-3679,CLI-4752,664351.72,2025-08-09
INV-3989,CLI-4930,835438.18,2026-02-07
INV-6543,CLI-0122,1720596.98,2025-10-03
INV-7150,CLI-3878,1658489.85,2026-07-22
INV-1330,CLI-1970,1161980.70,08-06-2026
INV-4205,CLI-0924,603912.40,2026-07-15
INV-1019,CLI-4537,1812914.98,2026-09-08
INV-5884,CLI-3294,251627.70,2026-11-11
INV-7320,CLI-2230,1344563.42,2025-08-13
INV-5473,CLI-4414,425135.21,2026-11-16
INV-1148,CLI-0856,1082652.55,2025-10-06
INV-2868,CLI-0143,660121.62,2026-10-15
INV-7290,CLI-4593,366631.95,2025-10-23
INV-6502,CLI-2411,1795529.37,2026-07-24
INV-4172,CLI-2005,440634.51,2026-07-02
INV-1067,CLI-0749,1751301.73,06-11-2025
INV-2624,CLI-2092,1429019.92,2025-12-25
INV-4590,CLI-2145,1136906.94,2026-05-08
INV-6568,CLI-2999,727546.06,2026-09-21
INV-4301,CLI-3582,797775.95,2026-03-16
INV-3721,CLI-1398,71208.76,2026-06-20
INV-5558,CLI-3182,1713595.64,2025-08-09
INV-5078,CLI-4376,212710.08,17-09-2025
INV-5803,CLI-4992,"₹47,080.34",2025-06-21
INV-1709,CLI-4744,359657.39,2025-06-06
INV-2542,CLI-4086,1450974.01,2025-06-09
INV-4625,CLI-1112,429024.01,2026-04-29
INV-2419,CLI-2245,1594398.89,2026-10-20
INV-6858,CLI-3330,528421.54,2026-05-23
INV-4274,CLI-3473,1253953.28,2026-05-12
INV-5166,CLI-0873,1554414.54,2026-02-20
INV-1088,CLI-2508,-857140.32,
INV-5239,CLI-2372,125428.41,2025-06-19
INV-3265,CLI-2632,391462.73,2025-08-06
INV-5791,CLI-1876,696091.07,27-12-2026
INV-3605,CLI-1723,-330151.93,2026-03-17
INV-6430,CLI-2159,298282.04,2025-06-25
INV-5709,CLI-3371,1161743.76,2026-04-16
INV-2320,CLI-4138,1215843.64,2025-12-02
INV-1981,CLI-0609,693131.61,2025-12-03
INV-4183,CLI-3675,,2026-06-09
INV-5430,CLI-2082,1116115.26,2026-04-23
INV-5816,CLI-4449,890591.55,2025-07-24
INV-4765,CLI-4397,1068055.89,2026-06-30
INV-7001,CLI-3711,1591054.52,2026-03-25
INV-1020,CLI-3588,1836060.28,2025-08-05
INV-4035,CLI-5120,456097.32,2026-06-17
INV-6988,CLI-0646,1688788.72,2025-11-15
INV-5890,CLI-4079,1629643.64,2026-04-02
INV-4314,CLI-1380,83476.94,2026-08-28
INV-4644,CLI-3417,1334245.86,2026-10-09
INV-7276,CLI-1548,816562.28,2026-11-14
INV-5651,CLI-4494,1970408.00,2026-07-09
INV-2166,CLI-3678,246546.46,2026-03-30
INV-6760,CLI-1441,337672.34,2026-01-06
INV-1381,CLI-4444,1965412.82,16-11-2026
INV-3662,CLI-0228,1929225.23,2026-06-16
INV-4952,CLI-0769,242815.67,2026-01-18
INV-2351,CLI-0217,1999375.44,2026-05-16
INV-1211,CLI-3924,283686.80,2026-07-30
INV-6491,CLI-0358,1332210.58,2026-12-27
INV-6597,CLI-0872,198444.48,2026-05-03
INV-3136,CLI-2042,1314891.38,2025-07-01
INV-7257,CLI-1093,528042.57,2026-08-30
INV-4068,CLI-0747,1491447.92,2026-12-12
INV-2551,CLI-1852,1446211.53,2025-07-10
INV-5700,CLI-4401,894722.73,07-01-2026
INV-2950,CLI-1326,1180254.50,2025-06-03
INV-6237,CLI-0041,1908561.77,2025-12-06
INV-7227,CLI-2407,1420265.44,2026-10-14
INV-7447,CLI-1247,835934.22,2025-11-25
INV-5817,CLI-1634,1052919.97,2025-11-06
INV-4176,CLI-0006,230518.43,2026-01-25
INV-1895,CLI-4867,"₹625,591.44",2026-09-30
INV-2561,CLI-0811,632295.34,2026-02-22
INV-1486,CLI-4533,1082873.18,10-11-2025
INV-5569,CLI-1033,1187409.46,2025-06-09
INV-6163,CLI-0211,987529.05,2025-12-09
INV-2788,CLI-2579,1054136.21,17-12-2026
INV-5846,CLI-3243,789955.63,2026-01-20
INV-7025,CLI-3186,1533451.34,2026-07-15
INV-3450,CLI-0026,501910.69,
INV-7237,CLI-3673,1606406.11,2026-02-23
INV-5261,CLI-0370,"₹1,750,529.66",2026-05-24
INV-2321,CLI-4443,459720.92,03-11-2026
INV-7360,CLI-3157,590390.81,2026-02-14
INV-6331,CLI-1663,1854470.70,2026-10-02
INV-5079,CLI-3112,1086476.98,
INV-3133,CLI-3640,1851140.28,2026-12-04
INV-3190,CLI-4190,,2026-02-09
INV-2569,CLI-4749,326058.51,2025-10-28
INV-6942,CLI-1507,848258.70,2026-04-05
INV-5608,CLI-1588,335907.15,2026-05-07
INV-6901,CLI-1345,213884.13,2026-10-30
INV-3444,CLI-3478,993925.80,2026-12-21
INV-3819,CLI-2087,685278.85,2026-12-17
INV-6710,CLI-3172,1750642.96,2026-11-21
INV-1829,CLI-2144,-1806380.51,2026-09-04
INV-4894,CLI-3213,840335.15,2025-07-30
INV-2861,CLI-4624,240052.46,2025-10-04
INV-3842,CLI-3605,839239.72,2025-13-29
INV-5865,CLI-1676,1330317.72,2026-06-09
INV-6084,CLI-3724,398025.66,2025-08-07
INV-3960,CLI-0024,567258.67,2026-04-26
INV-2921,CLI-3671,1294264.73,2026-11-12
INV-3100,CLI-3762,326077.47,2025-06-27
INV-6160,CLI-2515,887469.64,2025-12-18
INV-5475,CLI-2930,1702624.81,2026-11-06
INV-3644,CLI-3572,1089083.79,2026-07-12
INV-3291,CLI-5500,1922590.73,
INV-4697,CLI-4851,1943475.94,2026-11-04
INV-3535,CLI-4505,914927.19,2026-10-05
INV-2557,CLI-1026,635610.67,2026-05-18
INV-3124,CLI-0819,271409.15,2025-09-18
INV-7177,CLI-3974,496337.35,2025-06-09
INV-6876,CLI-4996,1089127.45,2026-08-24
INV-3386,CLI-0949,538210.93,2026-02-27
INV-3664,CLI-1040,857706.32,2026-04-10
INV-3228,CLI-2207,1563297.61,2025-07-22
INV-5134,CLI-1054,502912.76,2025-11-24
INV-4770,CLI-1430,1093928.15,2025-08-16
INV-2646,CLI-3139,1972622.92,2025-12-31
INV-4527,CLI-4981,1231783.22,2025-08-31
INV-4133,CLI-4640,395883.51,2026-03-03
INV-2909,CLI-1916,1852053.42,2026-09-30
INV-4906,CLI-0800,39397.38,2026-09-30
INV-2421,CLI-2723,755167.84,
INV-7298,CLI-3462,1205896.74,2026-12-05
INV-6617,CLI-2079,1437298.20,2026-01-22
INV-2096,CLI-1249,1663088.09,2025-12-30
INV-5982,CLI-2929,1042527.55,2026-12-27
INV-1517,CLI-0365,1487092.95,29-10-2026
INV-6535,CLI-4448,161930.95,2026-02-01
INV-5318,CLI-1848,613415.12,2025-10-20
INV-6700,CLI-4935,,2026-02-01
INV-5205,CLI-4572,320478.12,2025-11-15
INV-3483,CLI-4974,1064460.10,2025-07-15
INV-3167,CLI-3437,628244.44,2026-09-14
INV-6495,CLI-3600,226864.35,2026-07-06
INV-5868,CLI-4699,1054270.18,2026-08-23
INV-3209,CLI-0468,"₹1,961,510.74",2026-04-01
INV-4932,CLI-0949,,2026-07-03
INV-6471,CLI-0738,283221.53,2025-07-16
INV-4360,CLI-1057,304441.39,2026-05-21
INV-5324,CLI-0769,1533340.06,2026-07-15
INV-6610,CLI-0334,911401.82,2025-06-21
INV-6104,CLI-3458,920037.39,2026-06-15
INV-6245,CLI-2759,1453612.59,2025-12-20
INV-4157,CLI-4987,1698752.08,2026-04-16
INV-7166,CLI-4600,1316555.51,2025-08-18
INV-3998,CLI-1829,1704439.32,2025-09-06
INV-3715,CLI-5248,782498.01,17-12-2025
INV-1689,CLI-1178,1050702.22,2026-06-07
INV-2019,CLI-1287,1890583.29,
INV-7161,CLI-1512,693175.00,2026-11-26
INV-3373,CLI-1907,78842.52,01-07-2025
INV-6759,CLI-0355,771373.26,
INV-2474,CLI-0508,454164.49,2026-04-17
INV-3961,CLI-0836,1238810.62,2026-09-07
INV-5388,CLI-4628,191254.15,2026-10-23
INV-3542,CLI-4729,1287883.14,2026-08-16
INV-6699,CLI-3203,1136382.24,2026-05-08
INV-5093,CLI-4874,1518897.78,2026-13-28
INV-6828,CLI-0894,,2025-11-02
INV-6027,CLI-4333,423492.29,2026-03-18
INV-2072,CLI-1480,"₹1,101,284.21",2026-06-09
INV-3453,CLI-4262,1071863.39,2026-05-29
INV-1434,CLI-3403,92979.35,2026-02-16
INV-2278,CLI-1684,1454162.57,12-12-2025
INV-4453,CLI-3973,902785.79,2026-12-18
INV-1575,CLI-2838,279643.83,2025-11-18
INV-2576,CLI-2202,1709152.04,2025-10-12
INV-6380,CLI-0807,1096737.87,2025-06-16
INV-1351,CLI-5098,1768691.31,2025-08-30
INV-7353,CLI-0117,1631981.74,2026-02-06
INV-3704,CLI-4541,717967.88,2026-09-02
INV-3285,CLI-1866,1894481.58,2025-09-06
INV-4221,CLI-4986,435424.10,2026-13-08
INV-1790,CLI-0005,878447.98,2025-11-07
INV-4578,CLI-3712,425431.18,2025-12-27
INV-3183,CLI-4639,1272250.73,2026-07-18
INV-5933,CLI-3074,352264.85,2025-12-12
INV-5141,CLI-2868,1092401.02,2026-08-26
INV-7075,CLI-0394,882492.91,2025-08-08
INV-6124,CLI-4472,1633672.29,2025-09-13
INV-3978,CLI-1459,,2025-10-06
INV-7324,CLI-2919,1622062.09,2026-10-18
INV-5432,CLI-4671,1619238.62,2026-04-19
INV-3280,CLI-3970,778800.95,2026-03-31
INV-7375,CLI-3950,1354213.99,2026-03-16
INV-4224,CLI-3478,1573171.83,2025-12-21
INV-5016,CLI-3219,1304311.62,2026-08-12
INV-6741,CLI-4661,107694.91,2026-03-14
INV-6934,CLI-0363,1863325.88,2025-11-10
INV-5783,CLI-1975,1700325.35,2026-09-19
INV-7392,CLI-4549,1041590.21,2025-11-25
INV-5567,CLI-3123,1771711.31,2025-08-28
INV-6560,CLI-3472,1502202.86,2026-01-21
INV-5638,CLI-1751,1692533.32,03-04-2026
INV-4904,CLI-0111,1674597.19,2025-09-21
INV-1820,CLI-2834,130502.67,2025-08-29
INV-4675,CLI-1598,47182.81,2026-05-12
INV-1037,CLI-2942,1366470.85,2026-05-23
INV-1373,CLI-3141,1070656.15,2025-08-14
INV-6913,CLI-1742,491014.03,2026-06-02
INV-5259,CLI-0216,911907.73,2025-08-27
INV-7385,CLI-2347,1495288.62,
INV-4901,CLI-2572,865383.60,2026-04-03
INV-5429,CLI-2783,-947830.05,2026-04-25
INV-2606,CLI-1075,246598.18,2026-10-28
INV-1494,CLI-0404,1077025.67,2025-10-17
INV-6567,CLI-3544,1269810.18,2026-02-26
INV-2124,CLI-0692,47870.08,
INV-1785,CLI-4060,921883.31,2026-12-24
INV-1134,CLI-4594,1312141.75,2026-10-03
INV-7443,CLI-2758,673798.98,2026-01-29
INV-3302,CLI-0841,,2026-04-19
INV-6888,CLI-2431,1505936.11,2026-04-05
INV-7457,CLI-2690,1752006.36,2026-10-30
INV-4048,CLI-1606,1656770.43,2025-07-03
INV-4226,CLI-1157,1867005.74,2026-08-05
INV-5869,CLI-0960,1857707.48,2026-05-28
INV-1407,CLI-4327,1115426.50,2025-12-04
INV-7388,CLI-1333,308233.28,2026-04-20
INV-5500,CLI-1579,1906815.88,2025-10-12
INV-3244,CLI-2043,481144.18,2026-08-30
INV-3800,CLI-2510,1146341.08,2026-05-22
INV-5077,CLI-3833,,2025-07-03
INV-2945,CLI-3092,79875.52,2025-10-12
INV-2173,CLI-1230,1410530.50,2026-11-22
INV-1043,CLI-0075,1851505.74,2025-06-23
INV-6554,CLI-2891,1026444.80,2026-12-12
INV-3942,CLI-5343,1011538.85,2025-07-03
INV-3043,CLI-1476,688988.81,2026-08-15
INV-7015,CLI-2749,586913.93,2026-11-21
INV-4060,CLI-3324,719763.22,2025-07-28
INV-6866,CLI-4723,903827.76,2026-04-25
INV-2396,CLI-0166,531425.65,2025-06-09
INV-4610,CLI-3604,114476.88,2026-05-25
INV-6894,CLI-4697,673433.43,2026-10-26
INV-5443,CLI-2662,1496178.22,15-03-2026
INV-3532,CLI-4571,1274360.51,2025-07-18
INV-1004,CLI-4483,1903910.90,2025-09-03
INV-6406,CLI-4392,-1230249.29,2025-12-11
INV-5062,CLI-3634,1977815.29,2026-02-21
INV-2493,CLI-0342,"₹1,955,182.39",2026-06-18
INV-6469,CLI-2301,1574467.44,2026-06-08
INV-6360,CLI-1344,394840.29,2026-12-27
INV-1808,CLI-4101,1492101.09,2025-08-15
INV-5482,CLI-2527,1389678.84,2025-08-11
INV-6544,CLI-4445,825721.27,2026-06-30
INV-5125,CLI-4959,328623.00,2025-06-27
INV-6600,CLI-0247,1788124.79,2026-01-20
INV-7120,CLI-3818,433154.65,2025-12-30
INV-4806,CLI-3826,963683.24,2026-07-08
INV-6458,CLI-2899,953681.62,2025-08-18
INV-1719,CLI-2105,424920.98,2026-02-28
INV-6927,CLI-4047,755914.69,2026-11-18
INV-6393,CLI-0495,136645.10,2026-05-12
INV-3196,CLI-1371,"₹230,132.64",2026-03-03
INV-5645,CLI-2776,1280152.97,2025-11-11
INV-4344,CLI-4840,1143617.66,2025-12-17
INV-2966,CLI-3086,1203648.11,2025-09-02
INV-2513,CLI-1258,,2026-02-20
INV-4123,CLI-4017,622508.29,
INV-6679,CLI-3234,,2026-10-26
INV-2970,CLI-0176,748580.11,2026-01-28
INV-1675,CLI-4786,1429014.99,2025-10-21
INV-1371,CLI-1936,265220.00,2026-06-05
INV-6665,CLI-0482,1309179.48,2026-02-27
INV-6729,CLI-1022,1890779.99,2026-06-15
INV-6973,CLI-1986,544586.39,2025-10-01
INV-6488,CLI-1734,1997904.79,2026-03-06
INV-2678,CLI-0414,866502.28,03-10-2025
INV-5245,CLI-0505,855250.09,2026-05-03
INV-1966,CLI-3359,604139.91,2025-11-08
INV-5847,CLI-3278,37129.18,2026-02-09
INV-2506,CLI-0962,739479.00,2026-12-09
INV-3643,CLI-0061,1231447.63,2026-03-04
INV-6898,CLI-3112,1421769.85,2025-08-08
INV-7042,CLI-4175,45534.51,2026-08-31
INV-1593,CLI-2941,1471053.61,2025-11-14
INV-4508,CLI-4264,1039566.82,2025-08-10
INV-5226,CLI-1885,1636953.00,2025-10-05
INV-1354,CLI-0684,804778.23,2026-10-31
INV-6539,CLI-3190,57887.05,2025-10-27
INV-6336,CLI-1707,995834.63,2026-02-19
INV-2639,CLI-0777,1719443.93,24-06-2026
INV-2794,CLI-3252,1735545.19,2025-11-21
INV-6923,CLI-1679,659816.74,2026-12-13
INV-3578,CLI-0973,193326.81,2025-06-19
INV-4370,CLI-3919,1208075.61,2026-01-16
INV-2798,CLI-3180,1234180.74,2025-08-24
INV-4298,CLI-2256,75170.66,2026-02-07
INV-1188,CLI-1916,1257395.81,2026-02-12
INV-1504,CLI-0276,319577.83,2026-06-05
INV-1836,CLI-4219,1085970.49,2025-06-13
INV-6227,CLI-3507,1256110.90,2026-05-16
INV-2867,CLI-3292,1186979.10,2025-08-06
INV-5108,CLI-0761,1135809.30,2025-07-30
INV-5633,CLI-3474,967544.65,2026-03-08
INV-5866,CLI-1517,153135.55,2026-10-29
INV-6079,CLI-0866,953062.96,2026-06-16
INV-5697,CLI-1152,1769663.45,2026-01-02
INV-5218,CLI-3923,690604.06,2026-01-04
INV-2562,CLI-3591,1435953.06,2026-01-25
INV-4115,CLI-4624,N/A,23-03-2026
INV-5812,CLI-2680,1369842.13,
INV-3178,CLI-3890,151604.47,2026-08-28
INV-3515,CLI-3536,1928402.19,2025-12-03
INV-5743,CLI-1467,427140.53,2026-07-02
INV-4500,CLI-3884,459661.03,2026-09-30
INV-6037,CLI-0302,1120260.06,2026-09-27
INV-4867,CLI-3691,1806486.42,2026-09-12
INV-3142,CLI-4986,1953449.22,2026-05-19
INV-7224,CLI-4841,324592.05,2025-10-06
INV-2690,CLI-0101,1746054.12,2025-07-07
INV-3964,CLI-1377,182578.98,2026-04-03
INV-5297,CLI-2394,799976.70,2026-08-21
INV-7472,CLI-2252,362196.05,2025-11-03
INV-3732,CLI-3860,1337020.73,2026-11-25
INV-1086,CLI-3878,987219.60,2026-10-08
INV-7014,CLI-1486,960768.27,2026-11-10
INV-1688,CLI-0803,779437.41,2026-01-27
INV-1374,CLI-2981,-63793.06,2026-04-07
INV-1579,CLI-2098,1482005.77,2026-04-24
INV-2461,CLI-1856,1803549.54,2026-05-12
INV-1255,CLI-2626,623419.36,2025-09-18
INV-4393,CLI-1671,1200839.56,2026-05-23
INV-1308,CLI-3347,1013590.19,
INV-7369,CLI-2232,326781.25,2025-10-27
INV-4828,CLI-1019,169671.13,22-08-2025
INV-6436,CLI-4908,1091503.59,2026-07-12
INV-4884,CLI-1808,1491513.54,2026-02-01
INV-7125,CLI-4750,197313.36,2025-10-26
INV-5902,CLI-0381,,2025-11-11
INV-1782,CLI-3781,1673449.03,2026-02-05
INV-4147,CLI-1764,493990.27,2026-06-19
INV-7146,CLI-0861,1701027.57,2026-12-18
INV-7477,CLI-1099,1865201.59,2026-09-04
INV-3734,CLI-1693,71006.54,2026-05-25
INV-3393,CLI-3456,1927152.67,2025-06-11
INV-6529,CLI-2938,1217752.98,2025-12-13
INV-6043,CLI-3961,1004837.65,2026-04-03
INV-3177,CLI-2052,567053.06,2025-06-09
INV-1249,CLI-4963,1198951.59,2025-09-19
INV-5577,CLI-0264,1881720.00,2026-09-29
INV-1474,CLI-2623,446645.46,2026-12-09
INV-5173,CLI-2740,675753.46,2026-02-25
INV-2703,CLI-2501,"₹566,437.17",2026-02-24
INV-5612,CLI-3907,1774287.49,2026-05-14
INV-5619,CLI-4449,400541.20,2026-06-22
INV-4658,CLI-4697,1665634.20,2025-09-08
INV-6159,CLI-4051,1837344.33,2025-12-22
INV-2863,CLI-4954,1543884.36,2025-07-14
INV-7444,CLI-2282,1149494.76,2025-12-10
INV-3772,CLI-4087,1656527.18,2026-01-20
INV-1717,CLI-1245,1577712.68,2026-02-01
INV-5728,CLI-4063,1004832.70,2026-12-15
INV-3231,CLI-0446,1888131.13,2026-11-27
INV-7049,CLI-3290,288943.60,2026-09-19
INV-1943,CLI-2122,117690.39,2026-11-05
INV-2993,CLI-0992,474916.18,2026-07-03
INV-5571,CLI-2137,-376304.46,2026-07-05
INV-4579,CLI-0281,265477.83,2026-07-17
INV-7056,CLI-2454,1223905.49,2026-06-07
INV-4839,CLI-2126,1829956.80,2026-07-07
INV-4137,CLI-1228,1488650.82,2026-06-07
INV-6419,CLI-3439,978786.81,2026-04-02
INV-1274,CLI-4167,98679.85,2026-11-02
INV-4452,CLI-0403,265885.17,2026-08-01
INV-1065,CLI-1621,1459030.31,2025-11-06
INV-1724,CLI-2232,1875020.91,2026-11-06
INV-5819,CLI-2397,61682.42,2026-06-24
INV-4351,CLI-2350,850149.26,2026-05-15
INV-2228,CLI-3124,359116.08,2026-10-13
INV-5798,CLI-2057,1626746.71,2025-12-11
INV-5680,CLI-0367,1478221.05,2025-07-24
INV-4631,CLI-0626,650312.02,2025-07-12
INV-3146,CLI-1582,"₹58,290.69",2026-11-30
INV-2847,CLI-0297,705235.68,2026-12-15
INV-3481,CLI-1627,1494273.82,2026-06-22
INV-5117,CLI-0383,-1218541.48,
INV-3824,CLI-2039,1460653.64,2026-05-13
INV-1791,CLI-3840,209658.86,2026-08-15
INV-6504,CLI-1001,752904.63,2026-12-11
INV-5991,CLI-0086,896477.68,2026-10-19
INV-4659,CLI-1263,1963195.31,2025-07-07
INV-6147,CLI-4230,627928.77,2025-07-26
INV-4927,CLI-3677,502959.38,12-10-2026
INV-2083,CLI-2728,78599.29,2026-02-27
INV-1444,CLI-2639,1481035.88,2026-03-07
INV-5290,CLI-2246,1772806.04,11-12-2025
INV-4872,CLI-1070,600472.66,2026-07-02
INV-7203,CLI-2817,196069.41,2026-11-17
INV-2579,CLI-4675,1015361.40,2026-09-12
INV-3767,CLI-2752,-480970.35,2025-06-26
INV-1643,CLI-4945,1149022.71,2025-07-20
INV-6409,CLI-4615,1922786.93,2025-11-02
INV-6273,CLI-1426,378922.14,2026-11-13
INV-3296,CLI-4308,1541424.29,2026-12-22
INV-2900,CLI-4317,"₹1,564,588.39",2026-08-17
INV-6685,CLI-3471,1550836.07,2026-07-06
INV-4757,CLI-3750,639969.03,2026-07-26
INV-5203,CLI-3716,526963.39,2025-08-07
INV-3991,CLI-1415,1474042.58,2026-11-02
INV-4227,CLI-3897,1118918.65,2025-11-04
INV-2392,CLI-4411,"₹770,182.02",
INV-5452,CLI-2676,797102.19,2025-08-18
INV-5827,CLI-1228,1767703.32,2026-03-19
INV-7254,CLI-1671,1109322.70,2026-07-08
INV-7318,CLI-1777,364547.38,2025-11-01
INV-6666,CLI-2386,584738.89,2025-06-04
INV-3493,CLI-3751,1606529.53,2026-04-12
INV-2924,CLI-1429,90261.38,2025-11-19
INV-2972,CLI-0412,1095736.19,2025-09-27
INV-2776,CLI-1101,1560245.08,2025-12-21
INV-5617,CLI-2472,749005.73,02-01-2026
INV-3897,CLI-2537,544511.60,2025-08-05
INV-7390,CLI-0268,208996.41,2026-01-03
INV-4672,CLI-0039,1037850.93,2026-01-30
INV-3249,CLI-5311,399657.95,2026-08-26
INV-5379,CLI-1206,486559.49,2025-10-02
INV-2059,CLI-4608,438981.28,2026-03-27
INV-5405,CLI-4242,1719806.66,2026-10-19
INV-2660,CLI-0251,1875709.40,2025-08-31
INV-5307,CLI-2403,1616218.15,2026-09-12
INV-3582,CLI-3561,1119828.17,2025-08-02
INV-5941,CLI-0398,460706.77,27-12-2025
INV-3274,CLI-4230,116310.03,2025-12-03
INV-5485,CLI-1263,270558.09,2025-09-28
INV-7006,CLI-0385,1164908.39,26-01-2026
INV-1577,CLI-4617,1334487.72,2025-06-25
INV-7393,CLI-1902,1356764.90,2026-05-11
INV-6553,CLI-0722,1369269.32,2026-06-22
INV-5381,CLI-1300,838806.45,2026-08-24
INV-4285,CLI-2789,137244.30,2026-04-14
INV-4258,CLI-0551,,2025-11-07
INV-2407,CLI-3648,430154.47,2026-01-05
INV-7216,CLI-0016,835472.64,2025-06-27
INV-2529,CLI-3027,347857.22,2026-02-28
INV-4844,CLI-4094,359003.55,2026-03-02
INV-2422,CLI-2240,342436.27,2026-04-14
INV-7000,CLI-4000,421492.96,2025-06-15
INV-4641,CLI-1594,14509.06,2025-08-31
INV-3729,CLI-3824,511326.93,2026-05-07
INV-5356,CLI-3931,1611724.50,2025-10-02
INV-4070,CLI-1445,218774.26,2025-08-19
INV-1349,CLI-1759,360007.15,2025-08-17
INV-5675,CLI-3211,296699.20,2025-10-25
INV-4603,CLI-1522,907147.55,2026-08-17
INV-6137,CLI-0038,1947317.95,2026-09-14
INV-6562,CLI-1344,389727.55,2026-09-08
INV-4972,CLI-3712,1349743.52,2026-10-28
INV-7294,CLI-4114,1061213.38,2025-09-28
INV-2622,CLI-0206,1245323.49,2025-06-21
INV-4203,CLI-1611,933775.78,2026-05-19
INV-4304,CLI-2495,702564.27,2026-10-26
INV-5185,CLI-1578,1473243.70,2026-05-31
INV-3538,CLI-0703,472921.09,2026-11-23
INV-6601,CLI-0611,1537988.95,2026-04-28
INV-6668,CLI-4960,1218846.95,31-01-2026
INV-5384,CLI-2468,1905522.66,2026-05-06
INV-4219,CLI-2552,444455.23,2026-10-21
INV-6321,CLI-1252,1731333.37,2025-07-07
INV-3956,CLI-4681,1387542.32,2025-08-07
INV-5936,CLI-3840,633116.34,2026-10-12
INV-6397,CLI-1636,547312.36,2025-07-27
INV-6885,CLI-0080,1964440.57,2026-02-20
INV-4735,CLI-0682,-1645248.75,2025-10-22
INV-4792,CLI-3917,1419181.43,2025-06-30
INV-3022,CLI-0194,1580763.82,2025-11-14
INV-5155,CLI-1199,921743.99,2026-08-03
INV-2448,CLI-3506,978767.54,2025-09-03
INV-2069,CLI-0114,1905054.56,2026-10-27
INV-1297,CLI-0877,100218.38,2026-02-08
INV-1022,CLI-4701,450296.79,2026-09-11
INV-1745,CLI-0094,422339.73,2026-06-02
INV-5461,CLI-3908,,17-09-2026
INV-4628,CLI-3590,914871.17,2026-12-15
INV-6627,CLI-2537,1312968.51,04-05-2026
INV-2829,CLI-3983,165263.88,2025-07-01
INV-2015,CLI-4223,1450846.43,2026-08-22
INV-3758,CLI-2853,N/A,2026-02-19
INV-5590,CLI-3374,512035.67,2026-10-08
INV-6755,CLI-0588,1843282.57,2026-06-03
INV-3331,CLI-2289,867192.49,2025-11-11
INV-3859,CLI-2452,1825183.57,2025-08-27
INV-3893,CLI-0224,1090334.29,2025-08-02
INV-2626,CLI-4023,84985.58,2026-11-08
INV-1950,CLI-0303,951035.65,2025-12-04
INV-1690,CLI-2377,1501510.19,2026-11-29
INV-5858,CLI-1461,53120.70,2026-03-14
INV-6716,CLI-3011,874151.25,
INV-4034,CLI-4950,1116306.77,2026-12-21
INV-6225,CLI-4009,353838.11,2025-12-12
INV-2810,CLI-3438,832672.00,31-01-2026
INV-4511,CLI-2554,1448307.98,2026-06-30
INV-2899,CLI-1064,566196.85,2026-07-17
INV-2111,CLI-1287,1976438.49,2026-07-18
INV-7022,CLI-1527,1888981.64,
INV-5243,CLI-0969,327780.04,2026-01-14
INV-4138,CLI-1107,1824647.17,2026-05-04
INV-5196,CLI-4337,464042.06,
INV-7337,CLI-3644,-1821236.39,2026-08-28
INV-7231,CLI-1173,73682.42,2025-09-19
INV-6131,CLI-3838,1135001.47,2026-04-06
INV-1331,CLI-1597,488519.99,2026-07-10
INV-3139,CLI-0800,1243865.09,2026-06-25
INV-6186,CLI-1681,524094.53,2025-07-13
INV-2865,CLI-4435,453835.55,2025-07-25
INV-6401,CLI-1511,1374290.68,2026-12-26
INV-5335,CLI-3128,968555.33,2026-06-08
INV-2764,CLI-4770,,2026-06-22
INV-7301,CLI-1122,789638.83,15-07-2026
INV-5437,CLI-3283,855294.34,2026-07-20
INV-2468,CLI-0161,,2026-03-02
INV-2617,CLI-1012,N/A,2025-11-15
INV-5883,CLI-3960,1705743.32,2026-10-28
INV-6144,CLI-0641,1531136.93,2026-08-24
INV-1622,CLI-1355,1683879.02,2026-11-19
INV-1189,CLI-5026,1003636.92,2025-11-25
INV-5652,CLI-0673,1011174.57,2026-09-22
INV-5288,CLI-2503,937493.80,2026-12-26
INV-2202,CLI-0650,848344.79,06-11-2026
INV-3789,CLI-4761,853338.49,2025-06-05
INV-2689,CLI-3662,1973093.15,2026-10-28
INV-2071,CLI-1883,1716571.72,2026-12-11
INV-1315,CLI-2076,1277876.96,2026-08-15
INV-1827,CLI-3086,158505.53,2025-10-31
INV-1547,CLI-1689,1284140.60,2026-05-28
INV-1550,CLI-3841,410462.64,2026-01-10
INV-2952,CLI-3581,1223837.03,2026-12-15
INV-2243,CLI-2704,456318.91,2025-06-03
INV-5660,CLI-0945,103662.09,2026-01-28
INV-1705,CLI-0773,508900.08,2026-05-14
INV-1154,CLI-4586,1345671.25,2026-08-04
INV-4994,CLI-4995,1059220.07,2026-04-20
INV-6566,CLI-3642,1973081.91,2026-05-05
INV-2441,CLI-4883,1497735.02,2026-09-22
INV-2673,CLI-2740,444501.18,2026-09-17
INV-1091,CLI-1704,996193.98,2026-01-20
INV-3101,CLI-4367,1441388.21,2025-09-16
INV-2877,CLI-0646,1144095.35,2025-07-12
INV-6263,CLI-0792,1090416.34,2026-06-15
INV-2902,CLI-3555,1669825.02,2025-08-20
INV-1096,CLI-4699,1668553.92,2026-01-14
INV-1510,CLI-2446,867955.18,2026-04-26
INV-4408,CLI-2977,1485590.74,2026-10-01
INV-2882,CLI-0711,1168111.22,2026-09-26
INV-4052,CLI-1959,1678823.67,2025-06-30
INV-3821,CLI-3422,1147942.85,2025-09-11
INV-4845,CLI-1987,168802.95,2026-11-25
INV-2387,CLI-2501,1352769.26,2026-11-06
INV-2269,CLI-1468,1131478.24,2026-01-24
INV-1798,CLI-2235,1772151.28,08-10-2025
INV-3013,CLI-1905,1592084.05,2026-12-28
INV-6065,CLI-1824,1897327.43,2026-07-03
INV-5630,CLI-2123,N/A,2025-09-25
INV-3201,CLI-3199,404465.15,2026-12-06
INV-7367,CLI-0176,1934080.10,2026-01-04
INV-7481,CLI-1380,753264.48,2026-01-02
INV-2778,CLI-1833,1552674.65,14-08-2025
INV-4094,CLI-0499,1408976.65,
INV-6198,CLI-3453,1163382.91,2025-12-24
INV-2299,CLI-0587,452033.15,19-02-2026
INV-3045,CLI-0694,1672198.51,2026-02-10
INV-6985,CLI-4038,1840530.03,2026-07-22
INV-6235,CLI-1833,369177.56,2026-11-22
INV-1693,CLI-3397,1496176.93,2025-08-01
INV-4589,CLI-4272,602289.05,2026-02-17
INV-4215,CLI-0262,250410.98,2025-09-06
INV-3009,CLI-3702,1675859.97,2026-10-03
INV-7391,CLI-4467,208238.26,2025-10-26
INV-3609,CLI-3280,997739.53,2025-06-28
INV-1924,CLI-4836,878018.66,2025-09-03
INV-3440,CLI-0333,561757.82,2026-10-19
INV-1288,CLI-2957,1826672.66,2026-07-24
INV-1045,CLI-2418,808052.24,2026-08-29
INV-2597,CLI-1097,1208175.41,2026-10-20
INV-7336,CLI-2067,695960.56,2026-06-26
INV-3171,CLI-2351,1653087.84,2026-12-07
INV-4547,CLI-2348,1580558.14,
INV-3686,CLI-0189,717167.15,14-09-2026
INV-4970,CLI-4757,760307.22,2025-08-12
INV-2263,CLI-4455,250985.90,2026-01-15
INV-2518,CLI-2924,414291.86,11-10-2026
INV-5255,CLI-3180,,24-11-2026
INV-1075,CLI-4677,1432268.33,2026-04-15
INV-6726,CLI-1309,983011.64,2025-09-17
INV-6168,CLI-3532,1449330.83,2026-06-28
INV-1027,CLI-4085,1923871.59,2026-07-18
INV-1862,CLI-1640,1155334.41,16-04-2026
INV-3298,CLI-4592,89474.48,2026-05-20
INV-5824,CLI-1847,978709.24,28-02-2026
INV-2044,CLI-2899,-1954555.15,2026-03-28
INV-5114,CLI-1954,804408.14,24-12-2026
INV-4591,CLI-2832,1415866.27,2026-12-14
INV-4822,CLI-2867,1135512.08,2026-07-30
INV-7365,CLI-4353,615562.01,2025-13-12
INV-5336,CLI-4251,886321.91,2026-10-12
INV-4175,CLI-1219,1330755.28,2026-01-13
INV-6214,CLI-4070,1625574.97,2026-09-28
INV-4144,CLI-2158,1274845.08,2025-07-22
INV-6111,CLI-3846,1391380.21,2026-11-04
INV-6221,CLI-2183,,2026-04-10
INV-5144,CLI-2168,60962.77,2025-06-22
INV-6788,CLI-4411,1122908.59,2025-10-22
INV-6787,CLI-0846,1550322.27,2025-09-21
INV-6695,CLI-2127,927894.31,2026-02-08
INV-4532,CLI-3789,1220387.27,2025-12-10
INV-4411,CLI-4540,757791.91,2025-06-11
INV-5971,CLI-2294,-1690496.83,2026-07-11
INV-1235,CLI-1043,1674185.36,2025-12-10
INV-3399,CLI-4858,261016.09,2026-01-22
INV-6399,CLI-3753,1319410.06,2026-06-25
INV-3985,CLI-4598,1034151.49,2025-08-29
INV-5521,CLI-3815,1978794.87,2026-06-25
INV-5904,CLI-4192,337672.02,2026-02-10
INV-5484,CLI-4989,1527499.03,2025-11-13
INV-1762,CLI-2719,882109.15,2026-12-22
INV-2151,CLI-2423,1134680.77,2025-09-08
INV-5666,CLI-4536,872458.99,2026-08-27
INV-3202,CLI-2653,"₹705,539.14",2025-08-30
INV-3784,CLI-2854,"₹480,034.68",2026-04-24
INV-2081,CLI-3476,78461.61,2026-03-12
INV-3380,CLI-0253,,2025-12-30
INV-5774,CLI-4724,1752080.54,2025-11-04
INV-6813,CLI-3309,,2026-03-15
INV-2467,CLI-1214,359688.89,2026-03-10
INV-3464,CLI-4969,-1926961.85,2026-11-28
INV-5606,CLI-1953,678536.48,2026-02-20
INV-6366,CLI-1298,560003.26,2025-07-26
INV-7198,CLI-3514,1211850.79,2025-08-03
INV-2784,CLI-1872,214069.83,2025-11-11
INV-3135,CLI-0725,-779118.33,2026-07-01
INV-1415,CLI-4024,1285154.30,2025-11-25
INV-7009,CLI-4269,1522608.21,2026-08-10
INV-3881,CLI-3395,688586.09,2025-07-14
INV-4876,CLI-3902,274806.31,2025-12-12
INV-2391,CLI-3625,335654.57,2026-10-13
INV-4170,CLI-4616,591301.62,2025-12-24
INV-3051,CLI-2208,N/A,26-05-2026
INV-4276,CLI-4382,1387992.42,2026-07-29
INV-6512,CLI-4829,116931.18,2026-04-06
INV-3937,CLI-0546,203373.68,2025-06-06
INV-3184,CLI-3188,-654956.74,2026-03-30
INV-4607,CLI-3835,1175902.97,2025-06-16
INV-6916,CLI-2300,1783634.61,2026-07-22
INV-1994,CLI-3198,133717.65,2026-08-20
INV-6686,CLI-2582,1780353.99,2026-11-17
INV-5067,CLI-4115,1708121.91,2026-10-27
INV-4353,CLI-2491,1204099.69,2026-11-06
INV-2665,CLI-2230,,2025-08-23
INV-6481,CLI-1570,634199.73,2025-07-14
INV-4981,CLI-4462,1809888.61,2026-06-12
INV-1683,CLI-3229,1935057.38,
INV-4971,CLI-4754,240768.72,2025-11-09
INV-4467,CLI-3329,189850.24,2026-05-16
INV-3880,CLI-2013,1554796.51,2026-12-24
INV-1206,CLI-4574,1005052.10,2025-10-26
INV-3817,CLI-3361,1091298.42,2025-10-23
INV-4267,CLI-1842,340270.26,2025-09-18
INV-6425,CLI-3608,954801.87,2025-08-10
INV-2644,CLI-0438,1749801.36,2026-08-06
INV-3620,CLI-3341,1587717.20,2026-03-25
INV-4112,CLI-0456,-735641.67,2025-12-03
INV-2355,CLI-1291,1472085.26,
INV-7018,CLI-1895,507290.92,2025-08-21
INV-5301,CLI-2267,704058.89,2026-08-25
INV-4887,CLI-0034,84976.54,2025-10-22
INV-6246,CLI-2244,653082.58,2025-11-07
INV-6667,CLI-3304,1994737.17,2026-11-22
INV-5049,CLI-0644,321329.29,2026-02-13
INV-4787,CLI-3132,1361439.21,2025-07-13
INV-4648,CLI-2673,1949494.20,2025-11-01
INV-5999,CLI-4110,1544237.61,2025-12-24
INV-5968,CLI-0360,777041.30,2025-07-22
INV-5992,CLI-1994,,2026-04-02
INV-3155,CLI-4589,1420566.19,2025-07-12
INV-1584,CLI-4623,1395447.12,2026-06-09
INV-4836,CLI-5206,1626903.17,2026-10-23
INV-5861,CLI-2239,493151.57,25-07-2026
INV-7306,CLI-2364,191770.70,
INV-2943,CLI-4203,1824420.81,2025-12-14
INV-6768,CLI-0098,1272469.42,2026-11-02
INV-6882,CLI-4177,1305328.34,2026-01-01
INV-4261,CLI-4145,1186865.33,2026-01-12
INV-1092,CLI-4608,706514.29,2026-03-25
INV-4724,CLI-4776,153389.46,2025-06-08
INV-4616,CLI-3406,546857.35,13-02-2026
INV-5343,CLI-4297,243998.95,2025-07-15
INV-2192,CLI-0742,1331009.76,2026-11-17
INV-5710,CLI-1211,1547429.33,2026-12-27
INV-5400,CLI-3211,1118318.81,2026-09-04
INV-4343,CLI-3675,927667.22,18-09-2026
INV-2982,CLI-0471,766272.12,2026-01-01
INV-6257,CLI-3010,166742.93,2026-01-28
INV-6446,CLI-4543,"₹214,653.12",2026-07-25
INV-7182,CLI-1260,920103.79,2025-09-20
INV-3848,CLI-2989,1237097.01,2025-09-19
INV-1352,CLI-3829,1130179.02,2026-03-25
INV-3275,CLI-4096,159733.70,2025-09-13
INV-5702,CLI-4661,1624646.46,2026-01-09
INV-5744,CLI-3388,1117291.87,2026-04-29
INV-4608,CLI-2933,1734234.43,2025-09-12
INV-1094,CLI-0200,938237.99,2026-06-05
INV-4566,CLI-4491,204892.49,2026-03-28
INV-2991,CLI-2276,1804803.44,2025-12-26
INV-3114,CLI-2845,408629.55,2026-08-19
INV-4866,CLI-0910,259575.05,2026-05-04
INV-2063,CLI-3334,805748.33,09-02-2026
INV-4087,CLI-3001,581504.20,2026-09-04
INV-5046,CLI-2334,1289495.07,2026-08-24
INV-6688,CLI-3045,1578310.39,2026-04-27
INV-2536,CLI-2226,1795274.99,2026-11-29
INV-1047,CLI-2545,1106143.78,2026-07-24
INV-2113,CLI-3313,1300024.76,2026-08-24
INV-5720,CLI-4759,-424646.79,2025-10-29
INV-6268,CLI-0545,,2026-03-26
INV-5456,CLI-4415,1866604.38,2025-08-23
INV-6575,CLI-4734,225718.29,2026-10-30
INV-6101,CLI-4625,829031.13,2026-11-12
INV-5757,CLI-3577,351978.70,2026-04-14
INV-4831,CLI-3659,1370455.88,2026-02-08
INV-7331,CLI-3510,1126497.49,2025-11-15
INV-3461,CLI-1165,1806161.16,2026-11-26
INV-7074,CLI-3446,1566196.31,2025-07-26
INV-1908,CLI-3922,1110140.75,2025-11-05
INV-5018,CLI-0529,621331.57,2026-05-17
INV-6696,CLI-4538,187741.66,2026-07-23
INV-1605,CLI-4225,108238.94,2025-06-15
INV-3005,CLI-2574,830740.68,
INV-3447,CLI-4046,572486.96,2025-10-18
INV-3128,CLI-3700,233519.14,
INV-3162,CLI-0941,"₹827,385.63",2025-11-30
INV-5279,CLI-3096,"₹596,604.91",2026-07-12
INV-1309,CLI-2679,674103.58,2025-12-03
INV-6693,CLI-4139,484416.75,
INV-6619,CLI-3353,1938696.77,2026-03-02
INV-6792,CLI-3823,574684.11,2026-09-15
INV-2769,CLI-1756,641612.14,2026-12-13
INV-6515,CLI-0506,60549.79,2026-03-31
INV-5990,CLI-2744,1880465.97,2026-04-07
INV-1085,CLI-2415,1824577.42,2026-06-02
INV-6737,CLI-5335,1846083.50,2026-11-14
INV-2058,CLI-4147,1891140.11,2026-01-17
INV-6955,CLI-1647,659117.89,2026-11-21
INV-7352,CLI-4305,613860.24,2025-12-30
INV-4719,CLI-0581,1026217.92,2026-11-30
INV-3705,CLI-3005,735224.50,2025-11-14
INV-3854,CLI-2727,697457.57,2025-12-17
INV-1918,CLI-2829,234359.22,2025-10-06
INV-3746,CLI-0365,1516376.94,2026-02-27
INV-1291,CLI-1145,181110.02,2026-12-30
INV-7236,CLI-4877,935153.05,2026-08-08
INV-3777,CLI-4220,175517.40,2026-05-20
INV-1954,CLI-4173,1145997.24,2026-09-26
INV-3436,CLI-2544,1224541.28,2026-12-02
INV-6771,CLI-2055,433995.84,2026-04-01
INV-5145,CLI-2464,625966.17,2026-08-07
INV-1203,CLI-2802,1700487.07,2025-10-22
INV-3671,CLI-2574,100208.43,2026-05-31
INV-6316,CLI-2949,613244.40,2026-01-22
INV-5963,CLI-1069,1217120.70,2026-12-02
INV-6936,CLI-3377,154983.43,2026-02-21
INV-3474,CLI-4030,809467.68,2025-06-05
INV-4609,CLI-0635,154228.35,2026-05-16
INV-2607,CLI-2857,1921011.07,25-09-2026
INV-6081,CLI-4531,850311.96,2026-03-30
INV-1323,CLI-4426,459576.96,2026-01-27
INV-4843,CLI-2717,1006562.84,2026-11-27
INV-2174,CLI-0802,113373.33,2026-07-30
INV-6614,CLI-2033,1863435.90,2025-08-20
INV-3300,CLI-1031,,2026-07-03
INV-6796,CLI-3474,889228.97,2025-09-14
INV-4167,CLI-2373,1961654.87,2026-04-09
INV-2584,CLI-2072,6854.09,2025-10-29
INV-4466,CLI-0938,698368.32,2025-09-25
INV-1898,CLI-3439,1426813.04,2026-09-29
INV-1822,CLI-4793,405508.49,2026-11-16
INV-4010,CLI-2726,92435.45,2025-09-11
INV-1710,CLI-4497,-149088.76,2025-12-03
INV-7312,CLI-1348,1075505.88,2026-02-14
INV-4756,CLI-3186,1907394.38,2026-09-30
INV-1455,CLI-3218,39096.78,2026-13-11
INV-4807,CLI-0557,551110.99,2026-12-26
INV-5050,CLI-1118,1868059.20,2026-10-10
INV-5487,CLI-4853,930673.88,2026-07-10
INV-6434,CLI-0344,1865206.25,2026-04-11
INV-1040,CLI-4124,1749682.00,2026-12-03
INV-4524,CLI-0508,1431454.27,2026-12-28
INV-4975,CLI-4919,1817674.91,2026-09-19
INV-1815,CLI-1282,-1247674.47,2026-06-18
INV-3614,CLI-1171,656491.76,2026-12-05
INV-5215,CLI-0086,1649081.28,2026-09-23
INV-5042,CLI-4067,184664.80,2026-08-14
INV-2842,CLI-1372,351053.89,2025-11-21
INV-3925,CLI-1428,240568.61,2025-11-16
INV-5834,CLI-2996,1406964.95,
INV-3875,CLI-2490,885204.46,2026-08-31
INV-7143,CLI-0525,845013.43,2026-01-06
INV-2308,CLI-1103,"₹635,930.42",2026-08-07
INV-5646,CLI-1841,172669.97,2025-08-22
INV-2944,CLI-4634,1808424.26,2025-12-12
INV-4725,CLI-5070,1355672.36,2026-03-29
INV-1426,CLI-3146,1879840.67,12-04-2026
INV-6598,CLI-2132,1260789.79,2025-10-19
INV-4602,CLI-4680,1400092.66,2026-07-15
INV-6514,CLI-2112,1868337.28,2026-06-17
INV-1220,CLI-4287,426186.25,2025-08-14
INV-3141,CLI-4025,N/A,2026-08-03
INV-1339,CLI-1742,1642553.31,2025-11-26
INV-3382,CLI-3756,85001.30,2026-03-09
INV-7435,CLI-3265,484190.91,2025-12-29
INV-4617,CLI-1933,144547.41,2025-09-11
INV-3469,CLI-4939,615390.79,2026-07-07
INV-7164,CLI-0561,1272018.91,2026-12-05
INV-3193,CLI-1267,,13-12-2025
INV-3659,CLI-1135,564852.02,
INV-4903,CLI-0984,559715.71,
INV-4107,CLI-4936,1806470.54,2025-11-10
INV-1218,CLI-1258,1141178.80,2025-09-15
INV-4721,CLI-2676,742917.02,2025-10-24
INV-3271,CLI-1718,222845.29,2026-11-15
INV-7335,CLI-3190,663148.27,2025-09-25
INV-7064,CLI-0493,,2025-10-28
INV-1767,CLI-5426,,2026-07-20
INV-4412,CLI-0577,314113.55,2025-07-09
INV-4913,CLI-4903,177141.02,2025-10-04
INV-2208,CLI-2360,211283.33,2026-01-05
INV-5874,CLI-1264,1815901.53,2025-07-12
INV-2799,CLI-3302,76530.19,2026-09-20
INV-5509,CLI-0822,523281.51,30-10-2025
INV-6431,CLI-0884,1385188.43,2026-11-09
INV-6965,CLI-1084,794646.45,2026-03-11
INV-5947,CLI-4518,1894223.19,2025-10-13
INV-3851,CLI-2210,457031.49,2026-07-22
INV-3885,CLI-3000,1279452.03,2026-02-04
INV-2094,CLI-2887,386607.05,2025-11-06
INV-3963,CLI-5453,419834.01,2026-03-25
INV-4332,CLI-3952,1742886.40,08-07-2026
INV-5259,CLI-3541,1658786.30,
INV-6123,CLI-4419,9507.42,2025-09-07
INV-3724,CLI-2581,253594.82,2026-06-21
INV-3948,CLI-0786,1774290.32,2026-03-28
INV-3109,CLI-4336,568297.33,2026-07-17
INV-1694,CLI-0051,595907.52,2025-06-19
INV-4517,CLI-3496,"₹1,228,151.28",2026-04-28
INV-1658,CLI-1191,930654.59,2026-06-22
INV-5781,CLI-3616,1611261.55,2026-04-13
INV-3707,CLI-3306,619528.03,2025-11-07
INV-4501,CLI-2213,19375.36,30-08-2025
INV-4577,CLI-2678,1041826.03,2026-07-11
INV-6423,CLI-4348,1874768.31,2026-12-23
INV-2371,CLI-4729,1279223.41,2025-09-29
INV-7489,CLI-1866,,2025-11-26
INV-2812,CLI-2277,405222.24,2025-09-12
INV-1477,CLI-3559,1496935.00,2025-06-23
INV-1596,CLI-1588,1179961.72,2026-10-14
INV-2211,CLI-0373,1279754.01,2026-12-01
INV-3995,CLI-0282,1603423.65,2025-10-23
INV-2652,CLI-1580,1467141.27,2026-04-14
INV-4786,CLI-0449,1531492.04,2026-04-01
INV-1842,CLI-0562,198940.62,2026-07-30
INV-2928,CLI-0694,557516.27,2025-08-19
INV-6024,CLI-0222,880172.12,2026-04-09
INV-6093,CLI-1860,536083.40,2026-08-17
INV-3723,CLI-0792,1673831.69,2025-10-01
INV-7299,CLI-4188,150512.52,2026-07-11
INV-6029,CLI-1520,613731.81,2025-11-28
INV-3251,CLI-0846,1332017.02,2026-02-08
INV-1993,CLI-2074,1918583.54,2026-02-26
INV-1572,CLI-1387,1819099.24,2025-08-15
INV-4661,CLI-1824,452496.32,2026-12-06
INV-1771,CLI-3019,,2026-10-19
INV-2382,CLI-2659,,2026-02-05
INV-2893,CLI-2678,1186944.67,2026-07-20
INV-3633,CLI-3370,1627670.48,2025-10-13
INV-7031,CLI-4038,1087954.57,2026-07-30
INV-5202,CLI-0598,336550.41,2026-03-30
INV-3031,CLI-4518,539163.13,2026-04-25
INV-3832,CLI-3178,1245477.50,2026-09-05
INV-3697,CLI-2680,1710649.64,2025-10-02
INV-4727,CLI-3596,116507.33,2026-07-05
INV-6420,CLI-0691,1820654.97,2025-08-11
INV-7162,CLI-3403,1064775.17,2025-10-09
INV-2581,CLI-3251,750165.15,2026-07-15
INV-4291,CLI-5165,1654883.87,2025-10-17
INV-4316,CLI-4611,568054.29,18-06-2026
INV-6298,CLI-4456,453714.17,2025-07-07
INV-4600,CLI-3260,31157.44,
INV-6473,CLI-2585,1789798.90,2026-09-15
INV-2177,CLI-0360,737580.75,2025-08-27
INV-7046,CLI-3656,1883003.18,2026-10-29
INV-5820,CLI-1480,528302.15,2026-12-26
INV-4092,CLI-2605,563518.62,2025-12-05
INV-5001,CLI-4185,932859.08,2026-09-19
INV-6414,CLI-2981,1876527.35,
INV-4117,CLI-1820,311618.88,2026-11-19
INV-7040,CLI-1178,1832292.04,2026-10-10
INV-7486,CLI-1518,N/A,2025-08-21
INV-1251,CLI-4566,351911.05,2026-05-03
INV-1570,CLI-2702,307766.65,2026-03-27
INV-5579,CLI-0293,1614787.62,2025-12-25
INV-7218,CLI-4892,913015.90,2026-09-15
INV-5997,CLI-1307,1060140.23,2026-08-20
INV-1125,CLI-2813,"₹437,069.27",2026-10-22
INV-2777,CLI-4050,1987192.98,2026-08-01
INV-6251,CLI-4312,1615867.63,
INV-3766,CLI-4241,52073.50,2025-06-23
INV-1742,CLI-4287,143647.57,2026-04-19
INV-6763,CLI-2366,432876.89,2025-06-20
INV-1243,CLI-2266,33914.53,2025-07-25
INV-4259,CLI-0866,778017.83,2026-01-08
INV-6846,CLI-2597,77264.15,2025-10-19
INV-3971,CLI-3293,189888.79,2026-08-08
INV-7122,CLI-2245,1140975.93,2026-10-01
INV-3187,CLI-1950,1102522.08,2026-06-30
INV-6341,CLI-3858,1090359.29,2026-03-30
INV-6136,CLI-1103,1606851.32,2026-07-07
INV-3152,CLI-2344,1002053.51,2025-10-12
INV-1566,CLI-3672,1905944.04,2026-05-04
INV-3841,CLI-3818,255772.10,2026-06-23
INV-6802,CLI-0268,799974.53,2025-10-09
INV-7229,CLI-0255,26285.41,2026-02-18
INV-7455,CLI-3165,519216.38,2026-03-01
INV-1640,CLI-2978,194015.68,2026-04-13
INV-1941,CLI-0136,128020.25,2026-07-09
INV-5520,CLI-1177,1242007.92,2026-07-27
INV-1034,CLI-3445,1793328.75,09-06-2025
INV-7344,CLI-3729,460883.02,2026-12-06
INV-4657,CLI-1139,1808388.14,2026-11-23
INV-2855,CLI-0475,1490634.37,2025-08-19
INV-4051,CLI-4080,1530978.59,2025-11-22
INV-6270,CLI-0734,717843.08,2026-10-08
INV-1963,CLI-1453,1218663.99,2026-01-15
INV-1592,CLI-1801,888536.40,2025-06-18
INV-4164,CLI-1762,296313.46,2025-11-25
INV-7289,CLI-0723,768823.08,2025-07-14
INV-5428,CLI-3710,1417126.01,2026-09-29
INV-5427,CLI-0813,98782.99,2026-09-16
INV-1561,CLI-3393,1903555.75,2026-05-01
INV-4978,CLI-3891,473829.53,2026-01-16
INV-7343,CLI-1138,52136.62,2025-13-10
INV-4662,CLI-0865,1398986.18,2026-02-02
INV-1761,CLI-2026,619864.59,2025-08-11
INV-7400,CLI-1022,60933.01,2026-04-15
INV-4163,CLI-4768,427737.89,2025-11-26
INV-3827,CLI-0089,640841.17,2026-02-02
INV-1542,CLI-3955,566727.12,2025-06-11
INV-6820,CLI-3067,1158353.61,2026-02-24
INV-2987,CLI-1087,546263.04,2026-06-28
INV-3340,CLI-2855,74038.13,2026-07-30
INV-6795,CLI-4916,N/A,2026-08-27
INV-2018,CLI-2981,1325210.54,2026-08-29
INV-2030,CLI-2861,168732.12,2025-12-12
INV-4571,CLI-3947,1393246.46,2026-08-22
INV-2123,CLI-2016,523880.98,2025-08-28
INV-6791,CLI-1614,638098.64,2026-03-14
INV-3622,CLI-1989,N/A,2026-07-01
INV-2932,CLI-1754,1633475.77,2026-12-10
INV-4677,CLI-1959,1694579.26,2025-11-22
INV-7226,CLI-2601,96294.48,2025-12-27
INV-4337,CLI-4017,1369293.55,2026-08-06
INV-3355,CLI-1067,1356587.48,2026-06-13
INV-4246,CLI-0796,805743.70,2025-12-23
INV-1774,CLI-2227,77237.45,30-08-2026
INV-7209,CLI-0856,237529.97,18-10-2026
INV-2035,CLI-4699,345444.92,2025-08-26
INV-4810,CLI-3595,1705866.77,2025-12-01
INV-5750,CLI-3927,425317.40,2025-06-23
INV-2411,CLI-5334,36023.25,2025-06-01
INV-4729,CLI-2974,1574432.52,2026-01-07
INV-5889,CLI-3547,798996.22,2025-12-05
INV-6119,CLI-0226,1918506.05,2026-12-24
INV-2485,CLI-1349,1005240.21,2025-06-03
INV-1939,CLI-2095,449815.49,10-07-2025
INV-3168,CLI-4470,1334647.61,2025-09-30
INV-4450,CLI-4073,147136.37,2026-04-12
INV-5699,CLI-5081,1100230.73,2025-12-08
INV-6098,CLI-3439,1847319.25,2025-11-14
INV-5250,CLI-2882,637835.64,2025-11-05
INV-2450,CLI-2122,414576.78,2025-11-02
INV-6161,CLI-0488,1777950.32,2026-06-02
INV-4308,CLI-4679,,2025-09-07
INV-5252,CLI-1709,1455899.55,2025-07-26
INV-4925,CLI-1850,325874.93,2026-07-18
INV-2460,CLI-0388,1471772.62,2026-07-13
INV-5795,CLI-4846,1860288.18,2026-10-10
INV-3486,CLI-3928,38225.64,2025-09-15
INV-5342,CLI-0859,1904130.13,2025-11-20
INV-4234,CLI-0687,178866.04,2026-06-26
INV-1701,CLI-2839,535823.13,
INV-5580,CLI-4618,1526986.69,2025-08-02
INV-5811,CLI-3229,164965.90,2026-09-12
INV-4748,CLI-4647,1324473.19,2025-06-17
INV-7433,CLI-0221,17442.79,2026-11-25
INV-5260,CLI-1327,995719.99,2026-02-22
INV-5224,CLI-4115,670669.17,2026-07-22
INV-5214,CLI-1207,1793162.42,2025-09-23
INV-5785,CLI-4476,754382.59,2025-12-07
INV-6928,CLI-3702,1803849.17,2026-04-10
INV-2999,CLI-2285,376584.05,2025-07-25
INV-7240,CLI-1869,N/A,2026-09-13
INV-3872,CLI-4617,307332.77,2025-07-24
INV-2169,CLI-0047,1683802.71,2026-05-07
INV-4447,CLI-1245,1753301.08,2025-07-13
INV-5408,CLI-4550,227744.40,19-08-2026
INV-5435,CLI-3619,1335600.65,
INV-7194,CLI-1414,1557351.02,2025-07-04
INV-2890,CLI-1876,1467306.72,2026-04-16
INV-4206,CLI-3877,893818.75,2026-04-26
INV-4001,CLI-0745,998540.30,2026-01-15
INV-5421,CLI-0834,1427409.93,2026-06-25
INV-2376,CLI-1545,1653667.37,2026-12-29
INV-2138,CLI-3715,170100.35,2026-03-15
INV-2807,CLI-1029,63489.86,11-07-2026
INV-3498,CLI-3216,1717963.66,2025-12-31
INV-2901,CLI-3093,72798.65,2026-12-11
INV-5952,CLI-2248,673281.48,2025-10-20
INV-1457,CLI-1354,1328254.83,2026-06-24
INV-6736,CLI-4149,1273490.53,2026-12-11
INV-6723,CLI-0583,522215.09,2026-01-27
INV-3335,CLI-0225,1543964.81,2026-03-26
INV-1141,CLI-0097,342753.52,2026-03-14
INV-5609,CLI-1812,676610.40,2025-12-06
INV-2086,CLI-4883,575183.87,2026-06-13
INV-3445,CLI-3242,946603.34,2026-06-12
INV-1140,CLI-3555,1728129.65,2026-03-17
INV-1753,CLI-3927,1891886.83,2026-01-25
INV-7494,CLI-2398,1145952.26,2025-08-22
INV-1222,CLI-1979,659716.12,2026-07-12
INV-7271,CLI-0681,498871.06,2026-06-23
INV-5742,CLI-4319,1456295.97,2025-11-01
INV-2332,CLI-2034,552001.01,2025-10-30
INV-5019,CLI-2257,1097376.89,2026-08-18
INV-2616,CLI-2208,1714481.06,2025-06-22
INV-1089,CLI-4656,1066485.15,2026-11-06
INV-7107,CLI-0925,1448933.79,2026-01-05
INV-5102,CLI-2490,295823.26,2025-09-27
INV-1310,CLI-1354,1143873.86,2025-12-06
INV-3367,CLI-2184,-384178.09,01-10-2025
INV-6421,CLI-1739,906701.50,
INV-3722,CLI-2437,121660.05,2026-07-27
INV-6177,CLI-4335,N/A,2026-09-16
INV-4326,CLI-1461,-1740935.40,2025-07-22
INV-4630,CLI-5283,17999.13,2026-08-18
INV-3517,CLI-2063,,2026-02-20
INV-1472,CLI-0483,1122739.94,2025-08-31
INV-4774,CLI-4109,1323384.63,2025-06-12
INV-5919,CLI-0586,124447.80,2026-04-07
INV-1170,CLI-4720,701108.18,2025-09-26
INV-2723,CLI-4355,658110.83,2026-04-10
INV-1155,CLI-2949,1068132.38,01-09-2026
INV-1213,CLI-2025,115941.38,2025-08-31
INV-2439,CLI-0087,N/A,2026-11-30
INV-1949,CLI-0502,672605.03,2026-04-02
INV-1055,CLI-3956,1316250.72,2026-02-18
INV-4419,CLI-4913,402154.60,24-07-2025
INV-1115,CLI-4358,-1438324.75,2025-11-13
INV-3549,CLI-0452,1962266.94,2025-06-27
INV-6703,CLI-0521,74675.29,2025-08-06
INV-4502,CLI-4026,1016122.61,2025-06-16
INV-2567,CLI-3056,"₹996,989.03",2026-12-20
INV-5280,CLI-0931,193311.72,2026-07-20
INV-5602,CLI-0536,1466471.31,2025-06-08
INV-6283,CLI-1042,,2026-01-27
INV-4426,CLI-2257,631370.03,2026-12-11
INV-6584,CLI-3391,789380.44,2026-11-11
INV-5397,CLI-2320,1824803.68,2025-11-12
INV-1266,CLI-0691,1580592.50,2025-08-31
INV-3850,CLI-4716,300319.33,2026-05-09
INV-6872,CLI-0757,859989.14,2026-07-05
INV-3276,CLI-3812,543632.23,2025-12-30
INV-3853,CLI-3582,744974.20,2026-01-04
INV-4915,CLI-1689,1914348.62,2026-13-03
INV-6578,CLI-0420,12035.02,2025-08-16
INV-1781,CLI-2636,1983616.69,2026-08-31
INV-6777,CLI-1018,1653304.25,2025-07-20
INV-3886,CLI-0973,1930555.62,2026-10-09
INV-4665,CLI-3585,1884661.82,
INV-7144,CLI-4829,1059797.74,2026-11-15
INV-6500,CLI-0993,942137.93,2025-11-07
INV-5119,CLI-1770,380472.67,2025-12-13
INV-4294,CLI-4972,470027.39,2026-06-20
INV-6694,CLI-0555,1544695.31,2026-02-17
INV-3173,CLI-3992,850715.67,2026-05-28
INV-6835,CLI-3001,83422.54,2025-12-11
INV-1136,CLI-2649,1142618.37,2025-07-09
INV-5653,CLI-2809,460426.06,2026-12-22
INV-2428,CLI-4090,1343972.78,2026-05-05
INV-2746,CLI-3032,399942.90,2025-10-17
INV-3055,CLI-2236,760276.33,2026-01-20
INV-6743,CLI-3126,,2026-03-07
INV-5054,CLI-2636,369099.55,2026-05-25
INV-6282,CLI-2033,844903.15,2025-07-26
INV-2409,CLI-2371,1133533.07,2026-07-29
INV-1106,CLI-0951,350734.94,2025-12-15
INV-2115,CLI-1691,1749219.14,
INV-4469,CLI-1160,1821845.35,2026-07-06
INV-4852,CLI-0011,1533965.87,2026-09-06
INV-1935,CLI-3779,1683069.14,2026-03-02
INV-7263,CLI-0077,807899.67,2026-02-22
INV-5305,CLI-1081,1319747.56,2026-12-18
INV-2754,CLI-3198,1603098.73,2026-05-05
INV-3798,CLI-4756,155079.37,2026-06-24
INV-5810,CLI-1878,1111435.85,2026-11-23
INV-5009,CLI-2027,1719460.17,15-05-2026
INV-1221,CLI-4475,403439.14,2026-10-27
INV-6825,CLI-2233,1217047.38,2026-12-01
INV-1951,CLI-3148,1219923.23,2025-09-07
INV-2032,CLI-2602,779312.63,2026-02-04
INV-1161,CLI-4273,1996693.01,2026-02-20
INV-1812,CLI-4589,772774.78,2026-06-01
INV-2800,CLI-1284,77471.82,2026-03-17
INV-3511,CLI-2691,525111.98,2025-10-16
INV-4073,CLI-1685,"₹1,910,285.50",2025-08-28
INV-3268,CLI-4406,1526222.61,2026-08-27
INV-3439,CLI-0975,1534815.13,2026-08-20
INV-4140,CLI-0162,1735923.57,2025-11-07
INV-2311,CLI-3147,"₹709,043.42",2026-06-17
INV-2853,CLI-3929,755167.28,2026-09-18
INV-1532,CLI-3403,1968390.37,2025-12-09
INV-6470,CLI-3233,N/A,2026-10-06
INV-3647,CLI-3054,1168099.22,2026-05-25
INV-4627,CLI-4655,427393.39,2026-02-17
INV-3599,CLI-0238,720829.67,2025-12-01
INV-1181,CLI-4844,163293.01,2026-10-13
INV-7359,CLI-2533,1768660.91,2025-09-22
INV-6253,CLI-3999,1329247.76,2026-10-28
INV-2942,CLI-2266,1929254.58,31-10-2026
INV-5752,CLI-1838,326322.38,2026-11-17
INV-6925,CLI-4425,1257227.77,2025-07-27
INV-3423,CLI-4653,365155.99,2026-10-02
INV-2129,CLI-1200,1738306.00,2026-08-11
INV-6082,CLI-4567,49989.08,2026-07-07
INV-4306,CLI-4906,177774.85,2026-03-28
INV-2648,CLI-4080,577534.03,2026-06-30
INV-1617,CLI-2460,1720338.67,2025-06-15
INV-5826,CLI-0541,1445367.40,26-10-2025
INV-3591,CLI-3108,589119.28,2026-10-15
INV-5105,CLI-0964,954344.14,2026-01-25
INV-3426,CLI-3313,1287321.33,2026-10-19
INV-2283,CLI-3205,369111.16,2026-03-04
INV-3144,CLI-1030,1848518.00,2025-06-18
INV-6424,CLI-4738,,2026-10-13
INV-4809,CLI-0634,1908268.37,2025-06-19
INV-6992,CLI-1049,92536.09,2025-10-28
INV-2214,CLI-2644,1269827.00,2026-03-12
INV-2309,CLI-4345,83847.81,2026-09-25
INV-3368,CLI-3370,1069325.49,2025-07-01
INV-1182,CLI-2325,397965.64,2026-12-26
INV-2114,CLI-1530,68338.42,2025-08-17
INV-3485,CLI-1827,1732246.39,2026-05-19
INV-7274,CLI-0134,993185.28,2025-08-26
INV-2282,CLI-5396,1037132.76,2025-07-17
INV-2546,CLI-2622,975789.37,2025-09-09
INV-5273,CLI-3308,,2026-01-22
INV-3843,CLI-1062,714789.51,2025-08-03
INV-4319,CLI-1688,1045409.07,2026-08-09
INV-4470,CLI-2380,1714061.09,2026-04-18
INV-1209,CLI-4874,1654604.40,2026-09-22
INV-1056,CLI-0491,1510751.56,2025-07-29
INV-2471,CLI-0417,1281245.18,2026-08-22
INV-5585,CLI-1715,702874.36,2026-04-24
INV-5042,CLI-2635,1406066.78,2026-09-20
INV-5395,CLI-0905,1747256.00,2026-06-18
INV-6909,CLI-4133,394368.98,2026-06-28
INV-1332,CLI-0546,585722.12,2025-06-05
INV-5741,CLI-0766,"₹1,378,580.14",2026-04-13
INV-3876,CLI-2847,1998438.95,2026-04-26
INV-4563,CLI-2202,831969.35,2025-07-12
INV-3499,CLI-2205,365623.46,2026-13-15
INV-4820,CLI-4170,857281.81,2025-09-19
INV-1107,CLI-2359,1363702.70,2025-10-26
INV-5317,CLI-1430,1435201.72,2025-11-01
INV-6834,CLI-4689,1642827.59,2026-12-26
INV-7460,CLI-0240,850050.09,2026-12-08
INV-5605,CLI-2834,1995088.00,2025-12-07
INV-2405,CLI-2945,832631.48,2025-06-29
INV-3794,CLI-2156,1946886.22,2026-05-04
INV-1679,CLI-1433,425746.48,2025-11-22
INV-5668,CLI-0152,1945272.50,26-04-2026
INV-7047,CLI-3619,885908.34,2025-10-01
INV-5794,CLI-3176,1445287.75,2026-03-13
INV-7469,CLI-0569,287706.07,2026-08-21
INV-3694,CLI-4818,838154.14,2026-11-13
INV-1496,CLI-2580,676040.54,2025-06-30
INV-1190,CLI-4686,348190.25,2025-11-12
INV-6783,CLI-4184,350097.94,2025-11-16
INV-5778,CLI-4149,,2026-03-09
INV-3540,CLI-0962,798614.38,2026-07-31
INV-1751,CLI-0327,1153967.49,02-08-2026
INV-4236,CLI-1026,203271.69,2025-07-13
INV-7207,CLI-3719,182580.60,2026-06-14
INV-3770,CLI-1924,1790092.44,2026-09-07
INV-2640,CLI-0923,1606242.93,2025-06-21
INV-7225,CLI-3503,568027.80,2025-06-21
INV-6105,CLI-2472,1450102.99,
INV-2458,CLI-4583,1081735.51,2025-10-31
INV-3546,CLI-3215,1684995.47,2025-09-03
INV-5804,CLI-0061,N/A,2025-09-01
INV-6479,CLI-2325,1444311.96,2026-03-21
INV-6702,CLI-2312,11605.32,
INV-3573,CLI-0189,553133.97,2026-03-29
INV-2540,CLI-3400,598800.79,2026-04-24
INV-1102,CLI-3768,1115837.53,2026-06-02
INV-3628,CLI-0829,1873851.77,30-12-2026
INV-3442,CLI-1084,"₹1,786,800.68",2026-04-26
INV-2257,CLI-1681,962051.27,2025-11-21
INV-6550,CLI-3649,944097.52,2025-09-07
INV-1239,CLI-3417,-1378812.78,2025-11-02
INV-1777,CLI-1322,357047.61,2026-12-28
INV-5396,CLI-2172,1321323.50,2026-05-25
INV-5033,CLI-1419,1742577.86,2026-11-27
INV-1850,CLI-2128,1491448.73,2026-06-14
INV-5306,CLI-2261,1237807.68,2026-03-31
INV-3779,CLI-0253,1201598.79,2026-12-27
INV-2553,CLI-0115,1843567.17,2026-08-26
INV-7062,CLI-1419,1927535.97,2026-04-07
INV-6317,CLI-4233,1204647.51,2026-02-27
INV-7474,CLI-1003,N/A,2026-11-23
INV-1903,CLI-4590,673955.38,2026-08-23
INV-4833,CLI-1044,1988528.86,2025-08-07
INV-1915,CLI-1503,549429.97,2025-11-26
INV-6169,CLI-3892,"₹365,879.77",2026-10-23
INV-2635,CLI-0810,725428.96,2026-05-06
INV-6674,CLI-2386,1993898.01,2025-09-07
INV-6461,CLI-4574,1547903.53,2026-01-23
INV-2322,CLI-0722,1713071.12,2026-02-03
INV-7376,CLI-0276,1165326.17,2026-09-12
INV-6060,CLI-1491,1051701.18,2025-09-04
INV-4708,CLI-0757,1662862.18,
INV-6100,CLI-1457,761665.35,2025-12-30
INV-2524,CLI-3392,1679793.32,2026-07-19
INV-3600,CLI-3540,1491312.56,2026-04-12
INV-6721,CLI-5224,725232.80,2025-10-17
INV-6362,CLI-3043,206735.39,2026-02-08
INV-7371,CLI-4031,300820.25,2026-12-25
INV-1241,CLI-2891,77756.76,2025-11-07
INV-4611,CLI-4904,950545.23,2026-11-27
INV-6626,CLI-1916,121411.09,2026-09-29
INV-3597,CLI-1603,1312168.25,18-10-2026
INV-2080,CLI-1807,183655.18,2026-05-11
INV-7258,CLI-1795,624035.77,2026-11-30
INV-6592,CLI-0230,1681610.44,2026-13-17
INV-3041,CLI-4180,1796876.39,2025-09-26
INV-7389,CLI-4348,485783.99,2025-12-31
INV-3462,CLI-4155,1617561.41,2026-02-12
INV-4726,CLI-1291,1729177.53,
INV-5949,CLI-3807,65911.93,26-04-2026
INV-2381,CLI-3884,1440414.93,2026-02-03
INV-4846,CLI-0352,1160542.08,2025-11-24
INV-1217,CLI-4285,998814.57,2026-06-16
INV-2839,CLI-0465,1291729.92,2025-09-28
INV-1586,CLI-2333,-178485.85,2026-09-14
INV-3930,CLI-2446,999423.10,2025-12-31
INV-4328,CLI-1437,-562936.09,2026-09-05
INV-5870,CLI-3787,428338.47,2026-04-04
INV-5806,CLI-3580,340593.70,2026-08-01
INV-2904,CLI-1243,1180997.46,2025-12-24
INV-6096,CLI-2289,121619.61,22-07-2025
INV-1412,CLI-0664,1265394.03,2026-11-27
INV-7467,CLI-3453,,2026-08-30
INV-1341,CLI-3941,231896.38,2025-08-14
INV-2738,CLI-4248,-345528.64,2026-03-27
INV-7159,CLI-0880,1258348.48,2025-11-13
INV-3343,CLI-1920,418409.65,2026-11-17
INV-5071,CLI-1285,982343.27,2025-10-12
INV-7384,CLI-2126,1031609.84,2025-08-25
INV-2819,CLI-4113,215573.95,2025-06-22
INV-3980,CLI-2121,734052.12,2026-06-28
INV-2184,CLI-3534,978982.61,2026-07-30
INV-3533,CLI-1634,1777314.56,2026-02-17
INV-2636,CLI-1678,146000.64,2026-08-31
INV-3862,CLI-1169,1102740.43,05-06-2026
INV-1318,CLI-4114,1628442.23,2026-07-01
INV-6634,CLI-1099,701482.38,2026-09-25
INV-5167,CLI-1940,479316.40,2026-03-22
INV-6216,CLI-4113,1028060.76,2026-03-07
INV-6811,CLI-0135,1002248.08,2026-11-06
INV-3870,CLI-1872,564577.96,2026-07-23
INV-3097,CLI-0313,"₹764,655.62",2026-07-08
INV-5159,CLI-0808,383874.10,2026-02-22
INV-3791,CLI-2498,"₹1,813,987.06",2026-10-04
INV-4368,CLI-5398,1053607.76,2026-11-23
INV-1727,CLI-3960,510003.80,2026-02-19
INV-5782,CLI-3526,409810.24,2025-09-06
INV-5766,CLI-0970,723840.87,2026-11-08
INV-5063,CLI-3899,334204.20,2026-11-13
INV-3637,CLI-3021,1253162.62,2026-07-05
INV-5988,CLI-0029,992040.64,2026-02-08
INV-3528,CLI-4776,1241650.68,2026-09-21
INV-1119,CLI-2608,1399927.74,2026-01-09
INV-4869,CLI-2815,604386.13,2026-09-24
INV-1248,CLI-4787,1281103.80,2026-12-31
INV-6143,CLI-4799,127526.28,2026-05-25
INV-6291,CLI-1482,1938126.74,2026-07-04
INV-1558,CLI-0644,935932.31,2025-07-01
INV-4495,CLI-3490,1690570.01,29-08-2025
INV-5163,CLI-3713,192313.39,2026-06-17
INV-5153,CLI-1916,-873943.64,2026-05-02
INV-2806,CLI-2976,1332757.08,2026-05-13
INV-1958,CLI-3068,130933.02,2026-05-28
INV-1608,CLI-0287,904235.66,2026-11-14
INV-2097,CLI-2950,692631.63,2025-06-10
INV-2052,CLI-3133,1938567.68,2025-08-31
INV-2218,CLI-5409,1674182.72,2025-08-18
INV-6684,CLI-3643,1743149.93,2025-10-28
INV-1076,CLI-0699,1070207.17,2026-05-04
INV-1589,CLI-0239,1805250.66,2026-01-15
INV-3313,CLI-1079,1273851.04,2026-05-04
INV-6701,CLI-0658,1871568.88,2026-10-25
INV-4983,CLI-1109,,2026-01-10
INV-4011,CLI-4963,,2026-05-01
INV-7242,CLI-3355,724195.13,2026-11-02
INV-2492,CLI-0835,258715.16,2025-06-04
INV-2361,CLI-2279,984490.22,2026-08-05
INV-4459,CLI-0280,1497097.26,08-05-2026
INV-2869,CLI-0287,1205744.20,2026-10-10
INV-1571,CLI-4101,714302.32,2026-10-31
INV-4998,CLI-3109,"₹332,085.84",2026-10-18
INV-2420,CLI-3418,104122.38,2026-05-02
INV-5672,CLI-2315,1932239.26,2026-11-13
INV-7039,CLI-1157,1580221.50,28-11-2026
INV-5594,CLI-3839,1662155.70,2025-06-24
INV-1817,CLI-1565,690627.29,2026-12-12
INV-2774,CLI-4189,63544.16,2026-05-08
INV-4669,CLI-3301,314673.43,24-06-2025
INV-5813,CLI-1850,1583543.73,2025-10-25
INV-3718,CLI-2751,1830970.05,2026-11-15
INV-1175,CLI-2015,1644519.64,2026-07-21
INV-4834,CLI-1975,834706.03,2026-02-24
INV-5686,CLI-1714,87192.60,2026-07-06
INV-2563,CLI-2993,1028278.40,2026-09-14
INV-1889,CLI-4270,1053452.81,2026-05-19
INV-3215,CLI-2216,1175875.05,2025-07-14
INV-1090,CLI-4476,871608.54,2026-09-12
INV-4522,CLI-2501,1687720.60,2025-09-07
INV-4717,CLI-4412,1350430.47,2025-10-17
INV-5591,CLI-3151,1385146.99,2026-03-04
INV-1073,CLI-2995,1633522.78,2026-12-26
INV-2997,CLI-4418,1386939.47,2026-04-28
INV-1930,CLI-2007,1566355.60,2025-07-22
INV-1334,CLI-3494,970393.53,2025-07-06
INV-4674,CLI-0619,1402997.22,2026-08-23
INV-6484,CLI-4399,1813802.34,2026-10-06
INV-1156,CLI-0705,113929.77,2026-08-22
INV-5181,CLI-2199,248671.77,2026-08-30
INV-2963,CLI-3536,1856575.39,2025-09-28
INV-5003,CLI-0644,1820560.96,2026-12-16
INV-4731,CLI-0323,1559130.00,2026-13-10
INV-6265,CLI-2746,872287.85,2026-12-18
INV-2758,CLI-1684,1570927.52,2026-07-23
INV-4458,CLI-3415,643181.06,2026-12-18
INV-4629,CLI-2839,,2026-10-22
INV-3213,CLI-0582,1127036.59,2025-10-02
INV-3389,CLI-2808,1557981.96,2026-12-05
INV-2155,CLI-4095,1496615.66,03-07-2025
INV-1891,CLI-3101,383260.74,2026-01-22
INV-5431,CLI-1513,1917746.08,2025-11-20
INV-3221,CLI-1056,663700.83,2026-06-18
INV-1368,CLI-0064,173000.43,2025-11-15
INV-5346,CLI-2685,856251.59,2026-09-04
INV-6058,CLI-3373,1088078.87,2026-07-05
INV-6714,CLI-1925,1301515.09,2026-10-31
INV-1491,CLI-5477,226099.37,2026-05-05
INV-4923,CLI-4438,179841.02,2026-11-01
INV-6612,CLI-1558,1478660.04,2026-03-25
INV-3277,CLI-2319,1195873.77,2026-11-09
INV-1313,CLI-4427,1640975.10,17-11-2025
INV-4795,CLI-3814,1782879.41,2026-10-07
INV-3401,CLI-4840,1966286.98,
INV-4207,CLI-4636,1479123.94,2025-07-03
INV-2964,CLI-0548,1321682.76,2025-12-16
INV-5943,CLI-3678,316317.27,2026-01-02
INV-1305,CLI-4144,315878.96,2026-04-07
INV-7185,CLI-0459,711155.64,2026-01-22
INV-6181,CLI-3742,1475579.91,2026-09-17
INV-4790,CLI-1466,1645643.73,2026-12-27
INV-2499,CLI-1628,825878.03,2025-07-17
INV-7465,CLI-0150,1551655.87,2025-06-20
INV-3466,CLI-2488,513758.36,2026-01-16
INV-4305,CLI-2913,933159.40,2026-10-02
INV-5946,CLI-0843,1608905.97,2026-04-24
INV-4999,CLI-2021,289640.76,2025-09-12
INV-6410,CLI-2925,410069.14,2026-08-11
INV-5733,CLI-2542,1801045.00,2025-06-29
INV-3868,CLI-0004,1167643.91,2026-07-10
INV-1548,CLI-2371,336571.59,16-11-2026
INV-3739,CLI-5218,822474.73,2026-03-13
INV-3650,CLI-1372,1247294.54,2026-02-18
INV-1099,CLI-1019,1372847.14,2025-07-29
INV-6232,CLI-0618,-1026569.54,2026-04-14
INV-5240,CLI-3940,978039.17,2026-05-02
INV-5914,CLI-1570,1424738.52,2025-09-10
INV-1556,CLI-1137,1324326.10,2026-12-28
INV-5127,CLI-4367,395420.42,2025-12-10
INV-3782,CLI-2122,276491.03,2026-10-14
INV-6154,CLI-1377,700204.28,2026-05-12
INV-2324,CLI-4880,1634956.37,2025-11-08
INV-3674,CLI-1929,1299647.81,2025-10-20
INV-6319,CLI-1458,,2026-11-12
INV-5296,CLI-1411,775411.23,2025-09-19
INV-7085,CLI-3793,139997.86,2026-06-08
INV-2883,CLI-2196,376240.64,2026-01-30
INV-2676,CLI-1221,1159668.67,2025-08-03
INV-4987,CLI-0452,1026574.54,2026-12-03
INV-5271,CLI-1635,914927.84,2025-07-05
INV-6880,CLI-2217,1909146.74,2026-06-03
INV-6428,CLI-1760,1993109.69,2026-09-27
INV-2611,CLI-3104,703804.75,2025-09-28
INV-2992,CLI-1133,757250.09,2026-09-01
INV-5885,CLI-0563,-831345.36,2026-02-23
INV-5457,CLI-0354,N/A,2026-05-04
INV-6823,CLI-2329,389083.06,29-10-2026
INV-6671,CLI-1723,602801.30,2026-11-27
INV-6780,CLI-4262,1697097.79,2026-05-11
INV-5669,CLI-3174,545365.81,2026-11-23
INV-3497,CLI-3967,1591877.18,2026-06-28
INV-3019,CLI-1081,222329.73,20-09-2026
INV-2549,CLI-3937,1190429.86,2026-03-10
INV-2151,CLI-3511,437286.83,2026-07-26
INV-4394,CLI-3251,1322737.95,
INV-7094,CLI-3470,280050.33,2026-01-29
INV-3693,CLI-3609,1291009.83,2026-03-30
INV-1835,CLI-4928,503229.41,
INV-3677,CLI-3864,618267.88,2026-04-11
INV-2574,CLI-3521,787494.63,2026-04-27
INV-2910,CLI-1322,1273119.07,24-12-2026
INV-2064,CLI-0333,1460614.23,2026-02-22
INV-5961,CLI-3201,946519.77,2026-12-19
INV-4780,CLI-4104,1691145.61,2026-03-13
INV-5481,CLI-4594,31092.50,2026-11-06
INV-1934,CLI-4090,355835.82,2026-01-16
INV-2627,CLI-1980,884653.58,2026-11-12
INV-1759,CLI-3719,1604743.75,2026-08-09
INV-6451,CLI-1072,566068.13,2026-01-06
INV-5909,CLI-3300,669932.17,2026-05-23
INV-4801,CLI-5197,1355109.08,2026-08-24
INV-5341,CLI-3579,1190315.12,2026-03-24
INV-6090,CLI-4734,904420.95,2026-11-18
INV-4016,CLI-2512,1983302.24,2025-09-19
INV-6574,CLI-4113,1451585.42,2026-09-07
INV-3154,CLI-1412,1169483.76,2026-05-10
INV-6806,CLI-0038,142810.90,2026-07-21
INV-2787,CLI-0139,620297.98,2026-02-06
INV-5976,CLI-4121,1758511.20,2026-05-04
INV-3334,CLI-2768,1204768.17,2025-06-29
INV-5649,CLI-2050,554807.95,2026-02-13
INV-1638,CLI-2652,"₹686,499.31",2026-09-20
INV-5090,CLI-1109,1971706.05,2026-08-27
INV-3730,CLI-3279,975843.30,2026-03-28
INV-3270,CLI-0742,458161.49,2026-10-21
INV-2565,CLI-2072,849295.15,2026-10-27
INV-7414,CLI-3166,1025869.86,2026-06-06
INV-3815,CLI-2937,1743906.37,2026-01-03
INV-2729,CLI-3019,1612939.41,2026-02-10
INV-5453,CLI-4847,1947059.33,2025-09-15
INV-2989,CLI-0969,1619069.89,2025-07-01
INV-5278,CLI-3611,1113843.16,2026-08-04
INV-4533,CLI-4696,604721.02,2026-12-28
INV-5469,CLI-4816,303202.27,2025-07-17
INV-2001,CLI-4872,85778.44,2025-06-30
INV-1620,CLI-4570,1086771.67,2026-09-02
INV-5302,CLI-0384,1100131.01,2025-06-21
INV-4988,CLI-0262,880081.05,2025-08-10
INV-2650,CLI-2851,331219.83,2026-02-22
INV-4249,CLI-3111,810709.18,28-07-2025
INV-1301,CLI-4563,524298.27,2026-09-15
INV-1513,CLI-2706,515013.52,2025-06-10
INV-4863,CLI-1116,1362298.70,2025-08-21
INV-7403,CLI-3539,1893968.14,2025-06-11
INV-2399,CLI-1589,777621.21,2026-11-01
INV-5665,CLI-1868,"₹204,931.30",09-05-2026
INV-2233,CLI-1519,662000.75,2026-10-11
INV-3023,CLI-3157,646084.63,2026-03-23
INV-2061,CLI-0315,1050335.34,13-01-2026
INV-5540,CLI-3939,1754908.33,2026-07-19
INV-7202,CLI-1378,802772.91,2025-11-26
INV-3455,CLI-2178,1792112.15,2025-07-20
INV-2598,CLI-2354,458390.60,2025-10-27
INV-2370,CLI-2306,199849.78,2025-06-04
INV-3344,CLI-4772,733595.99,2025-08-21
INV-2443,CLI-2642,80328.61,2026-13-20
INV-4852,CLI-1092,579121.37,2026-11-24
INV-2862,CLI-4335,75470.14,2026-05-24
INV-2759,CLI-1078,1178232.16,2026-07-01
INV-3962,CLI-0505,60857.24,2026-06-06
INV-6530,CLI-2127,326562.06,2026-08-30
INV-1080,CLI-2846,1112545.13,2026-01-22
INV-4682,CLI-0477,1041652.66,2026-11-21
INV-2294,CLI-3664,-530762.13,2025-12-07
INV-4758,CLI-2451,1867071.59,2025-12-02
INV-5349,CLI-3207,912071.27,2026-03-29
INV-2671,CLI-3492,1522709.94,2025-12-08
INV-5996,CLI-0695,316963.00,2025-13-17
INV-3279,CLI-0273,-263773.99,2025-08-16
INV-4950,CLI-1540,N/A,2026-10-27
INV-5705,CLI-5238,1489659.35,2026-04-25
INV-6994,CLI-4543,663537.04,2025-09-11
INV-1399,CLI-2615,1447058.73,2026-07-08
INV-5881,CLI-3764,638167.35,2025-10-31
INV-3834,CLI-1391,1227649.81,2025-08-06
INV-7500,CLI-4177,1862284.91,2025-08-29
INV-6537,CLI-1071,467418.58,2026-04-29
INV-6966,CLI-3648,1281964.49,2025-11-22
INV-6050,CLI-4636,1625620.37,2026-01-11
INV-1298,CLI-2964,1278556.60,2025-10-31
INV-1064,CLI-0177,495232.35,2026-02-03
INV-2333,CLI-4408,911884.04,2026-08-08
INV-1909,CLI-0167,,05-10-2025
INV-5831,CLI-2896,929386.22,2026-09-09
INV-5210,CLI-0763,517164.71,2026-06-24
INV-7183,CLI-4884,135518.53,2025-11-11
INV-4638,CLI-2143,1370003.23,2026-03-19
INV-6454,CLI-4027,349908.37,2026-03-11
INV-4639,CLI-4176,1297507.29,2026-10-06
INV-5894,CLI-2993,898332.92,2026-03-31
INV-3987,CLI-1927,337017.26,2025-08-23
INV-3845,CLI-2639,325125.16,2026-11-18
INV-4564,CLI-4610,-1412870.05,2025-08-28
INV-2091,CLI-2560,1798413.84,
INV-3922,CLI-0458,1288968.79,2026-10-19
INV-6752,CLI-2658,487135.14,2026-09-09
INV-5809,CLI-3923,,2026-05-30
INV-2190,CLI-0732,925705.31,2026-07-02
INV-4537,CLI-2729,1990504.94,2025-12-24
INV-1531,CLI-0955,1727919.16,2025-08-13
INV-4716,CLI-3293,1114935.47,2026-03-02
INV-1111,CLI-2217,1422431.72,2026-03-11
INV-3988,CLI-3812,1757195.56,2025-09-09
INV-3130,CLI-2517,206195.47,2026-09-28
INV-4855,CLI-4174,1495187.03,2026-02-01
INV-4514,CLI-4192,171869.77,2026-11-08
INV-7204,CLI-4377,1760953.50,2026-01-25
INV-4722,CLI-3779,346403.63,2026-01-14
INV-6751,CLI-2222,1079856.89,2026-02-14
INV-3118,CLI-1436,1963783.31,2026-01-17
INV-2025,CLI-2587,1109463.48,19-12-2026
INV-6020,CLI-2214,953274.47,2025-07-19
INV-6534,CLI-2307,613532.98,2026-09-19
INV-6015,CLI-3039,58844.54,2026-06-11
INV-1424,CLI-4122,188121.20,2026-02-13
INV-2464,CLI-2845,1085666.69,2026-07-12
INV-4278,CLI-1653,570085.01,2025-06-13
INV-6949,CLI-4659,808180.45,2025-12-05
INV-2585,CLI-3336,543120.27,2025-10-30
INV-5740,CLI-4034,737091.74,12-12-2026
INV-1462,CLI-4840,665049.52,2026-09-01
INV-5045,CLI-1595,,2026-10-13
INV-5760,CLI-2162,195990.58,2025-09-11
INV-1883,CLI-3837,1693137.86,2025-11-25
INV-6439,CLI-1399,383966.46,2026-12-03
INV-2809,CLI-2535,191260.03,2025-12-24
INV-4033,CLI-0426,1712516.99,2026-01-28
INV-6339,CLI-0592,1608177.91,2026-09-04
INV-7119,CLI-4081,1215189.36,2025-10-22
INV-7076,CLI-3070,1943437.58,2026-06-09
INV-3203,CLI-1882,1880591.12,2026-06-04
INV-2342,CLI-3912,1932115.17,2025-09-22
INV-1649,CLI-0555,1719664.65,2026-01-15
INV-4702,CLI-2250,1742289.52,2026-11-07
INV-4384,CLI-1876,N/A,2026-10-07
INV-7021,CLI-2540,504493.07,2025-10-13
INV-4842,CLI-3414,298353.56,2026-08-10
INV-5994,CLI-3480,1925866.83,2025-12-28
INV-1839,CLI-0921,1391281.93,2025-07-20
INV-1261,CLI-4421,1945003.56,2026-05-05
INV-2444,CLI-3746,698987.21,2025-09-22
INV-5463,CLI-2557,1082887.98,2026-06-18
INV-3016,CLI-2072,807788.08,2026-06-11
INV-3568,CLI-1888,876709.01,2026-08-18
INV-2808,CLI-4805,1670636.13,
INV-3240,CLI-4429,723379.06,2026-08-11
INV-4541,CLI-2145,361216.06,2026-04-05
INV-5539,CLI-4751,"₹1,678,416.64",2025-06-21
INV-1428,CLI-4837,781566.66,2025-06-28
INV-5300,CLI-4168,1759413.04,2026-02-02
INV-5497,CLI-1813,907801.82,2025-09-16
INV-4400,CLI-0236,624366.51,2026-09-22
INV-2920,CLI-0475,1555302.54,2025-11-06
INV-3631,CLI-2523,1032637.66,2026-01-26
INV-6062,CLI-0775,1654110.64,2026-10-07
INV-1285,CLI-3814,628654.27,2025-12-26
INV-2284,CLI-1041,600615.64,2026-12-25
INV-4730,CLI-2050,1454658.81,2025-07-23
INV-6189,CLI-4287,1330484.36,2026-03-08
INV-4066,CLI-4798,1558561.72,2026-09-30
INV-4013,CLI-4862,516870.75,2026-03-06
INV-1325,CLI-3842,844551.93,2025-08-09
INV-5040,CLI-5043,1963312.92,2025-06-23
INV-6179,CLI-4132,,2025-06-08
INV-2245,CLI-4972,451356.17,2026-03-30
INV-3350,CLI-2487,1008395.87,2026-04-02
INV-3702,CLI-3973,395700.22,2026-02-24
INV-6983,CLI-3160,86160.14,2026-08-21
INV-1498,CLI-3159,882832.69,2025-09-17
INV-6243,CLI-1993,-1953987.89,2026-01-09
INV-5506,CLI-4725,733825.30,2025-06-08
INV-3783,CLI-3968,363000.95,2025-10-30
INV-4779,CLI-4639,1864258.08,2025-08-17
INV-4567,CLI-4581,1460512.12,2026-08-22
INV-5225,CLI-3217,1852308.64,2026-09-17
INV-4232,CLI-3243,1038384.48,2026-12-31
INV-3263,CLI-3394,1270786.50,2025-11-14
INV-2739,CLI-4433,322675.81,2026-06-24
INV-4670,CLI-4564,1273747.97,2025-10-05
INV-7422,CLI-1067,1822717.93,2026-06-05
INV-5498,CLI-4597,1466989.15,2026-07-24
INV-1168,CLI-3964,1980498.63,2025-08-14
INV-6497,CLI-3854,1535439.01,27-12-2025
INV-1680,CLI-1451,1043727.20,2026-03-24
INV-6505,CLI-2868,87950.59,2025-12-27
INV-3369,CLI-2992,485336.56,2025-08-19
INV-2981,CLI-3174,1564375.49,2026-12-23
INV-4745,CLI-0028,133772.77,2026-02-02
INV-6337,CLI-4533,,2025-08-01
INV-3052,CLI-0190,1325435.15,2026-08-16
INV-7222,CLI-3608,1523657.18,
INV-4029,CLI-0013,1434573.59,2026-11-22
INV-5179,CLI-3698,1667405.41,2025-09-13
INV-5420,CLI-4384,1891689.68,2026-02-20
INV-6731,CLI-0246,1889430.68,2026-12-15
INV-5262,CLI-2407,1608780.96,2025-06-05
INV-2445,CLI-0049,15861.40,2026-09-03
INV-4651,CLI-0089,1133391.43,2026-06-25
INV-5661,CLI-1834,1817815.74,2026-12-22
INV-4177,CLI-3250,151084.00,2025-08-19
INV-1845,CLI-1182,1013911.68,2025-10-31
INV-7239,CLI-4570,161456.16,19-10-2026
INV-6573,CLI-2334,276424.99,2025-07-09
INV-2917,CLI-2034,1177382.01,02-08-2026
INV-6290,CLI-5329,18461.45,2026-04-25
INV-4265,CLI-3532,1427023.86,2026-04-24
INV-5564,CLI-0644,202792.41,2026-05-22
INV-5797,CLI-0660,1672384.42,2026-06-11
INV-2331,CLI-4688,942692.42,28-12-2025
INV-6733,CLI-4925,1306899.15,2025-08-04
INV-1807,CLI-4631,558694.23,2026-05-09
INV-4910,CLI-1928,540798.99,2025-07-16
INV-6078,CLI-2497,793559.27,2026-06-17
INV-2498,CLI-1669,1207447.03,2026-06-20
INV-7228,CLI-3100,719536.85,2026-01-10
INV-2954,CLI-0833,1231363.92,
INV-4643,CLI-4507,1898654.99,
INV-6967,CLI-3292,852077.70,2026-08-19
INV-1553,CLI-2798,1678910.28,2025-08-22
INV-7323,CLI-1166,563539.97,2025-11-22
INV-1904,CLI-2722,1922660.17,2025-07-23
INV-5422,CLI-0817,"₹1,115,443.35",2026-05-01
INV-2699,CLI-4670,819584.77,2026-01-28
INV-4691,CLI-4100,553024.72,2026-10-04
INV-6475,CLI-4711,1430275.67,2026-01-12
INV-7055,CLI-4171,1589395.52,2026-12-14
INV-3846,CLI-1722,301395.04,2026-08-12
INV-1913,CLI-0805,1266770.71,
INV-1164,CLI-4170,1676815.59,2026-06-18
INV-3062,CLI-2711,1364306.43,2026-06-12
INV-2517,CLI-3363,132289.74,2026-04-07
INV-6092,CLI-0896,1068769.94,2025-08-22
INV-6680,CLI-2671,840468.72,2025-06-07
INV-1160,CLI-0898,865164.41,2026-02-28
INV-2291,CLI-2629,27292.26,2026-12-03
INV-4529,CLI-1282,1397780.67,2026-03-23
INV-2227,CLI-0778,185318.79,21-05-2026
INV-7417,CLI-2565,320980.37,2026-10-18
INV-2608,CLI-1475,,2025-08-13
INV-3061,CLI-1714,1891458.60,2025-11-10
INV-2657,CLI-2907,903681.42,2026-01-21
INV-4179,CLI-0944,1851094.10,2026-05-31
INV-2307,CLI-4519,1164019.37,2025-10-24
INV-2613,CLI-3829,1385094.70,2026-11-09
INV-1016,CLI-1901,1195608.05,2026-06-01
INV-4445,CLI-4707,429457.09,2026-10-01
INV-5367,CLI-0320,842001.36,2025-07-02
INV-3665,CLI-3876,1227087.48,2026-11-13
INV-1825,CLI-0542,1250702.61,2026-10-18
INV-5376,CLI-2470,,2026-01-16
INV-1876,CLI-1750,558758.04,2026-03-16
INV-2907,CLI-0663,806672.86,2026-10-15
INV-4166,CLI-2372,260539.49,2026-04-09
INV-6150,CLI-0225,1435509.31,2026-07-15
INV-3145,CLI-4169,178743.35,2026-07-24
INV-2238,CLI-4015,1726521.05,2025-12-02
INV-2250,CLI-1538,749046.60,2025-07-16
INV-2931,CLI-2335,1099255.43,2026-04-11
INV-3071,CLI-2961,1264169.36,2026-11-18
INV-4083,CLI-3948,782731.91,2026-10-18
INV-6945,CLI-0139,984758.74,2025-06-13
INV-5274,CLI-4767,623183.12,2025-09-11
INV-3391,CLI-3858,1692908.36,2026-02-18
INV-4359,CLI-3429,579299.71,2025-06-19
INV-6314,CLI-5245,136723.56,2025-12-02
INV-3620,CLI-0184,1446998.22,2026-05-24
INV-1879,CLI-3840,1714206.40,2025-07-22
INV-7487,CLI-2547,968849.06,2026-09-06
INV-5023,CLI-3310,731160.41,2025-12-27
INV-1684,CLI-1700,1403492.47,20-07-2026
INV-4995,CLI-2098,408069.26,2026-06-18
INV-3456,CLI-2367,1490988.18,2026-07-14
INV-4604,CLI-4657,200304.69,2026-12-15
INV-3799,CLI-3628,814916.23,2025-12-06
INV-6413,CLI-3252,928688.56,2026-03-08
INV-1242,CLI-3140,260812.34,2026-02-02
INV-5852,CLI-2385,303360.74,2026-08-01
INV-3556,CLI-4963,398850.49,2025-09-28
INV-4619,CLI-2467,319977.14,2026-07-28
INV-6503,CLI-3108,235433.72,
INV-4002,CLI-0944,469121.28,2026-10-26
INV-2929,CLI-0008,514369.92,2026-08-23
INV-5455,CLI-2622,393065.15,2026-09-28
INV-3490,CLI-4939,1983609.09,2026-02-13
INV-6912,CLI-3222,1503750.00,
INV-6305,CLI-3411,1999343.64,2026-01-14
INV-4570,CLI-4376,870013.74,2025-08-20
INV-1859,CLI-0771,1834123.84,2026-07-29
INV-2593,CLI-0487,524357.20,2025-08-11
INV-5681,CLI-0966,537506.52,2026-03-14
INV-6334,CLI-4786,1870057.23,2025-06-07
INV-2588,CLI-1577,572473.63,2026-10-16
INV-7380,CLI-1953,333045.21,2025-08-21
INV-6770,CLI-0288,932984.21,2026-03-09
INV-6218,CLI-2911,721954.61,2026-01-10
INV-4848,CLI-1134,80931.10,2025-08-15
INV-4428,CLI-1922,19853.01,09-12-2025
INV-6389,CLI-3552,946883.40,2026-11-21
INV-4864,CLI-2996,1884405.09,2026-10-27
INV-1961,CLI-2948,153208.40,2025-07-18
INV-5682,CLI-4199,1741017.59,27-05-2026
INV-7478,CLI-0767,895974.74,2026-03-01
INV-1398,CLI-2343,536801.43,2026-09-09
INV-1970,CLI-4476,102989.79,2026-12-05
INV-4483,CLI-0904,N/A,2026-06-25
INV-1038,CLI-2619,537625.24,2025-07-07
INV-4164,CLI-0638,409821.83,2026-10-26
INV-2005,CLI-2380,820455.79,2026-09-24
INV-4155,CLI-4740,1829431.84,2026-08-02
INV-6088,CLI-4873,1790682.65,2026-07-09
INV-1537,CLI-4158,1256808.70,2026-13-24
INV-2486,CLI-1833,371649.82,2026-06-15
INV-1849,CLI-3185,,2025-10-31
INV-1564,CLI-1792,693347.13,2025-12-20
INV-6940,CLI-2091,1629860.86,2026-05-14
INV-1219,CLI-3376,1219182.51,2026-02-15
INV-5283,CLI-2577,816504.92,2026-02-09
INV-5553,CLI-3073,297367.13,2026-01-21
INV-1752,CLI-2540,732364.99,2026-07-04
INV-6173,CLI-1948,1074148.93,2026-02-17
INV-1837,CLI-4161,88392.00,2025-10-02
INV-1108,CLI-1873,269781.90,2025-10-27
INV-7399,CLI-2926,1967089.90,2026-10-11
INV-2010,CLI-1282,1010019.43,2025-10-01
INV-4871,CLI-3402,1601826.96,2026-10-12
INV-6311,CLI-0089,1388698.34,2026-08-01
INV-1012,CLI-0544,1742223.25,2025-06-22
INV-3046,CLI-2325,1937824.59,2026-09-09
INV-5721,CLI-0318,1991409.33,2026-12-25
INV-5581,CLI-1675,1987990.56,2025-08-23
INV-3164,CLI-4534,597658.71,
INV-7147,CLI-1125,1539869.99,2026-10-16
INV-3869,CLI-5330,,2026-03-17
INV-6991,CLI-0347,399464.23,2025-06-30
INV-4059,CLI-4633,929706.78,2026-11-01
INV-1990,CLI-3615,1292860.57,2026-11-22
INV-2287,CLI-3151,1615101.16,2026-08-26
INV-1748,CLI-0248,190519.29,2026-02-16
INV-5371,CLI-4406,1500817.11,2026-02-18
INV-6438,CLI-2449,835511.18,2026-08-24
INV-3596,CLI-3154,587518.84,2026-04-03
INV-2575,CLI-2037,82294.14,2025-09-07
INV-6126,CLI-0316,1088630.45,2025-08-04
INV-1492,CLI-1656,719665.24,22-09-2025
INV-5066,CLI-4585,1711390.14,2026-11-03
INV-6204,CLI-4241,1916484.60,2026-03-28
INV-3901,CLI-1848,145285.22,2026-05-20
INV-6008,CLI-4238,1469247.87,2026-01-30
INV-3443,CLI-4579,790356.64,20-12-2025
INV-2669,CLI-0481,678436.91,2026-08-18
INV-4037,CLI-2996,715973.88,2026-12-12
INV-5656,CLI-0995,1693800.31,2026-10-06
INV-5516,CLI-2844,1357031.55,2026-05-06
INV-1201,CLI-3548,772809.43,2026-02-13
INV-4601,CLI-0686,909831.68,2026-03-11
INV-4614,CLI-0291,1370879.87,2026-04-28
INV-6412,CLI-1061,881605.66,18-10-2025
INV-2998,CLI-2338,1221760.02,2026-03-16
INV-2389,CLI-1971,1468934.62,2026-11-22
INV-2827,CLI-4572,1664091.05,2026-10-25
INV-6642,CLI-1465,1016610.03,2026-04-30
INV-2922,CLI-2854,503605.52,2026-04-21
INV-5246,CLI-0188,425007.44,2025-08-28
INV-7349,CLI-1871,1845127.64,2026-11-04
INV-5191,CLI-0253,1911723.32,24-02-2026
INV-2785,CLI-3611,621793.09,2025-06-08
INV-2247,CLI-0816,847439.66,2025-08-13
INV-1021,CLI-0627,261941.41,2026-13-05
INV-6139,CLI-1839,1690783.17,2026-12-01
INV-3027,CLI-1007,1856064.80,2026-09-11
INV-3725,CLI-4724,818449.99,2026-05-12
INV-4339,CLI-3439,1399695.86,2026-04-23
INV-3518,CLI-4786,1269620.71,2026-11-05
INV-6918,CLI-2824,834046.59,2026-11-22
INV-1794,CLI-4488,1260003.69,2026-10-12
INV-4075,CLI-2416,1116202.61,2025-11-26
INV-2020,CLI-3617,1226247.07,2025-12-04
INV-6513,CLI-1075,23661.12,2026-12-19
INV-7220,CLI-1421,1999488.60,2025-10-02
INV-1679,CLI-1957,378747.71,2026-04-08
INV-2042,CLI-1995,1471351.31,2026-05-01
INV-1527,CLI-2664,732787.31,2026-13-31
INV-3087,CLI-3961,137231.54,2025-06-30
INV-5692,CLI-3550,,2026-12-10
INV-1204,CLI-2627,1853514.22,12-08-2025
INV-1054,CLI-3082,1320517.01,2026-11-25
INV-2526,CLI-4703,777478.38,2025-06-15
INV-5124,CLI-3079,742203.46,2025-06-19
INV-3765,CLI-4722,369101.88,2026-07-04
INV-6200,CLI-2355,1233683.36,2025-06-20
INV-7454,CLI-1414,1070512.70,2026-03-03
INV-6910,CLI-3888,1740883.80,2026-02-24
INV-1383,CLI-3334,1002195.88,2026-07-17
INV-1568,CLI-2045,113756.64,2026-07-18
INV-3159,CLI-0058,515930.23,2025-09-15
INV-2000,CLI-4407,1697445.80,2026-01-13
INV-1986,CLI-3499,331871.77,2025-08-17
INV-4091,CLI-2812,472930.71,2026-06-15
INV-1187,CLI-2520,138801.84,2025-11-22
INV-1676,CLI-3004,124066.72,2026-08-02
INV-2535,CLI-4348,1972226.54,2026-12-17
INV-7118,CLI-0005,555529.42,2026-04-17
INV-1526,CLI-4163,145121.56,2026-06-03
INV-2140,CLI-3205,358279.34,2025-07-11
INV-1451,CLI-1884,1141752.05,2026-01-29
INV-3565,CLI-4521,"₹396,372.52",2025-07-13
INV-2791,CLI-3247,,2025-09-14
INV-4348,CLI-2508,676982.97,2026-08-28
INV-1989,CLI-3971,1954082.29,2026-01-24
INV-3085,CLI-0590,1471273.93,2026-02-14
INV-1554,CLI-1240,30669.05,2026-02-04
INV-2236,CLI-2140,188398.26,2026-03-13
INV-4475,CLI-2207,1023192.58,2026-04-14
INV-4914,CLI-2197,1001657.52,2026-01-31
INV-5985,CLI-2672,605659.74,2026-03-06
INV-4588,CLI-4490,769173.05,2026-09-06
INV-3774,CLI-2685,523758.76,2026-10-24
INV-7084,CLI-1933,1206036.98,21-09-2026
INV-4249,CLI-2165,1803574.68,2026-05-30
INV-7490,CLI-2574,1652207.80,2026-05-17
INV-4893,CLI-5119,1539090.20,12-10-2026
INV-2312,CLI-3016,1134457.58,2025-06-24
INV-3247,CLI-3160,427956.37,2025-12-18
INV-1916,CLI-2401,1753757.24,2026-07-09
INV-2456,CLI-0743,356850.47,2025-11-17
INV-4181,CLI-2240,325113.73,2025-08-15
INV-1900,CLI-4666,1035977.34,2026-08-19
INV-5235,CLI-4636,1404297.29,07-12-2025
INV-6635,CLI-0527,N/A,2026-05-06
INV-4912,CLI-3581,-161621.75,2025-07-22
INV-1699,CLI-0624,863994.08,2025-07-28
INV-2684,CLI-0568,1726679.90,2025-11-01
INV-2196,CLI-3268,1446982.69,2026-08-23
INV-2127,CLI-1431,1620429.53,2026-04-15
INV-3102,CLI-2825,1535954.75,2026-03-05
INV-4057,CLI-2949,357081.59,2025-07-09
INV-3259,CLI-4234,1068760.92,2026-01-04
INV-2796,CLI-4635,1307084.19,2026-12-26
INV-2082,CLI-0676,533786.18,2026-02-14
INV-3011,CLI-3952,138762.09,2026-07-18
INV-6180,CLI-3760,1235159.61,2026-03-16
INV-5829,CLI-5409,122336.26,2026-04-26
INV-5201,CLI-1346,1110487.37,2025-09-11
INV-2383,CLI-1469,1749029.25,2026-09-30
INV-6789,CLI-2213,423800.30,2026-02-25
INV-5472,CLI-1647,1724850.39,2026-01-31
INV-5005,CLI-3258,69549.31,2025-07-06
INV-6957,CLI-0163,1032401.81,2025-06-07
INV-1591,CLI-4734,1237521.90,2026-07-11
INV-4382,CLI-1517,1071538.98,2025-07-28
INV-4761,CLI-1133,519355.96,2025-11-15
INV-2316,CLI-1874,1554902.43,2025-11-08
INV-1454,CLI-3434,426900.69,2026-04-11
INV-3317,CLI-2169,"₹1,326,274.13",2026-05-07
INV-1121,CLI-1770,N/A,2025-12-09
INV-6089,CLI-2328,1558300.87,2026-10-25
INV-1409,CLI-0961,1481692.07,2026-04-10
INV-2720,CLI-4908,,2025-08-24
INV-3865,CLI-1648,739519.98,2026-09-16
INV-1773,CLI-0783,,09-04-2026
INV-2394,CLI-3121,630424.63,2026-03-16
INV-1177,CLI-4933,1995941.02,2026-08-29
INV-6579,CLI-2899,1932835.71,2026-05-31
INV-1716,CLI-1383,733922.61,2025-11-20
INV-1654,CLI-1134,561398.42,2026-04-25
INV-6707,CLI-0630,1109081.28,2026-12-27
INV-4299,CLI-1501,957322.07,2025-09-25
INV-4046,CLI-4881,892399.17,2025-06-13
INV-2516,CLI-1252,780453.16,2025-11-12
INV-5921,CLI-0443,1753794.18,2026-06-30
INV-5419,CLI-3896,703878.57,2026-01-05
INV-7315,CLI-3943,348611.15,2025-10-20
INV-2632,CLI-1203,1486021.07,2025-06-19
INV-6921,CLI-0436,1911384.14,2026-12-03
INV-4455,CLI-3031,1956582.17,2026-02-11
INV-1962,CLI-3582,393943.84,2025-11-02
INV-2556,CLI-3980,1024440.95,2026-04-21
INV-2547,CLI-1641,1430238.63,2026-03-18
INV-2360,CLI-1835,959006.96,2026-09-22
INV-2007,CLI-2755,477307.21,2026-06-16
INV-5387,CLI-5191,1514496.06,2026-07-16
INV-5998,CLI-3746,880067.95,2026-06-28
INV-6046,CLI-0249,803051.19,05-02-2026
INV-3892,CLI-3780,1982846.46,2026-13-16
INV-2201,CLI-0512,1290220.47,28-03-2026
INV-7170,CLI-0386,-1452201.66,2025-07-23
INV-4300,CLI-1108,1631993.12,2025-07-25
INV-6125,CLI-3340,1406487.12,2025-11-19
INV-5969,CLI-4495,952734.60,2026-11-23
INV-2209,CLI-0854,1863039.94,2026-03-25
INV-3132,CLI-3823,587181.25,2025-12-08
INV-4355,CLI-1367,759285.36,
INV-6587,CLI-2734,456628.05,2025-08-08
INV-5072,CLI-0093,,2025-08-28
INV-2918,CLI-4351,1023903.62,2026-02-05
INV-5136,CLI-3430,201509.19,2026-06-07
INV-5069,CLI-0033,1295250.63,2026-03-08
INV-1443,CLI-2900,1159736.40,2025-11-21
INV-2686,CLI-3843,907375.58,2026-12-29
INV-1018,CLI-0629,1422991.87,2026-12-25
INV-6740,CLI-4858,874096.08,2025-07-08
INV-4405,CLI-1159,1396779.61,2026-04-11
INV-6641,CLI-0875,620060.44,2026-09-12
INV-2077,CLI-4785,712537.42,2026-10-24
INV-5764,CLI-1605,1979130.54,
INV-2610,CLI-4332,1488041.88,2026-01-21
INV-5535,CLI-0506,428125.10,20-10-2026
INV-1280,CLI-0988,961471.23,2026-12-19
INV-4918,CLI-0392,1298753.69,2026-10-29
INV-4004,CLI-3986,1234457.20,2026-12-19
INV-1166,CLI-1807,1338119.48,2025-11-10
INV-2385,CLI-2931,97933.12,2026-05-04
INV-6864,CLI-0588,1787632.00,2025-10-24
INV-3874,CLI-4794,"₹1,378,070.49",2025-07-16
INV-2623,CLI-3153,1339118.42,2025-12-07
INV-1066,CLI-3843,595555.99,2026-05-05
INV-1284,CLI-0533,671698.61,2026-07-26
INV-6086,CLI-2817,1859910.42,
INV-7394,CLI-2242,1963357.98,2025-10-24
INV-6675,CLI-3480,1450922.75,2026-07-01
INV-3681,CLI-1616,991964.76,2026-04-26
INV-3438,CLI-3686,887682.93,2026-12-30
INV-5002,CLI-2733,1433045.15,10-11-2025
INV-1430,CLI-1205,1598964.38,2025-08-05
INV-2603,CLI-3360,,2025-08-16
INV-1708,CLI-1399,1127999.01,2026-12-18
INV-3931,CLI-1606,1511797.12,2026-12-21
INV-6009,CLI-1626,1250341.10,2026-08-17
INV-1976,CLI-3497,756970.95,2026-06-29
INV-3083,CLI-0004,"₹245,981.25",2025-12-03
INV-6538,CLI-4236,627983.38,2026-02-09
INV-1484,CLI-2469,"₹503,353.02",2026-08-15
INV-5025,CLI-2296,1958602.33,2026-01-28
INV-3514,CLI-1339,839210.99,2026-05-31
INV-7182,CLI-4551,458608.56,2026-03-30
INV-4706,CLI-4545,66113.23,2026-11-12
INV-7148,CLI-0787,1177254.73,2026-12-07
INV-1286,CLI-0557,1636163.39,2026-11-10
INV-1385,CLI-0238,197384.40,2025-07-10
INV-5759,CLI-4349,407350.94,2026-11-02
INV-2472,CLI-4222,577956.58,2026-02-02
INV-5086,CLI-0512,473246.50,2026-03-30
INV-4289,CLI-1355,682230.20,2026-01-31
INV-1901,CLI-0643,1746851.73,2026-04-30
INV-2939,CLI-2021,953876.56,2026-13-16
INV-5358,CLI-1883,1021557.30,2025-06-11
INV-2691,CLI-2658,518400.23,2026-05-07
INV-2941,CLI-4063,1778945.81,2026-06-06
INV-2947,CLI-0988,1972258.23,2026-11-12
INV-2048,CLI-1221,97697.75,2025-06-22
INV-4410,CLI-4404,1385300.06,2026-04-23
INV-3975,CLI-0505,1387883.22,2025-10-13
INV-7451,CLI-0109,1166284.76,2025-08-30
INV-7117,CLI-4062,1502961.06,2025-12-26
INV-3333,CLI-1613,1002704.88,2026-04-30
INV-1826,CLI-1617,1876145.30,2026-08-01
INV-6877,CLI-3882,1952058.38,2026-05-16
INV-1282,CLI-1805,371701.95,2026-03-21
INV-4954,CLI-3728,1514931.17,2026-02-23
INV-2188,CLI-3897,1481852.12,
INV-4354,CLI-1585,1399060.43,2025-06-08
INV-6138,CLI-0278,1745962.26,2026-05-06
INV-5911,CLI-4592,444482.59,2026-04-07
INV-2805,CLI-2230,758842.82,01-10-2025
INV-2070,CLI-3329,1918697.82,2026-12-27
INV-5169,CLI-3825,1504587.44,2026-06-23
INV-5528,CLI-4576,472287.75,2026-07-10
INV-6002,CLI-4741,1321221.15,2025-06-02
INV-4175,CLI-0738,1597151.83,2026-07-20
INV-3621,CLI-2243,33444.00,2025-07-29
INV-3666,CLI-2880,808676.09,2026-08-21
INV-4478,CLI-3065,1504974.21,2025-12-23
INV-4860,CLI-3942,476059.92,2026-05-31
INV-2003,CLI-3112,647558.51,2026-06-09
INV-6077,CLI-1658,29995.00,2026-08-12
INV-3106,CLI-4826,1501961.90,2026-03-14
INV-5927,CLI-4657,1489176.74,2026-09-17
INV-4743,CLI-1673,564117.38,2025-10-27
INV-4699,CLI-1986,676510.36,2026-01-20
INV-2408,CLI-5469,171437.61,2025-06-06
INV-1811,CLI-3098,1552654.33,2026-08-29
INV-6148,CLI-2900,1611133.79,2025-12-09
INV-4734,CLI-3749,194779.25,2026-09-13
INV-1499,CLI-2433,614890.77,2026-11-02
INV-1628,CLI-4177,337854.01,2025-06-05
INV-4186,CLI-4738,1710643.10,29-03-2026
INV-3429,CLI-1787,90886.97,2025-12-09
INV-2418,CLI-1575,1783680.20,2025-07-19
INV-5413,CLI-0814,1734603.39,2026-05-30
INV-2674,CLI-0104,647345.42,2026-03-31
INV-7373,CLI-0775,83234.74,
INV-5492,CLI-4581,1820789.71,2026-02-27
INV-4204,CLI-0217,1457528.27,
INV-3072,CLI-0146,1665993.30,2026-03-27
INV-4660,CLI-0375,1579849.29,2026-02-04
INV-1128,CLI-4656,1976346.30,2025-07-23
INV-2643,CLI-0989,1274816.57,2026-04-30
INV-6852,CLI-2496,1376924.05,2025-10-04
INV-6762,CLI-2883,,2026-06-06
INV-5628,CLI-0798,681641.42,2025-09-24
INV-6564,CLI-1125,19737.61,2026-01-11
INV-7291,CLI-3883,1278926.73,2026-07-07
INV-1998,CLI-0596,1571972.44,2025-08-23
INV-5796,CLI-1629,,2025-11-02
INV-1691,CLI-3100,N/A,2026-05-27
INV-7078,CLI-2808,1551577.38,2026-09-07
INV-1590,CLI-4511,1879937.96,2025-09-11
INV-3830,CLI-3071,1926704.63,2025-08-19
INV-6120,CLI-3177,287609.14,2025-08-22
INV-6509,CLI-3123,762250.10,2026-07-03
INV-1105,CLI-2903,1423952.59,2026-05-29
INV-5236,CLI-2530,1754558.82,2026-10-25
INV-5187,CLI-2595,271303.24,2025-11-13
INV-5378,CLI-3051,320672.31,2026-05-19
INV-7347,CLI-3451,,2026-10-06
INV-4808,CLI-3616,604649.07,2026-07-23
INV-3405,CLI-0630,674184.76,2026-02-19
INV-5837,CLI-4949,,2026-06-16
INV-6171,CLI-4379,416923.73,2026-12-15
INV-6726,CLI-2850,857992.27,2026-01-19
INV-7420,CLI-1576,81822.70,2025-12-13
INV-3594,CLI-0611,,2026-11-15
INV-4595,CLI-4575,700572.15,2025-08-21
INV-1936,CLI-0590,370910.88,2026-06-23
INV-5494,CLI-0780,1857655.43,2025-12-27
INV-2126,CLI-2374,797370.26,2025-10-23
INV-4213,CLI-3994,1338045.22,2026-01-10
INV-7328,CLI-3013,1661648.68,2026-03-10
INV-2923,CLI-4834,1035582.52,2025-10-31
INV-7179,CLI-0881,1202634.20,2025-07-03
INV-5350,CLI-0354,1780386.04,2026-09-08
INV-6364,CLI-2963,N/A,2026-01-01
INV-5128,CLI-3561,773505.88,2026-05-07
INV-3392,CLI-1580,530173.10,2025-07-07
INV-1185,CLI-2663,513658.56,2026-06-19
INV-4151,CLI-0118,474036.10,2026-11-19
INV-6155,CLI-5053,357171.87,2025-08-16
INV-6318,CLI-2310,500036.29,2026-04-21
INV-3224,CLI-1047,1561892.56,2026-06-25
INV-4813,CLI-1432,1903515.61,05-05-2026
INV-7407,CLI-3078,1842561.91,2026-12-17
INV-7333,CLI-3666,1277630.05,2026-01-11
INV-3826,CLI-2383,1698162.29,2025-08-23
INV-7082,CLI-2696,1832491.36,2026-10-31
INV-3559,CLI-1839,244148.16,2025-11-15
INV-6112,CLI-2750,1239025.39,2025-11-01
INV-2615,CLI-2396,481106.74,2026-09-04
INV-6352,CLI-0381,447477.65,2026-11-09
INV-2706,CLI-0596,1246388.63,2025-11-12
INV-6301,CLI-4749,429848.46,2026-08-08
INV-6156,CLI-1397,562278.10,2026-06-22
INV-2716,CLI-4260,1730369.07,2025-09-03
INV-5104,CLI-0940,1249802.96,2026-07-01
INV-6857,CLI-2472,1350158.59,2026-12-26
INV-1931,CLI-1616,776780.43,2026-06-16
INV-2092,CLI-3981,566229.26,2025-10-02
INV-3048,CLI-2239,1238783.26,2026-10-29
INV-2630,CLI-2271,539073.44,2026-12-11
INV-1460,CLI-1919,646692.39,2026-06-18
INV-4883,CLI-0959,1128583.89,2026-07-20
INV-5247,CLI-0980,152712.73,2026-02-22
INV-4854,CLI-3531,58034.98,2026-02-03
INV-2430,CLI-2672,1775732.98,2026-02-24
INV-1416,CLI-2362,360176.66,2026-10-27
INV-4356,CLI-1696,943522.84,2026-06-17
INV-6349,CLI-1930,1381453.73,2025-10-08
INV-2642,CLI-4275,"₹1,342,298.77",
INV-4818,CLI-1913,1426024.14,2025-10-07
INV-5717,CLI-3261,1400416.84,2026-03-23
INV-5458,CLI-4157,1109607.61,2026-03-20
INV-1417,CLI-3613,1458237.70,2026-04-27
INV-6608,CLI-2907,195504.14,2026-12-06
INV-1226,CLI-1154,657406.41,2026-07-02
INV-7449,CLI-2138,1439546.21,2025-07-15
INV-3630,CLI-2096,220204.38,2026-08-16
INV-2136,CLI-3206,1116520.43,15-11-2025
INV-3635,CLI-0495,8682.98,2025-08-05
INV-6306,CLI-1734,152273.56,2025-11-07
INV-2495,CLI-3874,817295.85,2025-10-27
INV-6132,CLI-2336,1597390.44,2026-09-22
INV-6870,CLI-0498,1424729.30,2025-10-18
INV-5922,CLI-3826,1031920.94,2026-12-04
INV-2886,CLI-2354,154766.42,2026-05-19
INV-3750,CLI-2247,796996.73,2026-03-02
INV-2062,CLI-2432,1743000.03,2025-12-06
INV-3908,CLI-1459,1386045.07,2026-07-04
INV-3911,CLI-0917,1964081.93,2026-06-08
INV-4898,CLI-3227,1645520.49,2025-12-22
INV-7246,CLI-3922,1913542.87,2025-11-11
INV-5316,CLI-1678,1590736.98,2026-04-24
INV-3396,CLI-0057,880229.60,2026-04-26
INV-3336,CLI-0348,1755506.85,2025-09-07
INV-4195,CLI-3084,1342174.31,2026-02-19
INV-5903,CLI-2048,1379418.60,2026-08-15
INV-4596,CLI-3926,1260348.37,2025-11-13
INV-1162,CLI-3593,1095430.75,2026-03-04
INV-7292,CLI-1623,258691.91,2026-12-02
INV-2582,CLI-3666,122940.29,2026-11-27
INV-5802,CLI-1690,227230.60,
INV-1507,CLI-4829,1907665.52,2026-04-04
INV-6377,CLI-1312,1760482.92,2025-11-25
INV-5308,CLI-3734,655909.94,2026-05-21
INV-5753,CLI-1909,465301.85,2025-12-14
INV-5438,CLI-2449,30981.56,2025-07-10
INV-7253,CLI-4259,,2025-08-02
INV-5223,CLI-2833,192377.29,2025-08-28
INV-4106,CLI-4878,526770.86,2025-09-19
INV-6781,CLI-4490,566235.25,2025-10-23
INV-5393,CLI-4808,1082288.44,2025-07-19
INV-5107,CLI-3691,1803038.59,2025-06-24
INV-1995,CLI-1484,681200.19,2026-02-12
INV-3258,CLI-1684,1938727.34,2026-04-10
INV-6492,CLI-1567,1981158.58,2025-09-11
INV-7295,CLI-2539,1027904.80,2026-03-10
INV-3776,CLI-4185,,2026-04-13
INV-7063,CLI-4921,1273065.01,2026-04-14
INV-6192,CLI-2775,505529.28,2026-10-21
INV-4606,CLI-4399,,
INV-5015,CLI-3386,734955.09,
INV-6747,CLI-0743,605841.07,2026-07-02
INV-7197,CLI-3826,1862463.07,2026-12-27
INV-3222,CLI-0201,1405894.11,2026-12-13
INV-1600,CLI-4057,1493796.27,02-02-2026
INV-3531,CLI-3476,1033545.60,2026-06-30
INV-6323,CLI-3110,"₹1,314,508.74",2026-07-14
INV-4248,CLI-2724,916233.57,2026-05-28
INV-2898,CLI-2168,1794643.11,03-11-2026
INV-4020,CLI-2607,324301.86,2025-10-16
INV-6116,CLI-1728,,2025-10-26
INV-6769,CLI-1918,1298445.27,2025-07-19
INV-4081,CLI-3613,322618.35,2026-02-17
INV-7269,CLI-2465,154171.11,2026-05-27
INV-4562,CLI-1604,1813206.20,2026-07-08
INV-1400,CLI-1965,1207606.97,2026-12-19
INV-3508,CLI-1271,658170.61,2026-11-06
INV-2804,CLI-2667,1948396.97,2025-07-07
INV-5442,CLI-0655,1826161.95,
INV-1300,CLI-0713,1434016.81,2026-04-09
INV-4777,CLI-2425,1916836.58,2026-07-02
INV-6012,CLI-2024,464871.56,2026-04-10
INV-6648,CLI-2614,1382249.26,2025-12-15
INV-6048,CLI-1653,658888.21,2026-01-18
INV-6242,CLI-4710,842204.22,2025-07-23
INV-2614,CLI-1774,146875.74,2026-02-01
INV-2429,CLI-4561,344955.78,2026-10-17
INV-6326,CLI-3822,1697386.59,2026-06-21
INV-6102,CLI-0281,1418404.72,2026-08-15
INV-4958,CLI-2092,1831839.42,2025-08-21
INV-3757,CLI-1144,1526706.01,2025-10-12
INV-2583,CLI-0539,1729738.48,2026-10-20
INV-6468,CLI-4681,723296.28,2025-11-14
INV-1723,CLI-2616,1625215.81,2026-05-07
INV-1271,CLI-3428,1178537.76,2026-02-14
INV-4025,CLI-4090,683764.64,2026-11-22
INV-7158,CLI-1259,"₹1,667,443.52",25-12-2026
INV-7445,CLI-4979,139703.17,2026-07-04
INV-5723,CLI-1161,1309531.44,2026-10-23
INV-5725,CLI-2532,538588.97,2025-06-07
INV-5711,CLI-0114,1376977.34,2026-01-10
INV-2004,CLI-4648,138978.64,2026-01-16
INV-4632,CLI-3771,1008557.88,2025-06-09
INV-6367,CLI-4188,202346.00,2025-08-20
INV-2663,CLI-0633,1240384.98,2026-07-18
INV-1321,CLI-2951,171352.57,2026-08-12
INV-5551,CLI-4086,901558.91,2026-01-12
INV-2160,CLI-0743,1773878.26,2025-12-22
INV-4896,CLI-1613,246632.86,2025-06-21
INV-6838,CLI-0828,5290.39,2026-06-15
INV-5634,CLI-3753,716149.02,2026-01-18
INV-4624,CLI-1604,660757.21,2026-04-05
INV-2555,CLI-3679,592133.48,2026-07-01
INV-6157,CLI-0632,1025933.25,27-07-2025
INV-7456,CLI-0781,813434.32,2026-03-07
INV-6946,CLI-0950,704678.30,
INV-1100,CLI-1894,1500291.15,2026-04-01
INV-6457,CLI-3190,288527.03,2026-01-02
INV-4599,CLI-1796,1400225.61,2025-11-30
INV-4312,CLI-1535,"₹1,884,421.70",2026-05-05
INV-4928,CLI-3459,-725898.13,2026-07-17
INV-4244,CLI-3693,1477483.20,2026-09-24
INV-5425,CLI-2150,83219.41,2026-07-18
INV-6903,CLI-3081,741538.08,2026-06-13
INV-6856,CLI-0642,1337010.64,
INV-1436,CLI-4190,1924038.52,2025-10-15
INV-3238,CLI-3098,691723.41,2026-09-04
INV-2682,CLI-4713,1957614.48,2026-07-28
INV-6738,CLI-2033,1766799.87,2026-06-14
INV-6313,CLI-0725,869915.58,2025-07-04
INV-4857,CLI-1796,159866.55,2025-08-03
INV-5138,CLI-3837,"₹872,298.12",2025-06-20
INV-6480,CLI-2509,,2025-06-14
INV-5211,CLI-1798,409947.50,2025-08-27
INV-5055,CLI-1051,539829.56,2026-03-03
INV-1519,CLI-4058,-486420.40,2026-08-08
INV-2834,CLI-4587,1922079.59,2025-07-21
INV-6055,CLI-4660,316990.64,2026-02-23
INV-5856,CLI-1167,245081.87,2026-09-12
INV-3629,CLI-0480,1226244.69,2025-10-11
INV-6989,CLI-0177,459870.08,2026-07-14
INV-3560,CLI-1433,-1631624.12,2025-08-30
INV-6565,CLI-4214,244045.04,2026-02-02
INV-7214,CLI-3397,,2026-05-06
INV-2194,CLI-3119,718523.86,07-08-2026
INV-2068,CLI-4626,1161201.44,2026-09-02
INV-2318,CLI-3079,203782.20,2026-11-05
INV-5193,CLI-3171,1797471.84,2026-11-30
INV-5251,CLI-2336,1597924.09,2025-06-15
INV-3993,CLI-1960,1723742.81,2025-09-23
INV-4897,CLI-0436,311690.51,2026-04-09
INV-1375,CLI-0542,1350444.09,2026-03-07
INV-3329,CLI-4467,1146516.88,2026-09-05
INV-5505,CLI-4831,699290.94,2026-04-26
INV-1103,CLI-3502,186156.72,2026-10-25
INV-1306,CLI-3091,1217094.60,2026-12-28
INV-2109,CLI-1238,1951383.60,2026-03-24
INV-1569,CLI-3737,1580424.32,2025-10-07
INV-1093,CLI-4775,,2025-10-03
INV-6616,CLI-3152,742986.05,2026-01-11
INV-6896,CLI-2280,1232179.49,2026-04-25
INV-3786,CLI-2078,726175.62,2025-08-27
INV-2093,CLI-2214,11786.90,2025-11-22
INV-4704,CLI-2517,999801.21,2026-08-29
INV-2199,CLI-3876,637621.76,2026-03-26
INV-4424,CLI-4117,1298014.39,2025-08-05
INV-4317,CLI-4668,838074.63,2025-08-12
INV-6332,CLI-5118,1187317.53,2026-07-20
INV-6023,CLI-0449,516483.84,2026-04-01
INV-5932,CLI-0115,71948.01,2026-12-17
INV-1326,CLI-1667,990449.38,2026-10-19
INV-2060,CLI-2494,728825.83,2026-11-05
INV-2721,CLI-5348,468648.81,2026-02-24
INV-2528,CLI-1308,975255.54,2025-07-19
INV-7402,CLI-2040,1411567.21,2026-08-20
INV-2054,CLI-2555,-674751.74,2026-04-05
INV-5965,CLI-1483,510742.96,2026-07-15
INV-4402,CLI-2635,473526.38,2026-06-26
INV-2357,CLI-3807,873181.82,2026-04-10
INV-4905,CLI-3634,529869.19,2026-09-02
INV-4940,CLI-3539,439802.51,2026-04-21
INV-1467,CLI-0421,169170.55,2026-10-17
INV-6074,CLI-3121,1707196.18,2026-03-19
INV-6272,CLI-1120,1555151.07,2025-07-14
INV-2514,CLI-2009,1550691.59,2026-12-12
INV-4349,CLI-1606,5155.50,2025-06-11
INV-1718,CLI-2308,594897.18,2026-01-24
INV-6449,CLI-3842,365305.13,2025-06-20
INV-4796,CLI-5019,1224612.85,2026-03-05
INV-4017,CLI-1892,1140169.78,2025-06-02
INV-2232,CLI-5038,1558121.21,2025-11-12
INV-2740,CLI-4273,884167.52,2025-12-02
INV-4830,CLI-4372,511760.90,2026-04-19
INV-1422,CLI-0400,682510.67,2026-09-20
INV-3968,CLI-2741,1985322.51,2025-10-02
INV-5293,CLI-0206,1500107.94,2025-07-15
INV-5568,CLI-0226,132946.06,2025-08-13
INV-5285,CLI-1357,1317758.65,2026-12-23
INV-3463,CLI-1780,1700372.33,2026-09-04
INV-3972,CLI-2991,1633466.70,2025-11-23
INV-1124,CLI-4276,773805.50,2026-06-27
INV-6443,CLI-3337,873772.99,2025-08-26
INV-5613,CLI-4023,1457913.11,2025-10-22
INV-3947,CLI-1102,1796567.36,2026-06-23
INV-4531,CLI-1501,338672.75,2026-11-16
INV-3547,CLI-4676,721818.00,2025-10-23
INV-5649,CLI-1634,"₹266,654.89",2026-13-12
INV-3192,CLI-4292,1473646.14,2025-11-12
INV-3864,CLI-3973,1275054.62,2026-09-20
INV-5695,CLI-3158,1499665.46,2026-01-01
INV-4518,CLI-1198,1834015.65,2026-07-01
INV-3262,CLI-4289,1349419.21,2026-13-05
INV-7332,CLI-2079,1068311.59,2025-12-25
INV-2728,CLI-0841,425388.51,2026-12-11
INV-6035,CLI-0305,817071.25,2026-12-17
INV-2974,CLI-1581,840977.00,2026-01-15
INV-2980,CLI-4888,65957.09,2025-07-12
INV-7010,CLI-0235,1544220.62,2026-09-23
INV-2276,CLI-0566,1438674.10,2025-09-04
INV-4097,CLI-4603,899424.54,2026-09-03
INV-6900,CLI-2756,1441059.88,2026-12-30
INV-6097,CLI-0830,1773325.40,2025-12-04
INV-6545,CLI-4895,1653448.79,2026-04-15
INV-3577,CLI-4718,1160157.77,2025-12-30
INV-1633,CLI-0274,1749771.04,2025-07-31
INV-6372,CLI-0741,1917025.26,16-06-2026
INV-5253,CLI-4592,1008272.08,2025-12-22
INV-3710,CLI-3428,-588678.03,2026-07-21
INV-4364,CLI-3634,468666.45,2026-03-21
INV-4352,CLI-4890,179920.43,2026-12-06
INV-4118,CLI-0581,N/A,2026-09-11
INV-5439,CLI-1116,343807.00,2025-09-23
INV-1470,CLI-4067,513316.54,2026-12-30
INV-1435,CLI-3938,334289.68,2026-12-07
INV-5556,CLI-3559,643960.52,2026-12-02
INV-3015,CLI-1064,609577.25,
INV-3245,CLI-4793,534683.05,2026-11-03
INV-1304,CLI-4087,"₹808,734.50",2025-06-25
INV-3390,CLI-2744,248718.51,2025-08-21
INV-7244,CLI-3692,159355.74,30-05-2026
INV-3096,CLI-2464,767059.73,2026-02-14
INV-3919,CLI-3988,"₹266,825.03",2025-08-09
INV-6730,CLI-1244,N/A,2025-09-29
INV-1619,CLI-4831,77521.08,2026-01-20
INV-4920,CLI-0294,1038671.25,2026-05-06
INV-5411,CLI-4158,1731141.26,2026-03-25
INV-6354,CLI-0488,587875.75,2026-08-31
INV-6415,CLI-3743,650680.55,2026-02-03
INV-5495,CLI-1854,549057.12,2026-10-24
INV-5477,CLI-5215,862125.11,2026-04-26
INV-6003,CLI-0273,139147.20,2026-04-08
INV-3322,CLI-4403,1508467.14,2026-09-09
INV-4642,CLI-1087,978931.74,2026-12-27
INV-1453,CLI-3358,1239849.59,
INV-1014,CLI-2755,735941.88,2026-09-10
INV-1783,CLI-0549,1820965.92,2026-04-27
INV-5101,CLI-1813,1086230.93,28-07-2025
INV-6350,CLI-0710,,2026-05-19
INV-7068,CLI-1375,30140.87,2026-04-17
INV-3670,CLI-0329,888570.88,2025-09-17
INV-4581,CLI-2201,428998.22,2025-08-31
INV-7429,CLI-0700,269004.53,2026-07-16
INV-1772,CLI-3566,1503995.19,2026-02-17
INV-2790,CLI-2144,237115.38,2026-05-19
INV-3036,CLI-1152,427841.02,2026-08-13
INV-7282,CLI-3293,89745.18,2025-08-10
INV-5238,CLI-4486,322014.53,2025-11-16
INV-5925,CLI-4154,1390357.35,2026-05-16
INV-6426,CLI-2459,1373810.32,2026-13-01
INV-6226,CLI-0140,1840854.65,2025-07-07
INV-2213,CLI-4317,458706.38,2025-06-15
INV-1247,CLI-4918,428654.66,2026-02-08
INV-6238,CLI-0760,998149.57,2025-10-16
INV-6772,CLI-3740,112102.92,
INV-2696,CLI-3324,620627.91,2025-09-30
INV-4733,CLI-2280,206171.15,2026-08-13
INV-5708,CLI-1851,1209946.93,2026-12-04
INV-6986,CLI-2972,1757966.87,2026-08-10
INV-7358,CLI-4990,146207.48,2025-09-09
INV-2142,CLI-3678,1249284.14,2026-11-30
INV-4438,CLI-0225,1716512.03,2025-07-19
INV-4707,CLI-0932,1410087.53,2026-04-02
INV-6309,CLI-3655,1482767.42,2026-12-25
INV-1376,CLI-0891,1029943.17,2026-10-08
INV-4497,CLI-2011,987047.22,
INV-1858,CLI-2222,1787224.40,2026-12-18
INV-2527,CLI-3269,1707771.12,2026-10-30
INV-1672,CLI-1235,865029.53,2025-12-13
INV-6585,CLI-1045,775029.22,2026-11-06
INV-2702,CLI-0216,555157.66,2026-08-25
INV-5366,CLI-4711,1688566.84,2026-07-11
INV-1448,CLI-3634,871924.22,2026-09-24
INV-2828,CLI-1165,1777084.47,2026-02-19
INV-1576,CLI-3169,221499.06,2026-05-02
INV-2014,CLI-0389,1178039.41,2026-09-24
INV-1860,CLI-4658,731328.64,2026-06-07
INV-5979,CLI-1120,710070.74,2026-12-06
INV-2734,CLI-3954,1584244.57,2026-08-17
INV-3740,CLI-1388,839150.94,2026-07-11
INV-7297,CLI-2209,805696.45,2025-07-17
INV-3863,CLI-0186,1897211.33,2026-06-14
INV-5729,CLI-0355,314815.73,2025-10-12
INV-6053,CLI-0719,1494509.73,2025-06-23
INV-3241,CLI-4104,956521.90,2025-11-19
INV-3065,CLI-1880,1190625.30,
INV-4762,CLI-3870,75716.61,2025-07-10
INV-7088,CLI-0574,-1578734.97,2026-03-26
INV-7473,CLI-2396,1000772.94,2026-06-29
INV-2801,CLI-4681,1912069.18,2025-06-08
INV-6757,CLI-3473,781029.53,2026-11-14
INV-5639,CLI-5476,856673.99,2026-07-24
INV-5337,CLI-2599,938275.46,2026-01-26
INV-6211,CLI-3347,1486918.69,2026-06-17
INV-1805,CLI-2646,576541.59,2025-06-05
INV-5830,CLI-3201,386012.23,2026-12-15
INV-5683,CLI-3561,1613231.88,2026-10-29
INV-3771,CLI-0914,435760.34,2026-09-27
INV-5098,CLI-1655,535084.03,2026-13-13
INV-5436,CLI-3636,642085.41,2025-08-22
INV-3866,CLI-1897,104734.30,2026-09-07
INV-3909,CLI-1404,474762.85,2026-12-23
INV-3976,CLI-0905,1642147.39,2026-07-03
INV-5123,CLI-0494,"₹754,141.92",2025-09-21
INV-2875,CLI-1476,1475039.60,2026-01-19
INV-3809,CLI-2993,1083195.97,2026-12-25
INV-3645,CLI-4030,362359.54,2025-06-27
INV-1328,CLI-1293,N/A,2025-06-29
INV-4194,CLI-1524,866588.67,2026-03-26
INV-2101,CLI-1409,1395761.91,24-08-2026
INV-4315,CLI-0780,1996914.46,2026-01-15
INV-3348,CLI-1058,,2025-12-13
INV-3944,CLI-1334,60067.62,2025-11-09
INV-3349,CLI-4584,845634.65,2025-08-11
INV-1999,CLI-4253,940804.50,2026-06-18
INV-3818,CLI-3261,1846475.40,2025-10-15
INV-2977,CLI-1296,1311634.60,2025-12-31
INV-3094,CLI-3095,53280.81,2026-03-31
INV-5493,CLI-2650,24012.83,2026-12-13
INV-3359,CLI-3448,,2026-11-02
INV-4116,CLI-3502,988668.65,2026-11-26
INV-1518,CLI-2537,1333732.55,2026-09-16
INV-4622,CLI-0624,714787.14,2026-06-26
INV-4369,CLI-0928,1259777.76,2026-02-01
INV-7273,CLI-1310,1155633.24,2026-08-18
INV-2292,CLI-3395,1081515.95,2026-02-25
INV-2480,CLI-3732,853778.41,2026-06-13
INV-3425,CLI-1694,-440995.29,2026-05-21
INV-7097,CLI-1286,1996370.09,2025-10-10
INV-4895,CLI-4118,733307.66,2026-08-14
INV-4875,CLI-0120,388790.60,2026-05-21
INV-2633,CLI-2883,213796.39,2026-04-18
INV-3615,CLI-4211,-1582581.34,2026-12-10
INV-7103,CLI-1574,732610.02,2025-08-10
INV-2537,CLI-2608,1080676.36,2026-09-12
INV-4313,CLI-4203,1302841.62,2026-07-08
INV-3627,CLI-3156,296485.19,2026-06-05
INV-5790,CLI-4000,1965471.82,2026-11-12
INV-6095,CLI-2590,841248.04,2026-01-10
INV-3294,CLI-3065,840565.74,2026-01-17
INV-6356,CLI-2413,768968.49,2026-10-06
INV-4477,CLI-1915,810773.07,10-05-2026
INV-4944,CLI-0484,1329411.34,2026-12-18
INV-3496,CLI-2737,6170.07,2026-04-25
INV-2711,CLI-4992,560220.50,2025-06-03
INV-5736,CLI-4591,590394.91,2025-08-07
INV-5126,CLI-5479,582160.16,2026-03-06
INV-2817,CLI-3033,1735158.86,2026-06-05
INV-1281,CLI-0228,486451.80,2026-03-08
INV-3941,CLI-0056,1386782.13,2026-07-05
INV-6691,CLI-4939,1910258.41,2026-04-24
INV-6188,CLI-4301,1214606.95,2025-09-14
INV-3525,CLI-1967,1025327.82,2026-05-06
INV-7172,CLI-4184,1607980.11,2025-10-05
INV-3434,CLI-4885,1273210.46,2025-07-14
INV-2354,CLI-4080,125081.53,2026-12-21
INV-4623,CLI-3107,867045.48,2025-08-30
INV-6677,CLI-4803,36659.55,2026-08-26
INV-2816,CLI-2972,15851.17,2025-06-19
INV-2522,CLI-3824,727064.59,2026-11-19
INV-5777,CLI-1371,-93947.59,2026-02-27
INV-3451,CLI-1248,1694915.79,2026-02-19
INV-4420,CLI-3555,1169678.99,2025-07-13
INV-2339,CLI-2610,1152448.00,2025-06-27
INV-2041,CLI-3043,1991386.13,2026-05-25
INV-2326,CLI-2453,,
INV-7401,CLI-4194,1864209.12,2025-12-22
INV-7212,CLI-3693,1903722.18,2025-10-23
INV-6262,CLI-4969,456740.90,2026-12-21
INV-3047,CLI-2006,1479249.58,2026-02-19
INV-6678,CLI-1087,1498349.22,2025-07-11
INV-3603,CLI-2169,826543.38,2026-12-17
INV-1495,CLI-0674,415521.12,2025-08-11
INV-1509,CLI-4784,556215.53,2026-07-09
INV-1342,CLI-2495,873549.54,2025-09-27
INV-3122,CLI-4114,46292.51,2026-04-08
INV-3319,CLI-4950,648814.67,2026-06-25
INV-4819,CLI-3968,1248935.47,2026-11-27
INV-6295,CLI-0248,368603.07,2026-06-07
INV-3165,CLI-2680,19174.75,2025-06-24
INV-5368,CLI-3769,1125779.14,2025-12-19
INV-1712,CLI-0985,1944517.71,2025-11-09
INV-6745,CLI-0332,1615998.59,2026-06-17
INV-7416,CLI-0379,1897273.44,2026-08-04
INV-2187,CLI-5081,623979.43,2026-04-22
INV-6717,CLI-4836,1715445.24,2026-06-14
INV-3986,CLI-3672,704324.80,2026-01-14
INV-1344,CLI-1153,1068412.19,2025-12-08
INV-4679,CLI-1164,1413789.63,2026-03-15
INV-5441,CLI-2916,610895.06,2025-06-26
INV-4465,CLI-0874,1599215.75,2026-11-26
INV-2845,CLI-2838,601841.45,2025-08-10
INV-5788,CLI-1868,690597.32,2025-07-17
INV-5566,CLI-1005,1126993.94,2026-07-17
INV-6926,CLI-4189,1692885.51,2026-06-27
INV-1225,CLI-3583,1330267.55,2025-08-09
INV-1098,CLI-1115,724335.03,2025-09-15
INV-3208,CLI-1226,1176103.08,2025-08-28
INV-1469,CLI-3508,658871.87,2025-11-13
INV-6863,CLI-3804,1239618.51,2025-09-05
INV-4556,CLI-1346,821521.88,2026-01-23
INV-3467,CLI-2997,1324420.76,2026-07-02
INV-2023,CLI-3485,1002251.00,2025-08-09
INV-5688,CLI-4439,1851281.97,2026-07-12
INV-2356,CLI-3357,-1850624.55,2026-12-06
INV-6855,CLI-1713,1464575.91,2026-08-20
INV-5267,CLI-2315,1267801.19,2026-04-12
INV-2577,CLI-2443,1725080.14,
INV-3648,CLI-4691,1020324.71,2025-08-26
INV-3341,CLI-1550,397248.68,2026-09-14
INV-5130,CLI-1211,1539078.75,2026-07-26
INV-6224,CLI-4533,65041.90,2025-09-09
INV-7327,CLI-4966,356528.13,2026-01-23
INV-2550,CLI-1609,1670958.66,2026-10-22
INV-6672,CLI-2868,1497403.01,2026-03-18
INV-4989,CLI-0084,837776.58,2025-12-10
INV-6486,CLI-4415,437180.62,2026-02-17
INV-5983,CLI-0143,611140.56,2025-08-20
INV-2341,CLI-3406,972448.76,2026-04-07
INV-4153,CLI-4008,1111505.71,2026-10-24
INV-5244,CLI-3537,1459075.94,2026-07-04
INV-6523,CLI-1686,88614.59,2025-08-03
INV-3406,CLI-2169,1273665.92,2026-04-02
INV-7052,CLI-0373,1337959.45,2026-01-17
INV-6496,CLI-1776,761261.69,2025-13-18
INV-1641,CLI-1456,714110.93,2026-04-04
INV-3252,CLI-2366,157731.14,2026-09-15
INV-3480,CLI-0146,1380389.93,2026-12-16
INV-4853,CLI-0442,1503051.80,2025-12-28
INV-1078,CLI-3021,124752.53,2025-09-18
INV-6706,CLI-3506,1981822.37,
INV-2502,CLI-4649,447546.99,2026-08-15
INV-6110,CLI-2717,-1809821.31,2025-07-22
INV-1607,CLI-0107,86566.19,2025-08-12
INV-5091,CLI-4017,153443.97,2026-04-16
INV-7091,CLI-0519,1852858.96,2026-04-06
INV-2141,CLI-2331,987413.17,2026-11-08
INV-5655,CLI-4799,1168215.77,2026-11-30
INV-6773,CLI-1635,417166.09,2026-03-25
INV-7453,CLI-1620,500593.37,2025-12-23
INV-2272,CLI-1796,931670.76,2026-06-16
INV-2500,CLI-1009,411153.34,2025-12-28
INV-3058,CLI-1727,219394.82,30-05-2026
INV-4549,CLI-1243,1944386.71,2026-02-17
INV-3088,CLI-2840,369986.47,2026-05-16
INV-3807,CLI-4722,61369.74,2026-01-25
INV-1841,CLI-4845,1182646.41,2025-12-06
INV-3227,CLI-3221,1793067.93,2026-09-03
INV-4907,CLI-1561,1917870.64,2025-10-29
INV-7270,CLI-1116,246808.79,2026-02-09
INV-3006,CLI-3049,1072206.59,2026-10-05
INV-1465,CLI-2706,156716.82,2025-11-22
INV-3260,CLI-3203,1265547.41,2025-09-01
INV-3716,CLI-0009,-847837.61,2026-05-22
INV-3554,CLI-2730,173069.03,2025-09-03
INV-1646,CLI-2821,153762.55,2026-09-14
INV-5433,CLI-0110,908601.34,2026-04-21
INV-2572,CLI-0298,N/A,2026-08-19
INV-2085,CLI-4098,1481013.42,2025-10-25
INV-3170,CLI-4430,357038.73,2025-10-09
INV-3457,CLI-1158,254650.05,2025-11-20
INV-1666,CLI-1143,1023305.26,2025-06-01
INV-6072,CLI-4190,989313.48,2026-08-13
INV-7316,CLI-3923,302724.61,2026-02-09
INV-2265,CLI-2566,620629.83,2026-08-25
INV-1897,CLI-0448,304675.82,2026-13-21
INV-2625,CLI-1253,11616.74,21-10-2026
INV-1234,CLI-0477,1360952.24,2026-04-17
INV-4561,CLI-4961,205335.60,2025-11-30
INV-1557,CLI-0525,1421791.10,2025-09-05
INV-6794,CLI-4879,1847143.82,2025-10-05
INV-7208,CLI-3372,,2026-13-07
INV-2708,CLI-0410,N/A,2026-11-18
INV-4389,CLI-4556,1387379.51,2026-10-24
INV-4008,CLI-3545,572534.14,2026-05-12
INV-2120,CLI-0977,1743251.60,2026-01-14
INV-2275,CLI-3290,430263.01,2026-01-25
INV-3078,CLI-4796,1822865.29,2026-09-17
INV-4240,CLI-1633,1392027.70,2025-08-03
INV-5977,CLI-4751,444718.01,2025-12-25
INV-1296,CLI-0379,1092520.93,2026-01-12
INV-5010,CLI-2472,1493265.10,2025-08-29
INV-4814,CLI-2658,943977.28,2026-03-31
INV-3042,CLI-2736,1964250.25,2026-05-14
INV-3562,CLI-0566,588006.70,2026-06-02
INV-3472,CLI-2801,318354.31,2025-12-25
INV-4681,CLI-1746,1958006.87,2026-07-24
INV-4104,CLI-1906,118170.21,2026-11-06
INV-3915,CLI-1104,344272.47,2026-09-06
INV-4870,CLI-3589,143454.14,2026-01-23
INV-6501,CLI-2769,151150.60,11-12-2026
INV-1079,CLI-2548,1935136.62,2025-12-05
INV-2846,CLI-0259,196948.19,2026-02-09
INV-2153,CLI-2995,1298406.30,2026-03-14
INV-1823,CLI-0549,1671046.34,2025-11-24
INV-6778,CLI-2621,1934581.63,2025-11-03
INV-7362,CLI-4874,947440.61,
INV-3728,CLI-0371,1863881.72,2026-09-12
INV-2594,CLI-1341,1924710.02,2026-11-25
INV-6816,CLI-2634,825279.73,2025-12-15
INV-7413,CLI-4576,-1994731.16,2025-07-12
INV-7005,CLI-4194,1080987.56,2026-10-04
INV-4510,CLI-0191,1647244.52,
INV-5412,CLI-4433,371276.90,2026-10-26
INV-5658,CLI-0671,1970932.92,2025-11-18
INV-6162,CLI-3530,730822.19,2026-06-19
INV-2971,CLI-2542,1217961.19,2026-08-20
INV-1193,CLI-1007,427185.49,
INV-1768,CLI-0819,1439490.20,2026-05-23
INV-2906,CLI-4298,1575293.53,2026-01-22
INV-1821,CLI-4812,1745748.59,2026-09-01
INV-3982,CLI-4608,695447.28,2026-08-08
INV-4039,CLI-2304,1601195.48,2026-06-14
INV-6080,CLI-4768,1821908.41,2026-12-12
INV-6054,CLI-3338,30302.05,2026-12-22
INV-2558,CLI-2156,671530.21,2026-08-07
INV-4851,CLI-3177,1340084.59,2025-11-17
INV-1324,CLI-4461,60180.31,2026-07-10
INV-5058,CLI-3956,639678.18,2026-02-26
INV-5814,CLI-3120,450404.20,2026-05-18
INV-5734,CLI-2465,292956.82,2025-07-18
INV-1059,CLI-1318,570841.45,2025-06-23
INV-4440,CLI-0886,724619.22,2025-09-08
INV-2946,CLI-1495,706057.73,05-07-2026
INV-5928,CLI-1664,,09-11-2026
INV-4551,CLI-0381,-1330603.19,2025-08-18
INV-2303,CLI-0112,-85199.58,2026-03-28
INV-6130,CLI-4576,295174.22,2026-08-29
INV-5754,CLI-1434,"₹1,368,240.20",2025-08-15
INV-6692,CLI-1005,"₹1,028,878.06",2026-09-25
INV-6981,CLI-1911,1781852.62,2025-07-22
INV-2084,CLI-1519,863130.01,2026-03-18
INV-3804,CLI-2225,1417863.74,2026-03-07
INV-1854,CLI-4107,1141770.19,2026-07-11
INV-1541,CLI-3457,,2026-01-27
INV-7260,CLI-4369,1845771.77,2025-10-13
INV-3384,CLI-2986,1457240.34,2026-11-08
INV-4961,CLI-4031,1878382.26,2026-02-28
INV-1923,CLI-0394,,2025-08-11
INV-2984,CLI-3034,222772.56,2025-07-24
INV-6819,CLI-2359,1004197.69,2026-12-22
INV-4515,CLI-0234,358813.73,2026-06-22
INV-2573,CLI-0298,,2025-08-25
INV-3884,CLI-2087,1324654.56,25-02-2026
INV-7034,CLI-0791,226865.42,2025-11-18
INV-1969,CLI-1007,1997427.59,28-05-2026
INV-4881,CLI-3393,1867874.14,2026-04-11
INV-4885,CLI-4761,669953.97,2025-06-28
INV-1749,CLI-2496,913317.89,2026-05-03
INV-1595,CLI-0021,698276.17,2026-04-30
INV-3282,CLI-3004,799168.38,2025-08-15
INV-2271,CLI-4533,1528714.09,2026-05-15
INV-6586,CLI-3739,670476.04,2026-10-28
INV-2212,CLI-2632,"₹908,473.89",2026-06-20
INV-6195,CLI-4293,,2025-09-23
INV-5762,CLI-4121,1146784.15,2026-04-11
INV-1512,CLI-1280,1956694.98,2026-11-21
INV-1303,CLI-3833,1079301.52,2026-01-04
INV-3030,CLI-2693,874599.53,
INV-6117,CLI-4502,"₹937,109.12",2025-11-25
INV-3020,CLI-4431,1306038.16,2025-08-18
INV-4330,CLI-1784,159860.37,2026-04-03
INV-3778,CLI-3412,,2026-10-27
INV-2158,CLI-1938,224432.62,2026-06-19
INV-4737,CLI-4643,387568.01,2026-06-12
INV-2446,CLI-1467,1016273.01,2026-06-12
INV-5572,CLI-0567,1557208.57,2026-07-19
INV-4156,CLI-3580,-353396.24,2026-06-23
INV-2154,CLI-1999,-1081626.70,2026-06-05
INV-5189,CLI-2103,255737.53,2025-09-28
INV-3261,CLI-3937,1611321.14,2026-06-28
INV-1819,CLI-3530,54786.51,2026-06-28
INV-7313,CLI-3985,771973.21,2026-01-05
INV-7135,CLI-2239,1212098.65,2026-07-24
INV-5670,CLI-4658,1697814.85,2026-03-14
INV-4311,CLI-4968,1144747.16,
INV-1500,CLI-3442,1918571.49,2026-12-28
INV-3417,CLI-2040,1583948.99,2026-06-30
INV-3829,CLI-4081,,2026-10-09
INV-1212,CLI-4786,79658.90,2025-13-14
INV-7191,CLI-0696,944440.59,2025-06-24
INV-2733,CLI-1186,196526.91,2025-12-27
INV-3432,CLI-4702,1498872.94,2025-08-09
INV-4535,CLI-4887,545211.72,2026-08-30
INV-1404,CLI-2214,1560191.15,2025-09-28
INV-3898,CLI-1551,700615.83,2026-09-06
INV-4272,CLI-2824,688660.08,2026-02-08
INV-7234,CLI-3789,212438.35,2026-10-31
INV-1831,CLI-0886,N/A,2026-08-28
INV-3204,CLI-2855,913800.83,2025-10-31
INV-4429,CLI-1184,-154061.82,2026-06-03
INV-3917,CLI-4339,,2025-08-16
INV-2122,CLI-1975,1128918.77,2026-12-10
INV-3981,CLI-3845,414962.21,2026-02-23
INV-1523,CLI-1468,1436527.63,2025-12-24
INV-1656,CLI-1094,807844.86,2026-12-01
INV-6524,CLI-2050,1911661.74,2026-11-24
INV-3063,CLI-3135,1638818.86,2026-10-31
INV-2905,CLI-2503,,2026-01-21
INV-3426,CLI-0524,151165.17,2026-07-30
INV-6344,CLI-1217,"₹160,187.88",2026-02-18
INV-5771,CLI-2891,675844.37,2026-12-17
INV-7109,CLI-1844,1239451.35,2026-09-12
INV-2680,CLI-2206,241234.88,2026-09-15
INV-4269,CLI-4008,405827.09,2025-12-29
INV-5156,CLI-4975,1294045.25,2026-06-02
INV-7168,CLI-3403,703586.30,2025-10-09
INV-6643,CLI-4747,N/A,2025-12-12
INV-6108,CLI-3129,554985.69,2025-06-28
INV-5620,CLI-1547,817160.91,2026-05-13
INV-2710,CLI-3185,196554.10,2026-10-02
INV-3762,CLI-3572,868613.76,2026-10-25
INV-7045,CLI-0841,854897.25,2026-05-19
INV-7411,CLI-2276,1986875.77,2026-12-10
INV-2705,CLI-2089,1816031.19,2026-10-20
INV-4520,CLI-1154,332788.83,2026-06-10
INV-1483,CLI-1896,127004.85,2026-13-18
INV-4071,CLI-1587,1964745.60,2026-09-29
INV-5020,CLI-2592,436064.92,2025-06-26
INV-3330,CLI-1494,1383962.37,2025-12-16
INV-4996,CLI-0386,1939994.95,2026-02-12
INV-6127,CLI-1947,,2026-06-08
INV-3002,CLI-4503,953131.02,2025-07-27
INV-3301,CLI-0083,611444.33,2026-09-10
INV-5855,CLI-0536,1168567.49,2026-07-28
INV-3524,CLI-3838,773254.96,16-11-2025
INV-6307,CLI-4550,253097.70,2025-07-12
INV-2797,CLI-4889,626913.50,2025-08-16
INV-6346,CLI-0707,409167.49,05-10-2026
INV-2860,CLI-0092,495999.26,2026-12-07
INV-5375,CLI-4130,1495052.06,2026-11-21
INV-3741,CLI-2548,263944.76,2026-02-09
INV-1335,CLI-2849,1210768.42,2026-02-06
INV-6128,CLI-3121,1661544.80,2026-02-22
INV-5034,CLI-1393,540165.78,2025-09-27
INV-3808,CLI-3717,656692.90,2025-07-03
INV-7406,CLI-3499,233490.11,2026-03-15
INV-6348,CLI-4127,1258877.93,2025-08-17
INV-2911,CLI-2830,1796655.78,2025-12-07
INV-1433,CLI-1350,640250.10,2025-10-21
INV-1410,CLI-1207,172685.18,2025-09-16
INV-6440,CLI-1353,1634245.84,2025-06-09
INV-1917,CLI-0050,1183193.17,2026-08-11
INV-4597,CLI-1796,N/A,2026-02-16
INV-1760,CLI-0827,777475.06,2026-11-01
INV-5698,CLI-1500,198193.69,2026-01-23
INV-3320,CLI-3366,371667.83,2026-03-15
INV-2664,CLI-0079,"₹1,937,416.26",2026-05-07
INV-3116,CLI-0853,944854.94,2025-10-23
INV-2661,CLI-1070,1994448.82,2026-10-02
INV-1295,CLI-3520,617235.47,2025-07-29
INV-4671,CLI-1157,N/A,2026-11-09
INV-6174,CLI-2031,1978604.80,2025-08-10
INV-3796,CLI-4167,683738.15,2025-08-04
INV-1946,CLI-3903,1498506.28,2026-02-08
INV-3878,CLI-4052,693139.40,2026-03-27
INV-7405,CLI-2831,226331.35,2025-09-14
INV-5319,CLI-3211,1700070.13,2026-11-11
INV-7012,CLI-4526,1742141.76,2026-06-20
INV-2442,CLI-0389,629213.50,2025-10-03
INV-2402,CLI-3026,794355.81,2026-01-17
INV-7321,CLI-4156,1604556.11,2025-08-25
INV-4555,CLI-2909,1822888.44,2025-09-10
INV-6031,CLI-4027,1282664.39,2025-09-17
INV-5615,CLI-1232,433518.99,2026-03-15
INV-2279,CLI-3995,988324.63,
INV-6373,CLI-3203,1863727.73,2026-05-28
INV-4849,CLI-1135,1292631.18,2026-11-02
INV-1063,CLI-1361,930114.26,2025-08-22
INV-1544,CLI-3484,491215.42,2025-06-18
INV-6416,CLI-0498,1896622.45,2026-11-11
INV-6102,CLI-4765,1002748.70,2025-08-13
INV-1438,CLI-4490,-594236.79,2026-06-16
INV-5162,CLI-1825,90962.46,2026-07-14
INV-1464,CLI-2065,1122461.00,2026-05-28
INV-1736,CLI-1261,714402.41,2025-10-14
INV-3407,CLI-1218,813323.70,2026-02-22
INV-4481,CLI-3890,379381.05,2026-04-11
INV-1044,CLI-4051,1520829.77,2025-08-09
INV-4652,CLI-3020,1231951.15,2025-12-12
INV-5547,CLI-1533,1527250.05,2025-11-25
INV-6347,CLI-3421,1052284.42,2026-03-29
INV-5536,CLI-0991,1385822.57,2025-06-21
INV-7259,CLI-3126,92040.54,2026-01-14
INV-6115,CLI-1111,1278878.47,2025-08-24
INV-6444,CLI-0209,171406.79,2026-08-18
INV-4432,CLI-2900,1489865.24,2026-11-23
INV-4936,CLI-1946,49610.39,2026-10-18
INV-1839,CLI-3999,1857547.61,2025-06-23
INV-4362,CLI-1955,1385967.68,
INV-3264,CLI-3663,1675268.98,
INV-2329,CLI-4122,991191.26,2025-06-19
INV-1007,CLI-3463,130048.91,2026-12-16
INV-2859,CLI-1954,1059781.80,2025-11-04
INV-2957,CLI-3008,1178165.51,03-12-2025
INV-1275,CLI-4468,642617.28,2026-10-07
INV-4835,CLI-4814,1028365.37,2025-06-11
INV-5172,CLI-3821,11232.56,2026-11-07
INV-1207,CLI-2260,287777.67,2025-06-06
INV-3033,CLI-2982,110833.58,
INV-3984,CLI-4429,1472265.03,
INV-1795,CLI-3258,275309.34,2025-11-19
INV-2908,CLI-3910,399188.95,2026-07-22
INV-1449,CLI-0331,741098.77,2026-01-10
INV-7250,CLI-0463,1024886.23,2026-09-07
INV-3787,CLI-0562,847055.51,2026-12-12
INV-6689,CLI-2386,"₹1,381,109.45",2026-05-25
INV-2098,CLI-1086,1742112.39,2026-06-06
INV-4325,CLI-4722,1736233.89,2026-06-07
INV-4193,CLI-3898,1985041.22,2026-03-10
INV-2050,CLI-2482,1161807.91,
INV-2763,CLI-4250,N/A,2025-10-23
INV-1145,CLI-0795,610803.25,2025-07-15
INV-7304,CLI-2535,N/A,2025-06-09
INV-3935,CLI-0037,646506.05,2026-12-27
INV-1501,CLI-2089,1323500.56,2026-09-08
INV-6071,CLI-4885,1960281.34,2026-04-11
INV-5887,CLI-1471,1360465.04,2026-03-29
INV-3564,CLI-0016,723949.06,2026-11-28
INV-5805,CLI-0103,985692.08,2026-06-18
INV-1238,CLI-3136,347186.13,2026-04-09
INV-5512,CLI-3519,49234.65,22-03-2026
INV-5935,CLI-0764,131889.26,2026-03-19
INV-7296,CLI-0945,138145.57,2026-11-24
INV-3755,CLI-2759,232537.01,2026-05-22
INV-5748,CLI-2463,1288211.63,2026-13-09
INV-3539,CLI-1497,951423.80,2026-08-30
INV-6437,CLI-0794,1191852.31,2026-10-19
INV-6728,CLI-3445,941400.31,2025-07-26
INV-6075,CLI-0140,907685.81,2026-12-07
INV-4065,CLI-3367,1502050.12,2026-05-24
INV-5180,CLI-0354,460168.58,2026-06-11
INV-4741,CLI-4225,838493.67,2026-10-30
INV-3763,CLI-2316,100063.92,2025-12-23
INV-3311,CLI-1262,1097436.14,2025-09-20
INV-1516,CLI-1872,849920.50,2025-10-25
INV-6052,CLI-2782,1700232.64,2025-07-29
INV-6767,CLI-1065,867376.99,2026-01-05
INV-4347,CLI-1403,1295133.45,2026-08-09
INV-3529,CLI-2605,624910.16,28-11-2025
INV-4409,CLI-3854,1529149.15,2026-08-22
INV-5070,CLI-2831,1359078.56,2026-10-16
INV-3327,CLI-1343,845686.63,2026-10-15
INV-6602,CLI-1011,707969.17,2025-10-09
INV-5713,CLI-1628,N/A,2026-07-20
INV-2544,CLI-3595,218296.16,2026-08-03
INV-6655,CLI-0264,651702.31,2026-06-08
INV-2133,CLI-4289,133269.60,2026-12-30
INV-4160,CLI-4114,1698164.27,2026-04-08
INV-3708,CLI-1770,878343.31,2025-11-06
INV-3967,CLI-1426,652240.92,2025-07-06
INV-3965,CLI-2412,1628219.87,2026-11-09
INV-7002,CLI-2202,,2026-05-16
INV-7026,CLI-3113,135709.31,2026-03-14
INV-3687,CLI-4078,1059592.10,11-04-2026
INV-6606,CLI-4594,1750815.35,2026-06-29
INV-4824,CLI-1096,529610.66,2026-07-01
INV-5065,CLI-1948,16583.14,2026-08-10
INV-6869,CLI-3872,1928398.18,2026-08-22
INV-6683,CLI-3911,662363.30,2025-06-19
INV-1403,CLI-1295,117759.21,2025-09-15
INV-1299,CLI-1559,1214191.09,2025-11-18
INV-4165,CLI-3492,1921923.77,2026-02-19
INV-5200,CLI-3268,632341.48,2026-01-05
INV-6995,CLI-4305,1440531.05,15-01-2026
INV-7379,CLI-2282,283522.32,2026-01-06
INV-6076,CLI-4904,998548.01,2025-10-16
INV-1074,CLI-3477,244238.62,2026-07-25
INV-2231,CLI-0965,923398.13,2026-05-07
INV-2017,CLI-2745,1952283.87,2025-07-27
INV-2216,CLI-4987,940251.13,2026-08-17
INV-6620,CLI-2244,880957.29,2026-01-07
INV-5685,CLI-1124,617289.56,2026-09-05
INV-6201,CLI-2279,685679.74,2026-06-21
INV-6142,CLI-2221,262542.00,2025-07-04
INV-3113,CLI-1261,788335.49,2026-09-23
INV-5061,CLI-1420,378463.23,2026-04-04
INV-2668,CLI-1578,1451609.39,2026-10-02
INV-1060,CLI-0863,"₹1,858,537.09",2025-12-14
INV-1070,CLI-2031,"₹1,475,325.69",26-12-2025
INV-1838,CLI-2316,1426234.75,26-06-2025
INV-3657,CLI-2001,217845.67,2026-06-07
INV-1763,CLI-0905,1882074.03,2026-06-30
INV-4131,CLI-0343,640668.88,2025-07-07
INV-2596,CLI-2243,1458426.04,2025-06-21
INV-1750,CLI-3683,1713146.57,2025-07-08
INV-4553,CLI-2771,1922547.36,2025-09-18
INV-6223,CLI-4221,,2026-01-24
INV-7175,CLI-4127,"₹913,959.54",2026-05-06
INV-7133,CLI-2413,1336093.39,2026-10-10
INV-6931,CLI-0807,1831716.50,2025-10-24
INV-5632,CLI-4048,796499.24,2025-09-06
INV-3017,CLI-3986,907754.16,2026-04-17
INV-6617,CLI-3865,483530.44,2025-12-27
INV-6038,CLI-2652,1583400.87,2026-07-08
INV-2459,CLI-0316,1585293.51,2026-07-19
INV-4367,CLI-4115,"₹123,480.06",2025-08-11
INV-5878,CLI-0094,41844.10,
INV-7181,CLI-4054,"₹639,533.61",2026-07-25
INV-7130,CLI-4542,1151591.77,2026-10-25
INV-4491,CLI-2151,302917.97,06-10-2025
INV-1764,CLI-1310,1100687.36,2025-08-08
INV-6786,CLI-0611,1644139.64,2025-10-08
INV-1722,CLI-3371,1312444.52,10-10-2025
INV-5434,CLI-3506,941481.01,2026-08-25
INV-6822,CLI-1810,1325341.45,2025-09-05
INV-1267,CLI-1453,72024.88,2026-07-06
INV-7398,CLI-3703,845261.95,2026-07-19
INV-6094,CLI-3615,1545571.89,2026-05-19
INV-2197,CLI-2384,154865.76,2026-08-06
INV-2580,CLI-0463,1000654.39,2025-12-21
INV-3325,CLI-1946,756551.90,2025-10-10
INV-3374,CLI-0326,1464814.98,2025-07-08
INV-6732,CLI-4157,966727.49,2026-01-05
INV-5291,CLI-0555,349761.94,2026-04-26
INV-2143,CLI-0518,465917.85,2026-09-16
INV-4363,CLI-2304,1677410.01,2026-04-19
INV-3838,CLI-2979,692317.75,2025-10-02
INV-1466,CLI-4513,1659752.27,2026-08-04
INV-1312,CLI-1302,978244.04,2026-04-08
INV-5007,CLI-3953,1798759.77,2026-02-18
INV-3840,CLI-1917,-1085296.53,2026-03-06
INV-4375,CLI-3104,700442.26,24-10-2025
INV-2510,CLI-1276,1621847.23,2026-01-02
INV-3698,CLI-2272,1257600.16,2026-05-27
INV-4664,CLI-3750,1205217.83,2026-08-24
INV-7262,CLI-3200,674530.91,2025-12-02
INV-6185,CLI-4772,720490.76,2026-03-15
INV-6766,CLI-2648,882062.85,2026-04-20
INV-5618,CLI-0446,254920.02,2026-04-18
INV-3814,CLI-1603,1520602.04,2026-13-23
INV-5462,CLI-2801,1476568.65,2026-12-18
INV-3195,CLI-1363,414111.65,2026-09-22
INV-4012,CLI-4616,169826.20,2026-11-22
INV-3602,CLI-5120,39791.95,2026-04-04
INV-5984,CLI-1453,278579.88,2025-10-10
INV-2436,CLI-3640,90785.76,2025-10-25
INV-1272,CLI-0062,1264923.49,2026-09-18
INV-5131,CLI-1018,19414.83,2026-12-24
INV-4468,CLI-0292,12439.13,2026-07-22
INV-4403,CLI-3210,205159.26,2025-08-02
INV-2876,CLI-1372,1926763.12,20-01-2026
INV-7464,CLI-2863,-1219382.90,2026-05-04
INV-5369,CLI-4447,131849.48,2026-07-02
INV-5576,CLI-0011,1386417.53,2026-02-09
INV-7483,CLI-4185,324410.42,2026-05-12
INV-3482,CLI-4938,1512203.32,2026-11-18
INV-1637,CLI-1391,536245.38,2026-09-27
INV-2712,CLI-0411,1116454.33,2025-07-01
INV-2372,CLI-4689,1694864.94,05-08-2026
INV-2046,CLI-4429,1824330.46,2026-04-30
INV-1865,CLI-1024,1181074.80,2025-06-16
INV-1880,CLI-3985,1919605.50,2026-02-19
INV-5582,CLI-0645,1475584.01,2026-03-14
INV-3381,CLI-1456,1068249.21,2026-02-09
INV-4984,CLI-3595,1362476.24,2025-11-19
INV-2655,CLI-1659,1107963.36,2025-06-07
INV-1769,CLI-2743,1751957.29,2025-12-15
INV-3266,CLI-3036,640517.62,2026-10-15
INV-4150,CLI-3282,184745.03,2025-12-29
INV-7058,CLI-3552,905220.67,2026-01-19
INV-7011,CLI-1804,1999507.66,2026-01-21
INV-3403,CLI-3701,1883278.32,2025-09-22
INV-4023,CLI-0674,953940.31,24-12-2026
INV-5112,CLI-4105,245421.02,2026-10-12
INV-7059,CLI-4592,1036376.07,2026-04-16
INV-1896,CLI-2003,1366526.58,2025-11-29
INV-6764,CLI-4212,1624498.48,2026-03-22
INV-7387,CLI-3142,450868.98,2025-07-02
INV-1227,CLI-4916,1231382.08,2025-09-22
INV-4119,CLI-0278,,2026-10-10
INV-2280,CLI-1761,,2026-01-03
INV-3625,CLI-4148,1850856.45,2025-06-09
INV-6681,CLI-4764,"₹198,108.13",2026-10-23
INV-6113,CLI-0429,41778.61,2026-06-30
INV-3067,CLI-3645,1096155.69,2026-11-26
INV-6591,CLI-3062,1731926.84,2026-12-23
INV-6799,CLI-0166,545840.97,2025-09-14
INV-1208,CLI-4539,726821.67,2025-07-12
INV-6066,CLI-2504,573389.25,2025-12-19
INV-1176,CLI-4820,1033587.60,2026-08-19
INV-5186,CLI-3700,1255629.57,11-11-2025
INV-5154,CLI-3454,1471184.39,2025-07-20
INV-4538,CLI-3342,"₹849,727.46",2026-13-08
INV-6990,CLI-2320,885142.21,2025-07-11
INV-3378,CLI-0570,1654118.95,2025-08-03
INV-4329,CLI-2061,370731.93,2026-02-05
INV-4865,CLI-1380,1380196.27,2025-06-22
INV-5392,CLI-1282,1466233.77,2025-12-26
INV-5272,CLI-4289,567494.31,2025-06-15
INV-2118,CLI-0786,1026621.27,2025-09-16
INV-3932,CLI-1437,700956.43,2026-08-02
INV-3553,CLI-1522,1715701.70,2025-08-07
INV-7189,CLI-0288,1971180.97,2026-06-13
INV-1530,CLI-0116,686562.06,2026-06-15
INV-3237,CLI-3545,1985348.37,2025-12-09
INV-6289,CLI-3507,408147.58,2026-05-14
INV-1747,CLI-4916,1612559.47,2026-09-23
INV-6494,CLI-3018,1143174.51,25-11-2025
INV-4654,CLI-0355,850002.39,2025-06-16
INV-6662,CLI-0957,1951778.97,2025-09-27
INV-4799,CLI-4951,1019041.82,2026-12-16
INV-2240,CLI-3599,1189867.61,2026-10-06
INV-6902,CLI-3123,322677.59,2025-09-16
INV-3084,CLI-3257,979153.02,2025-12-02
INV-4027,CLI-1000,1997280.85,2026-02-13
INV-3747,CLI-0272,338079.25,2026-07-30
INV-7113,CLI-0924,1842328.18,2026-08-06
INV-4079,CLI-4876,1904575.25,2025-07-25
INV-2268,CLI-0829,,2026-11-06
INV-1277,CLI-4817,91557.99,2025-08-01
INV-3939,CLI-3480,528369.36,25-10-2026
INV-1737,CLI-4798,1252174.02,2025-06-05
INV-1237,CLI-2993,1275698.75,2025-07-13
INV-2079,CLI-4621,1296887.11,2026-09-06
INV-6213,CLI-1011,839775.34,2026-10-22
INV-1975,CLI-4820,428230.12,2026-11-27
INV-6859,CLI-0244,1261390.00,2026-12-13
INV-1632,CLI-4858,277507.45,2026-12-25
INV-1573,CLI-3825,886225.93,2026-13-29
INV-1563,CLI-4926,559768.28,2025-07-02
INV-3489,CLI-2271,1619695.33,2025-08-12
INV-3714,CLI-0451,1149287.53,2025-11-12
INV-5490,CLI-3887,1766004.34,2025-07-16
INV-5220,CLI-4624,1647163.64,2026-11-05
INV-2248,CLI-1961,644636.00,2025-09-13
INV-6801,CLI-1595,305941.81,2026-06-12
INV-1029,CLI-2614,1022447.55,2025-12-15
INV-7475,CLI-4421,48640.30,2026-03-09
INV-1356,CLI-4898,19083.35,2026-04-24
INV-4379,CLI-3309,65808.82,2025-12-19
INV-4212,CLI-1502,1733379.50,2026-06-14
INV-3675,CLI-2495,468436.98,2025-09-23
INV-5601,CLI-4824,81286.56,2026-08-25
INV-4488,CLI-3905,307207.02,2026-08-04
INV-1372,CLI-0518,,2026-02-17
INV-6383,CLI-3820,1523060.48,2026-07-13
INV-2457,CLI-1058,126352.12,2026-01-08
INV-6709,CLI-3153,1294068.30,2025-11-29
INV-4303,CLI-4164,999270.26,2026-09-22
INV-4396,CLI-2908,,2025-06-09
INV-4474,CLI-0838,1670320.69,2025-12-03
INV-2349,CLI-3198,1884755.26,2026-07-25
INV-1978,CLI-3627,556621.84,2026-07-24
INV-3361,CLI-2476,970326.19,2026-02-10
INV-6895,CLI-2425,314792.48,
INV-2104,CLI-3332,942375.20,2026-09-06
INV-6152,CLI-4841,983930.55,2026-06-30
INV-2757,CLI-1268,,2025-11-04
INV-7152,CLI-0054,78844.32,2025-12-27
INV-2878,CLI-2631,1368058.05,2025-09-20
INV-3745,CLI-3501,1325682.06,2026-13-11
INV-5775,CLI-1740,1717586.49,14-03-2026
INV-6374,CLI-0762,1582416.16,2025-10-27
INV-3749,CLI-1380,479138.85,2026-09-05
INV-2234,CLI-1755,1040611.01,2026-05-19
INV-1524,CLI-3274,982322.34,2026-10-28
INV-6776,CLI-4150,,2026-02-19
INV-7300,CLI-3599,340286.98,2026-12-28
INV-6956,CLI-3436,180858.37,2025-06-14
INV-1682,CLI-4540,590559.21,2025-07-13
INV-5880,CLI-4181,466712.76,2026-10-26
INV-1687,CLI-1824,1717603.01,2025-07-06
INV-2786,CLI-1741,218241.93,2025-08-13
INV-5807,CLI-2504,1480270.79,22-03-2026
INV-1259,CLI-0805,419349.71,2026-02-16
INV-4825,CLI-1264,1378117.45,2026-06-05
INV-2508,CLI-0884,1070548.94,2026-12-16
INV-3308,CLI-3845,1677065.12,2025-09-12
INV-1828,CLI-3536,1541192.55,2026-02-10
INV-4946,CLI-0322,1016379.70,2026-05-23
INV-6197,CLI-4663,1741272.49,2026-10-05
INV-3684,CLI-2340,1423965.32,2025-12-29
INV-6739,CLI-2969,1957460.38,2026-11-20
INV-6964,CLI-1657,1305747.02,2025-10-06
INV-3601,CLI-4480,1485479.33,2026-12-28
INV-2897,CLI-0081,1040569.20,2025-07-19
INV-6853,CLI-4968,1577397.04,2025-08-28
INV-5266,CLI-1399,1764644.56,2026-03-31
INV-1546,CLI-0505,1781322.48,2025-10-18
INV-6842,CLI-1353,"₹1,491,168.95",
INV-2152,CLI-1984,958691.57,2026-05-25
INV-2424,CLI-3335,1329737.04,2026-06-08
INV-5158,CLI-2751,1012345.24,2025-12-26
INV-1429,CLI-3386,488479.41,2026-08-31
INV-5423,CLI-4168,1444860.58,2026-03-06
INV-1302,CLI-4847,1620928.22,2025-12-20
INV-3081,CLI-2093,,2026-03-03
INV-1425,CLI-1955,1486858.95,2026-11-30
INV-5938,CLI-0574,915511.38,2025-12-12
INV-2864,CLI-0124,1941663.36,
INV-1522,CLI-3944,650609.25,2025-11-29
INV-6402,CLI-3135,1177682.99,2026-05-19
INV-3430,CLI-4838,1524458.17,2025-07-07
INV-5627,CLI-2453,373619.47,2026-11-07
INV-4171,CLI-1762,277218.36,2026-02-10
INV-5414,CLI-0354,-534426.14,2025-12-08
INV-1582,CLI-0279,1415532.56,2025-09-01
INV-4886,CLI-0990,1765928.09,2026-11-03
INV-3526,CLI-4256,904233.95,2026-05-28
INV-3188,CLI-3392,92277.41,2025-06-14
INV-3054,CLI-2689,480610.35,2025-06-02
INV-6557,CLI-0750,1952838.69,2026-12-08
INV-1097,CLI-2072,940125.76,2026-08-25
INV-4979,CLI-2315,1383967.92,2025-11-27
INV-4512,CLI-1935,48684.32,
INV-4879,CLI-1928,1101840.09,2026-08-24
INV-5164,CLI-0636,683542.99,2026-03-30
INV-6851,CLI-5015,1273695.00,2025-10-02
INV-2423,CLI-0467,776646.09,2026-02-25
INV-2397,CLI-0566,273629.05,2026-03-14
INV-1739,CLI-2692,968886.62,2026-08-26
INV-3255,CLI-3105,107945.94,2026-02-26
INV-4924,CLI-2444,1705961.28,2026-12-15
INV-3969,CLI-3752,742491.91,2026-09-02
INV-7149,CLI-1585,108706.41,2026-08-24
INV-4804,CLI-5124,1905593.56,2025-09-02
INV-5410,CLI-4980,403556.44,2026-04-21
INV-4125,CLI-4870,"₹1,379,634.64",2025-07-27
INV-6571,CLI-3954,1574484.31,2025-12-04
INV-2822,CLI-3987,1532445.80,2025-07-04
INV-5773,CLI-1557,1090249.08,2026-04-01
INV-1631,CLI-3586,1659270.64,2026-07-21
INV-6669,CLI-0632,1344132.29,21-01-2026
INV-1955,CLI-1283,133355.43,2026-08-19
INV-6382,CLI-0112,1331175.00,
INV-2246,CLI-1728,923362.82,2026-05-23
INV-7432,CLI-3686,879820.05,24-11-2026
INV-4338,CLI-2244,1376418.10,2026-03-09
INV-3448,CLI-1400,-118158.61,2026-12-11
INV-1847,CLI-3745,1637401.57,2026-03-01
INV-4130,CLI-0957,342701.73,2026-07-11
INV-5575,CLI-0551,1211250.39,2026-13-01
INV-6324,CLI-1877,1017452.93,2026-04-28
INV-6970,CLI-1628,1987769.05,2026-12-26
INV-3954,CLI-2853,1844885.39,2026-05-14
INV-4189,CLI-1546,1109449.74,2026-11-21
INV-6775,CLI-3989,1400777.46,2026-08-07
INV-6000,CLI-1235,74390.04,2026-03-17
INV-5401,CLI-2137,255706.83,2025-06-06
INV-1348,CLI-3117,,2025-06-13
INV-7035,CLI-0673,719098.35,2026-03-09
INV-6549,CLI-0907,1657962.56,2026-01-19
INV-5284,CLI-1420,652670.76,2025-13-11
INV-3475,CLI-3350,93228.21,2025-06-21
INV-1533,CLI-0612,1023965.83,2026-06-18
INV-6385,CLI-3490,661637.74,2025-08-21
INV-5450,CLI-0860,976428.41,2025-12-14
INV-4798,CLI-2405,1013173.87,2025-11-07
INV-1797,CLI-1902,1151234.81,2026-04-23
INV-7114,CLI-3907,73252.64,2025-11-09
INV-6971,CLI-2048,791968.87,2026-05-08
INV-6879,CLI-3279,1128971.30,2025-09-06
INV-3278,CLI-4062,1403163.95,2025-11-05
INV-2879,CLI-1914,619841.36,2025-06-22
INV-3477,CLI-2544,263222.13,2026-06-14
INV-2102,CLI-3206,-380353.98,2026-04-11
INV-4076,CLI-1249,1153638.53,2026-04-30
INV-4441,CLI-1812,1834358.68,2025-07-24
INV-7497,CLI-4600,1756390.46,2025-08-02
INV-6069,CLI-3558,1465041.61,2025-08-06
INV-5886,CLI-0031,,2026-12-27
INV-5039,CLI-3538,339299.52,2026-12-09
INV-4457,CLI-1481,1032372.06,2026-02-26
INV-6832,CLI-1563,"₹930,590.78",2025-06-18
INV-3711,CLI-2790,316987.44,2025-08-03
INV-6581,CLI-3392,256891.30,2026-05-23
INV-4499,CLI-0895,762300.71,2026-04-02
INV-2244,CLI-2941,1379728.93,2026-12-13
INV-2131,CLI-2369,71165.80,2026-04-27
INV-6804,CLI-0308,1686560.38,2026-03-17
INV-2451,CLI-1448,1491917.31,2026-10-10
INV-6248,CLI-0081,88460.57,2025-06-08
INV-1414,CLI-1323,1249960.68,2025-10-04
INV-1413,CLI-2460,760237.99,2026-10-31
INV-4492,CLI-2591,N/A,2026-04-17
INV-6836,CLI-0061,80687.42,2026-11-25
INV-1612,CLI-1726,219088.49,2026-11-26
INV-5840,CLI-4059,228925.78,2025-09-09
INV-1650,CLI-0496,359067.54,2026-10-10
INV-3649,CLI-4521,627411.88,2026-06-01
INV-7099,CLI-1902,581763.02,2025-09-13
INV-3383,CLI-0240,1602425.97,2026-06-15
INV-3997,CLI-2253,-1530901.69,2026-10-24
INV-4282,CLI-1450,215935.84,2025-10-09
INV-2602,CLI-4178,426123.10,2026-03-30
INV-7278,CLI-3897,965181.23,2026-03-31
INV-7471,CLI-1110,1006293.01,2025-07-01
INV-1506,CLI-2167,1063789.91,2026-13-25
INV-6865,CLI-2546,1608785.74,
INV-3257,CLI-1830,1370481.28,2026-03-05
INV-2362,CLI-0530,1174905.85,2026-07-04
INV-3545,CLI-4523,850097.61,2025-07-14
INV-4230,CLI-2898,77078.67,2026-06-29
INV-5671,CLI-3976,799816.25,2025-08-20
INV-1984,CLI-2618,1817026.15,2025-06-04
INV-5546,CLI-3341,1650329.00,2026-04-16
INV-3492,CLI-4026,1506762.22,2026-04-11
INV-1786,CLI-0017,1536862.06,2025-09-18
INV-2497,CLI-1664,88874.31,2025-11-02
INV-5689,CLI-3592,1758538.32,2026-03-20
INV-3029,CLI-1430,963347.86,2025-12-20
INV-6129,CLI-2414,1061685.45,2025-08-13
INV-4082,CLI-3146,1491985.26,2025-10-07
INV-5735,CLI-1666,217239.19,2026-06-21
INV-3509,CLI-2704,1854798.95,2026-08-11
INV-3120,CLI-2116,1109012.52,2025-06-14
INV-4398,CLI-4657,326287.85,2026-03-02
INV-5030,CLI-2960,981746.99,2025-10-01
INV-3720,CLI-0848,1811420.79,2025-06-28
INV-4718,CLI-4910,1046802.91,2025-10-08
INV-1139,CLI-1371,397241.30,17-12-2026
INV-4030,CLI-0803,376145.63,2026-09-30
INV-6267,CLI-4638,1649890.98,2026-09-17
INV-6375,CLI-1263,157697.80,2026-01-08
INV-7192,CLI-3870,855319.07,2026-08-18
INV-4643,CLI-1309,724592.35,2026-05-05
INV-1816,CLI-4037,1779519.87,2026-03-01
INV-3239,CLI-1137,667066.87,2026-07-29
INV-6750,CLI-3413,1355892.01,2025-09-18
INV-5059,CLI-0991,,2026-09-05
INV-5398,CLI-4913,1673639.53,2026-03-25
INV-6187,CLI-4148,1908038.40,
INV-1186,CLI-0999,1049428.42,2026-03-25
INV-6943,CLI-0212,1158681.08,2026-05-15
INV-3351,CLI-3821,1439595.57,2026-05-25
INV-2075,CLI-0885,258825.31,2026-07-18
INV-6517,CLI-3512,"₹1,817,463.31",2026-03-09
INV-3607,CLI-4635,413679.06,2025-12-21
INV-6001,CLI-4157,1679006.76,2025-12-13
INV-5057,CLI-2616,1838534.79,2026-12-16
INV-4154,CLI-0360,1842743.37,2026-04-03
INV-5299,CLI-1930,1403076.67,2026-11-18
INV-4054,CLI-4422,1885156.15,2026-08-17
INV-1869,CLI-2790,465238.41,2026-02-16
INV-3503,CLI-1984,836068.08,2026-12-11
INV-7488,CLI-0070,518882.24,2026-11-29
INV-4381,CLI-5409,1995200.34,2025-11-05
INV-1184,CLI-2931,1784610.06,2026-10-15
INV-7071,CLI-1033,1743713.31,2026-05-28
INV-1340,CLI-4339,480723.67,2026-01-10
INV-3505,CLI-0493,1526132.99,2025-08-09
INV-4088,CLI-1880,-967161.65,2026-07-13
INV-3690,CLI-3193,858391.60,2025-07-24
INV-7142,CLI-0963,728266.28,2026-03-25
INV-1353,CLI-1763,339093.27,
INV-1534,CLI-4862,261675.22,2025-10-27
INV-6229,CLI-4466,1643826.71,2025-08-11
INV-4859,CLI-2900,1622948.31,2026-02-04
INV-1150,CLI-2654,1827042.55,2026-02-21
INV-7160,CLI-4311,174857.86,2026-08-27
INV-2751,CLI-4835,,27-09-2026
INV-2182,CLI-0868,637910.65,2025-09-25
INV-1446,CLI-4988,,2026-01-22
INV-6713,CLI-3725,417605.28,17-07-2025
INV-4960,CLI-4576,1729488.65,2025-08-19
INV-5304,CLI-2484,560612.16,2025-11-05
INV-3921,CLI-2927,1769821.41,2025-09-26
INV-6873,CLI-2095,642788.90,2025-08-02
INV-3121,CLI-3517,1761682.93,2025-08-20
INV-7138,CLI-4909,202622.15,2025-09-16
INV-5875,CLI-1088,1141169.15,2026-12-05
INV-3752,CLI-0708,174630.17,2025-07-03
INV-4703,CLI-0735,1092837.37,2025-12-21
INV-2677,CLI-3096,227307.37,2025-07-28
INV-5233,CLI-0647,260644.22,2025-07-25
INV-6639,CLI-0090,1700764.14,2025-06-08
INV-4077,CLI-3223,676649.18,2026-03-13
INV-1456,CLI-1405,178709.77,2025-08-30
INV-3321,CLI-2252,818758.00,2026-10-13
INV-2494,CLI-4946,1828828.09,2026-01-04
INV-6746,CLI-1253,1853422.87,2026-02-25
INV-4188,CLI-2752,796974.92,2026-03-24
INV-3246,CLI-2349,1637427.94,2026-04-15
INV-5589,CLI-0176,1865140.15,2026-03-12
INV-4947,CLI-4568,1830063.20,2026-02-01
INV-2298,CLI-4084,-1598790.29,2026-02-04
INV-1083,CLI-0374,1746352.56,2026-11-03
INV-4436,CLI-0422,1376229.47,2026-06-17
INV-6899,CLI-4531,1664574.81,01-11-2026
INV-2515,CLI-3513,-1032619.04,2026-09-22
INV-2262,CLI-2280,1969290.42,2026-08-23
INV-2717,CLI-4988,873231.59,2025-11-03
INV-3408,CLI-4363,1874006.15,2026-08-18
INV-6175,CLI-1373,463415.11,07-10-2026
INV-7048,CLI-2588,1232843.13,2025-12-21
INV-3748,CLI-2705,26167.75,2026-04-26
INV-1178,CLI-0227,1474052.24,
INV-3641,CLI-0457,630995.09,2025-12-22
INV-4890,CLI-4680,1059035.80,26-03-2026
INV-2858,CLI-1182,1044329.24,2026-05-09
INV-2406,CLI-0056,373846.16,2025-09-15
INV-4523,CLI-4813,871515.32,2025-10-27
INV-2206,CLI-1914,201606.30,2026-08-18
INV-6589,CLI-3843,783581.68,2025-10-05
INV-2782,CLI-4556,"₹1,519,688.31",2025-07-04
INV-4271,CLI-4006,1354352.70,2026-08-11
INV-6256,CLI-1931,1282284.25,2026-09-30
INV-2672,CLI-0192,1728309.85,2025-09-09
INV-1011,CLI-1679,617039.83,2025-10-11
INV-6625,CLI-2052,1194195.35,2025-08-03
INV-3986,CLI-3877,1222159.27,2025-11-11
INV-7104,CLI-4134,377435.80,2026-08-13
INV-5864,CLI-4552,1165680.01,2025-08-18
INV-3775,CLI-1032,1223434.27,2026-02-08
INV-6134,CLI-1932,1169473.25,
INV-4516,CLI-3744,370770.86,2025-12-29
INV-1480,CLI-1180,1044952.44,2026-06-27
INV-1588,CLI-4037,1072141.45,2026-08-23
INV-5543,CLI-3831,674463.27,2026-08-20
INV-4296,CLI-4577,507594.21,2026-09-24
INV-1117,CLI-4309,1954718.96,2025-10-17
INV-5263,CLI-1858,1206193.56,2026-08-28
INV-3134,CLI-4025,1436311.33,2026-01-13
INV-6384,CLI-4844,79405.97,2026-09-18
INV-1624,CLI-3854,1102476.03,2026-11-29
INV-1427,CLI-0582,,2026-07-31
INV-5850,CLI-4911,1874328.93,2026-06-08
INV-5924,CLI-0305,676009.10,2026-12-07
INV-1053,CLI-1837,1572731.35,2025-06-30
INV-4365,CLI-3473,846665.02,2025-10-27
INV-3906,CLI-4258,372701.41,2026-06-29
INV-6960,CLI-1387,603716.29,05-02-2026
INV-2658,CLI-2715,"₹16,050.81",2026-08-30
INV-7364,CLI-1387,1744563.60,2025-12-11
INV-3733,CLI-4118,"₹1,527,144.81",2026-11-11
INV-3488,CLI-2941,128919.18,2026-01-18
INV-6041,CLI-4387,"₹1,479,632.67",2026-04-21
INV-2176,CLI-3652,883399.26,2026-03-22
INV-5064,CLI-3520,238716.59,2025-11-24
INV-6749,CLI-0883,675055.74,2026-07-07
INV-6022,CLI-3412,633626.91,2025-11-06
INV-2258,CLI-0915,851380.53,2026-12-20
INV-6957,CLI-2132,1249627.11,2025-09-08
INV-1364,CLI-0511,469206.33,2026-10-22
INV-7378,CLI-4944,1910209.20,2026-05-09
INV-4223,CLI-1427,664938.90,2025-11-10
INV-4292,CLI-3650,846054.61,2026-06-27
INV-7459,CLI-3988,1383581.40,2026-02-14
INV-1192,CLI-1305,249732.58,
INV-6803,CLI-2627,1516212.82,2026-02-22
INV-1653,CLI-4736,305706.10,2026-04-04
INV-2880,CLI-1890,304874.68,2026-11-02
INV-1965,CLI-3069,1453768.34,2025-12-16
INV-3056,CLI-2051,546573.26,2025-10-09
INV-4145,CLI-2829,,2026-05-03
INV-3584,CLI-0253,17233.59,2026-05-01
INV-6250,CLI-1447,735112.98,2025-07-18
INV-1231,CLI-0958,973066.53,2026-09-12
INV-4558,CLI-0872,675470.84,2025-07-08
INV-5275,CLI-4723,376014.76,2026-10-27
INV-3520,CLI-3272,1315121.57,21-11-2025
INV-6712,CLI-1275,166043.65,2026-02-01
INV-6847,CLI-0695,"₹788,164.09",2025-09-04
INV-5330,CLI-2812,1228563.72,2026-09-07
INV-4939,CLI-3312,244553.99,2026-09-30
INV-3126,CLI-3719,1998484.20,2026-08-14
INV-4572,CLI-3212,1141159.17,2026-01-09
INV-4284,CLI-0328,"₹1,800,232.46",2026-05-26
INV-4976,CLI-4154,36270.36,2026-09-17
INV-6947,CLI-1584,1650315.70,2025-07-12
INV-7287,CLI-3044,1937433.25,2026-03-05
INV-2162,CLI-3140,N/A,2025-12-30
INV-4327,CLI-4727,-1845633.36,2026-04-16
INV-7127,CLI-4928,971512.18,2025-06-18
INV-7077,CLI-1914,1817451.36,2026-11-24
INV-6735,CLI-0173,327636.34,2026-11-05
INV-1594,CLI-2963,843952.26,2025-06-01
INV-4750,CLI-4492,979443.98,2025-07-18
INV-1307,CLI-0040,1361614.54,2026-12-31
INV-3316,CLI-1061,897942.51,2025-11-23
INV-2961,CLI-2764,1981510.79,2026-10-04
INV-3194,CLI-4444,129729.74,2026-08-09
INV-6521,CLI-3078,180998.09,2025-12-21
INV-6026,CLI-1786,148183.46,2026-01-10
INV-6531,CLI-1222,1822062.10,2026-11-28
INV-4980,CLI-3313,"₹1,632,765.00",2026-09-03
INV-2121,CLI-2994,1910297.06,2025-08-13
INV-6396,CLI-0660,764138.07,2026-10-15
INV-3788,CLI-2427,1667321.14,2026-04-29
INV-2656,CLI-1156,1534997.26,01-09-2026
INV-2090,CLI-3640,496828.38,2026-07-07
INV-3148,CLI-3338,503108.84,2026-08-20
INV-1713,CLI-2738,1929896.77,2026-05-02
INV-1228,CLI-3541,262173.62,2026-08-09
INV-2735,CLI-4520,17942.74,2025-12-20
INV-4626,CLI-4191,1321597.90,2025-12-09
INV-4688,CLI-4376,424617.95,2026-05-25
INV-7319,CLI-0822,1000306.62,2026-05-29
INV-4401,CLI-4976,978109.13,2026-03-07
INV-6411,CLI-4632,1101777.44,2026-06-04
INV-4569,CLI-2329,,2026-01-25
INV-2327,CLI-2536,772055.60,2026-12-10
INV-3516,CLI-3084,959962.67,2026-07-03
INV-7180,CLI-1002,515362.26,2026-12-03
INV-4454,CLI-2043,19834.87,2026-12-03
INV-2285,CLI-1208,"₹723,570.51",2026-04-25
INV-2871,CLI-0954,1779806.68,2026-02-09
INV-4827,CLI-0047,1881671.29,2025-12-02
INV-6145,CLI-3368,985103.46,2025-12-08
INV-6133,CLI-3159,183230.28,2026-07-13
INV-6861,CLI-4614,1946641.16,2026-09-10
INV-4506,CLI-3143,1100343.94,2026-09-22
INV-5022,CLI-3102,1876760.99,2025-11-05
INV-2744,CLI-1114,839039.94,2025-12-25
INV-6758,CLI-0481,1051612.77,25-05-2026
INV-5592,CLI-0907,382959.00,2026-03-30
INV-5644,CLI-0827,1615839.62,2026-01-16
INV-5972,CLI-4750,1513099.31,2025-07-06
INV-2566,CLI-3378,"₹1,787,412.63",2025-08-28
INV-3879,CLI-2320,570688.28,2026-06-27
INV-6394,CLI-0684,1334623.93,2025-06-19
INV-4749,CLI-0899,1158882.90,2026-08-16
INV-3583,CLI-4202,-73701.83,2026-01-30
INV-4991,CLI-0646,1128106.30,2026-10-17
INV-4926,CLI-3716,96638.98,2026-09-25
INV-2237,CLI-4052,381314.77,2025-12-24
INV-6831,CLI-0291,465681.30,2025-08-26
INV-5321,CLI-4440,1875545.49,2025-11-18
INV-2107,CLI-1013,1163365.04,2026-03-27
INV-6930,CLI-1068,1077023.96,2026-08-16
INV-1543,CLI-0885,1507525.86,2025-09-01
INV-6998,CLI-2166,776500.57,2026-10-08
INV-5815,CLI-3562,1630417.13,2026-07-30
INV-1057,CLI-4206,1965311.39,2026-09-19
INV-1546,CLI-1424,389333.10,2026-07-29
INV-4202,CLI-4974,919205.84,2026-12-30
INV-6793,CLI-3664,374179.34,2026-02-26
INV-2095,CLI-0708,1116188.24,2025-10-25
INV-6969,CLI-4796,873707.98,2025-08-31
INV-1661,CLI-1474,1905585.85,
INV-1555,CLI-3517,1714610.37,2026-05-04
INV-3590,CLI-4886,760960.09,19-07-2025
INV-1964,CLI-1178,1088619.86,2026-08-24
INV-2301,CLI-0157,1143967.74,2026-02-16
INV-3179,CLI-2636,773426.28,2026-10-27
INV-4446,CLI-4782,196958.14,2026-04-12
INV-5109,CLI-0040,1794713.41,2026-02-09
INV-4439,CLI-0056,1170902.72,2026-04-13
INV-2753,CLI-0617,1597198.15,2025-11-01
INV-5737,CLI-3835,1576190.64,2026-13-05
INV-6452,CLI-2434,13430.51,2026-05-19
INV-6933,CLI-1898,1999995.70,2025-07-28
INV-5027,CLI-0141,727932.64,2025-09-06
INV-5841,CLI-4089,124791.12,2025-07-30
INV-1629,CLI-2531,1120684.69,2026-12-17
INV-5611,CLI-1885,1038055.57,2026-10-17
INV-6611,CLI-4630,1776515.50,2025-12-14
INV-5616,CLI-0387,379546.26,2026-12-11
INV-6883,CLI-1445,1819672.41,2025-07-22
INV-2761,CLI-4672,1187279.63,2025-12-25
INV-2915,CLI-4040,622993.35,2025-06-15
INV-5146,CLI-3065,293623.86,2025-09-21
INV-5882,CLI-0037,1622048.09,2026-09-24
INV-3929,CLI-4901,70590.88,08-04-2026
INV-6632,CLI-3761,11519.94,2026-03-02
INV-2191,CLI-0302,231143.65,2025-10-07
INV-6975,CLI-1955,527456.65,2025-12-17
INV-1804,CLI-0455,1631996.84,2026-08-17
INV-2594,CLI-3605,214834.89,2026-04-17
INV-5545,CLI-0709,1207990.47,2025-10-28
INV-5036,CLI-0065,985450.38,2025-08-27
INV-7221,CLI-0854,994155.85,2025-10-18
INV-2029,CLI-3039,71307.46,2026-09-08
INV-7106,CLI-1160,597545.13,2025-10-06
INV-5980,CLI-1182,1873550.90,2026-09-03
INV-6310,CLI-0771,1718436.68,2026-07-18
INV-5312,CLI-4867,947812.95,2025-06-09
INV-4007,CLI-1088,539317.06,2026-09-12
INV-6657,CLI-3589,1818327.79,2026-07-22
INV-6744,CLI-4783,,2026-09-27
INV-1830,CLI-0777,1960548.62,2025-06-03
INV-4966,CLI-4838,213013.39,2026-11-10
INV-4738,CLI-4831,1617591.14,2026-07-25
INV-5115,CLI-1750,543088.14,2026-02-18
INV-6548,CLI-2848,1210546.47,2025-10-03
INV-6068,CLI-3815,1096764.55,2026-03-02
INV-3181,CLI-3994,,2026-02-14
INV-3216,CLI-1428,844671.99,2026-12-18
INV-1872,CLI-1100,1788563.96,2025-06-19
INV-1104,CLI-3393,1453187.88,2026-05-11
INV-4850,CLI-4175,561381.70,2026-04-29
INV-3040,CLI-0624,1746015.47,2026-11-08
INV-4902,CLI-3825,796116.64,2026-02-16
INV-5198,CLI-4460,1734414.29,2025-06-23
INV-4093,CLI-0188,1354800.77,2026-02-23
INV-7033,CLI-3495,1678373.32,2025-06-29
INV-2038,CLI-4112,412356.29,2026-08-10
INV-1868,CLI-1967,831564.57,2026-01-28
INV-4341,CLI-3475,636245.87,2026-11-27
INV-1142,CLI-0197,98923.26,2026-11-08
INV-2049,CLI-0135,1586977.00,2025-08-27
INV-1926,CLI-3383,175251.43,2025-07-07
INV-6328,CLI-3375,991478.91,2025-06-04
INV-3856,CLI-1053,1215798.34,2026-12-04
INV-5440,CLI-0124,438922.01,2025-08-10
INV-3460,CLI-4287,1301131.53,2026-07-28
INV-3655,CLI-0872,1309273.79,2026-02-05
INV-1077,CLI-2595,1072953.68,2025-11-05
INV-3292,CLI-2995,1313766.20,2025-10-17
