payment_id,invoice_id,payment_date,amount_paid,discount_applied
PAY-5363,INV-5470,2026-08-20,1633771.32,0.00
PAY-4954,INV-5042,,182589.10,2075.70
PAY-6840,INV-6958,2026-10-22,1954588.90,36388.65
PAY-1394,INV-1404,2025-02-30,1495504.90,64686.25
PAY-5206,INV-5310,2025-09-14,1541698.72,0.00
PAY-4162,INV-4237,2026-08-07,531358.74,0.00
PAY-4766,INV-4852,2026-08-12,1495571.78,38394.09
PAY-4473,INV-4555,2025-08-21,1076878.89,38091.04
PAY-4679,INV-4761,2025-11-14,277556.41,0.00
PAY-5488,INV-5595,2026-02-30,1694244.95,6937.09
PAY-6972,INV-7094,2026-02-08,269829.26,10221.07
PAY-3708,INV-3767,2025-06-18,474773.58,6196.77
PAY-3953,INV-4015,2025-08-11,1256798.39,62334.54
PAY-4540,INV-4630,2026-02-30,17283.76,715.37
PAY-1414,INV-1428,2025-08-03,390357.23,0.00
PAY-7308,INV-7432,02-12-2026,879745.03,
PAY-4553,INV-4641,2025-09-17,13903.10,605.96
PAY-7322,INV-7446,2026-08-15,1581719.42,
PAY-3760,INV-3823,2025-12-01,1188849.57,7009.79
PAY-5419,INV-5522,2026-01-15,287730.33,0.00
PAY-5062,INV-5163,2026-07-25,,4568.53
PAY-3353,INV-3413,2025-07-25,1017659.54,0.00
PAY-6861,INV-6976,2025-11-04,1518472.97,31480.45
PAY-1949,INV-1970,2027-01-03,102989.79,0.00
PAY-7003,INV-7125,2025-11-22,197313.36,0.00
PAY-6215,INV-6330,2026-07-03,632167.59,0.00
PAY-1503,INV-1510,,493859.10,14396.91
PAY-7305,INV-7429,2026-08-28,269004.53,0.00
PAY-2601,INV-2619,2026-01-28,162063.34,0.00
PAY-6273,INV-6388,2026-11-07,838003.00,9428.64
PAY-2599,INV-2617,2025-11-01,316313.36,0.00
PAY-3384,INV-3449,2026-12-03,415034.16,3905.23
PAY-1569,INV-1578,2026-03-02,599503.25,13814.63
PAY-7140,INV-7262,2025-12-23,674530.91,0.00
PAY-3216,INV-3278,2025-10-26,1403163.95,0.00
PAY-2000,INV-2028,2026-09-24,671329.41,9440.25
PAY-5035,INV-5131,2026-12-10,12618.67,0.00
PAY-5941,INV-6051,2025-09-23,1856790.57,0.00
PAY-3892,INV-3958,2026-09-03,577825.92,0.00
PAY-1747,INV-1759,2026-08-19,1604743.75,0.00
PAY-5088,INV-5192,2025-09-01,184768.21,15487.40
PAY-2593,INV-2612,2026-02-06,353216.45,-26099.92
PAY-5800,INV-5912,2025-12-30,-1657919.05,0.00
PAY-1144,INV-1152,2026-05-02,1740289.50,0.00
PAY-6611,INV-6725,2025-11-12,306362.82,0.00
PAY-4672,INV-4757,2026-07-03,639969.03,0.00
PAY-5752,INV-5864,2025-10-01,1122458.76,43221.25
PAY-2417,INV-2440,2026-09-16,275383.96,0.00
PAY-7195,INV-7321,2025-10-01,756256.46,0.00
PAY-3900,INV-3966,10-07-2025,359273.11,0.00
PAY-5108,INV-5211,2025-08-05,409947.50,0.00
PAY-4635,INV-4726,2025-09-01,-1729177.53,0.00
PAY-7012,INV-7137,2026-05-20,152179.01,3295.35
PAY-1981,INV-2008,2026-09-12,1227001.76,0.00
PAY-1212,INV-1218,2025-09-26,,43895.68
PAY-2763,INV-2782,2025-06-09,1519688.31,0.00
PAY-5274,INV-5378,2026-06-07,318936.61,1735.70
PAY-1424,INV-1436,2025-10-24,1924038.52,0.00
PAY-6872,INV-6986,2026-07-31,1705255.13,52711.74
PAY-4127,INV-4197,2025-09-01,1744800.65,0.00
PAY-5908,INV-6023,11-03-2026,,
PAY-3423,INV-3489,2025-08-29,1619695.33,0.00
PAY-5966,INV-6079,2026-06-29,953062.96,0.00
PAY-1139,INV-1145,2025-07-26,592088.97,18714.28
PAY-3637,INV-3696,2026-10-24,1282972.61,
PAY-2265,INV-2287,,1615101.16,0.00
PAY-4839,INV-4929,2025-11-30,964109.17,-11239.51
PAY-5780,INV-5892,2025-09-24,533808.64,0.00
PAY-1399,INV-1410,2025-10-11,172685.18,0.00
PAY-5219,INV-5324,2026-07-23,1533340.06,0.00
PAY-6036,INV-6147,2025-07-25,256125.92,0.00
PAY-5938,INV-6048,2026-02-11,658888.21,0.00
PAY-5446,INV-5554,2026-01-05,1247347.86,33069.25
PAY-7145,INV-7267,2025-09-05,993964.04,0.00
PAY-4998,INV-5092,2026-05-08,1619858.65,0.00
PAY-3949,INV-4011,2026-05-24,488996.09,1363.61
PAY-5033,INV-5130,2026-07-13,1470113.47,68965.28
PAY-6262,INV-6375,2026-01-19,77037.53,0.00
PAY-7022,INV-7148,2026-11-18,1177254.73,0.00
PAY-6246,INV-6361,2025-11-10,1271262.52,44801.50
PAY-4692,INV-4773,2026-09-13,576934.87,0.00
PAY-3291,INV-3357,2026-07-23,1784856.24,0.00
PAY-4406,INV-4482,11-12-2025,894001.17,0.00
PAY-4061,INV-4126,2026-07-02,,31955.98
PAY-3910,INV-3974,2026-12-05,1660393.34,0.00
PAY-7015,INV-7142,2026-02-24,304327.73,0.00
PAY-6187,INV-6299,2026-05-16,,
PAY-2470,INV-2485,2025-05-15,1005240.21,0.00
PAY-3594,INV-3655,,1309273.79,0.00
PAY-3010,INV-3043,2026-08-03,312899.43,0.00
PAY-3613,INV-3674,2025-11-14,507675.13,59400.81
PAY-3212,INV-3274,2025-12-30,115775.46,534.57
PAY-1666,INV-1681,2025-07-20,361673.16,
PAY-2626,INV-2648,2026-06-05,399789.96,0.00
PAY-1580,INV-1592,2025-06-05,305862.04,17290.53
PAY-5211,INV-5316,2026-05-03,1590736.98,0.00
PAY-6037,INV-6148,2026-01-12,1069607.03,0.00
PAY-6153,INV-6263,2026-05-23,1090416.34,
PAY-7439,INV-9456,2026-06-14,352917.01,0.00
PAY-5876,INV-5991,2026-10-02,896477.68,0.00
PAY-4334,INV-4409,2026-07-30,,0.00
PAY-1855,INV-1870,2026-05-20,1354512.51,54404.11
PAY-3345,INV-3405,2026-03-24,645685.16,28499.60
PAY-4213,INV-4291,2025-10-17,1654883.87,0.00
PAY-5629,INV-5734,2025-07-24,289511.54,3445.28
PAY-4816,INV-4906,2026-10-03,39397.38,0.00
PAY-1998,INV-2026,2026-04-11,1344156.44,0.00
PAY-2987,INV-3019,2026-10-11,91574.97,0.00
PAY-5181,INV-5286,2025-08-25,1145366.23,0.00
PAY-5074,INV-5177,2026-10-03,1260851.68,0.00
PAY-4445,INV-4524,2027-02-09,1431454.27,0.00
PAY-5535,INV-5641,2026-05-11,243700.04,0.00
PAY-3035,INV-3069,2026-10-13,,0.00
PAY-6977,INV-7099,2025-09-19,242989.06,25046.02
PAY-2795,INV-2815,2026-02-16,863896.62,0.00
PAY-7333,INV-7455,2026-04-04,509669.35,9547.03
PAY-7368,INV-7490,2026-04-29,1638717.59,13490.21
PAY-1923,INV-1943,2026-10-05,144749.31,0.00
PAY-1281,INV-1290,2026-07-07,308251.70,2873.50
PAY-4266,INV-4344,2026-11-26,492789.61,0.00
PAY-3564,INV-3622,2026-07-25,1422281.64,0.00
PAY-6992,INV-7114,2025-10-22,73106.77,145.87
PAY-2077,INV-2096,2026-01-13,1125791.63,9771.48
PAY-3980,INV-4046,2025-06-28,856910.87,35488.30
PAY-3014,INV-3048,2026-11-30,1238783.26,0.00
PAY-1327,INV-1338,2026-02-30,1902678.88,0.00
PAY-2271,INV-2295,2026-05-28,1832691.80,20769.85
PAY-4514,INV-4595,2025-07-26,700572.15,0.00
PAY-3346,INV-3406,2026-08-25,428975.74,0.00
PAY-4941,INV-5029,2025-12-22,257381.81,1134.52
PAY-5796,INV-5907,2025-07-24,1438857.50,44055.58
PAY-3085,INV-3123,2026-08-30,1925521.91,37715.92
PAY-2919,INV-2949,2026-09-04,1925255.87,0.00
PAY-2320,INV-2345,2026-03-03,506019.69,9794.98
PAY-5118,INV-5220,2026-12-09,1647163.64,0.00
PAY-5733,INV-5846,2026-02-30,789955.63,0.00
PAY-5307,INV-5412,2026-10-19,371276.90,0.00
PAY-1819,INV-1833,2026-03-13,496285.80,0.00
PAY-2479,INV-2494,2026-01-02,1760127.74,68700.35
PAY-2243,INV-2266,2026-03-04,35249.10,703.09
PAY-3029,INV-3064,2026-08-30,1594332.51,0.00
PAY-2248,INV-2272,2026-06-01,931670.76,0.00
PAY-5645,INV-5749,2026-03-26,349188.73,0.00
PAY-6442,INV-6561,2026-11-07,439299.78,0.00
PAY-2313,INV-2338,2026-05-31,1025593.37,38646.53
PAY-5979,INV-6092,2025-07-28,1055225.51,13544.43
PAY-6987,INV-7108,2025-09-18,399386.50,0.00
PAY-1772,INV-1783,2026-04-17,1820965.92,0.00
PAY-7241,INV-7367,2026-02-18,1286022.76,0.00
PAY-1343,INV-1354,2026-10-16,804778.23,0.00
PAY-4119,INV-4187,2025-11-13,564259.60,0.00
PAY-7280,INV-7404,2026-12-08,1314703.20,16765.84
PAY-2722,INV-2738,2026-03-22,163007.17,0.00
PAY-2777,INV-2797,2025-09-23,626913.50,0.00
PAY-1558,INV-1567,2025-07-26,1225251.28,39310.81
PAY-4547,INV-4636,2026-09-04,406008.33,0.00
PAY-6846,INV-6962,2026-03-27,407136.03,13324.08
PAY-6824,INV-6939,2026-02-05,872715.68,14056.54
PAY-3452,INV-3518,2026-11-28,1269620.71,0.00
PAY-5248,INV-5353,2025-06-04,109365.52,0.00
PAY-2376,INV-2404,2025-12-26,166878.65,0.00
PAY-7295,INV-7418,2026-11-09,273329.55,0.00
PAY-2800,INV-2819,2025-05-24,69709.39,0.00
PAY-4746,INV-4827,,1821547.80,
PAY-2093,INV-2110,2026-10-08,406501.64,0.00
PAY-7456,INV-9467,2026-01-13,418060.05,0.00
PAY-5789,INV-5901,19-09-2026,1253627.74,0.00
PAY-2971,INV-3005,2025-10-08,798625.60,32115.08
PAY-6716,INV-6828,2025-10-31,355727.86,0.00
PAY-1600,INV-1613,2026-01-10,140028.70,0.00
PAY-1917,INV-1937,2026-08-16,412255.97,940.12
PAY-2439,INV-2459,2026-07-06,960684.65,
PAY-7461,INV-9030,2025-06-14,203339.24,0.00
PAY-6610,INV-6725,2025-12-25,148810.23,19039.68
PAY-3223,INV-3284,2025-09-08,186767.85,7034.72
PAY-4064,INV-4129,2025-12-15,203241.42,1728.68
PAY-2713,INV-2729,2026-02-13,1534832.16,78107.25
PAY-3976,INV-4041,2025-08-15,1946611.39,0.00
PAY-5200,INV-5305,2027-01-15,1298094.44,21653.12
PAY-2760,INV-2777,2026-08-24,1987192.98,0.00
PAY-5744,INV-5857,2025-08-05,1181473.63,0.00
PAY-2964,INV-2999,2025-07-08,212747.43,0.00
PAY-7223,INV-7350,2025-08-30,,0.00
PAY-6044,INV-6156,2026-07-13,303150.29,2479.90
PAY-2312,INV-2337,2026-08-11,105910.86,-11211.29
PAY-5984,INV-6097,2025-12-26,1773325.40,0.00
PAY-6817,INV-6931,2025-10-18,,
PAY-6001,INV-6113,2026-07-22,20229.69,1425.98
PAY-2704,INV-2721,2026-01-31,126449.07,18531.05
PAY-3963,INV-4025,2027-01-06,683764.64,0.00
PAY-3575,INV-3639,2026-04-15,470014.14,15471.44
PAY-4378,INV-4455,,1956582.17,0.00
PAY-6594,INV-6711,2026-04-28,423687.26,0.00
PAY-3550,INV-3606,2026-03-30,1496203.14,18451.37
PAY-4711,INV-4792,2025-06-15,1384444.21,34737.22
PAY-4083,INV-4152,2026-12-04,563748.84,0.00
PAY-3081,INV-3119,01-08-2025,656281.22,0.00
PAY-6997,INV-7119,2025-11-10,1185671.57,29517.79
PAY-5517,INV-5623,,241836.69,0.00
PAY-2718,INV-2733,2025-11-27,196526.91,0.00
PAY-4090,INV-4159,2026-04-03,658652.48,0.00
PAY-6825,INV-6939,2026-02-04,749514.28,0.00
PAY-7458,INV-9337,2026-10-17,43653.46,0.00
PAY-5915,INV-6029,2025-10-29,613731.81,0.00
PAY-7016,INV-7142,2026-04-28,395419.52,28519.03
PAY-2861,INV-2887,,800484.95,0.00
PAY-5864,INV-5979,2026-11-30,710070.74,0.00
PAY-5375,INV-5483,2026-08-22,1391091.09,0.00
PAY-7384,INV-9351,2025-11-22,488805.23,0.00
PAY-4704,INV-4786,2026-05-12,1531492.04,0.00
PAY-4752,INV-4834,26-03-2026,834706.03,0.00
PAY-5606,INV-5709,2026-05-14,619180.01,0.00
PAY-1723,INV-1735,2026-11-07,267966.06,0.00
PAY-2848,INV-2876,2026-08-12,288995.02,0.00
PAY-3588,INV-3649,2026-05-04,614372.45,13039.43
PAY-1640,INV-1655,2026-06-06,1727832.96,0.00
PAY-6300,INV-6412,2025-10-12,361125.81,0.00
PAY-6591,INV-6709,2026-01-01,1284214.42,9853.88
PAY-5028,INV-5124,2025-07-03,395656.46,0.00
PAY-3567,INV-3626,2026-04-28,334999.96,0.00
PAY-2190,INV-2210,2025-06-13,624100.94,57227.21
PAY-5218,INV-5323,11-10-2026,243325.70,0.00
PAY-5819,INV-5930,2026-04-20,1422748.07,36270.77
PAY-5883,INV-6001,2025-12-27,1679006.76,0.00
PAY-6150,INV-6260,2026-10-08,,
PAY-6565,INV-6681,2026-09-29,188737.17,9370.96
PAY-3629,INV-3689,2026-08-30,1874689.57,0.00
PAY-1140,INV-1146,2026-01-12,356071.15,0.00
PAY-1956,INV-1980,2025-12-05,1833652.50,6502.84
PAY-4572,INV-4658,2025-09-30,1665634.20,0.00
PAY-2536,INV-2553,2026-08-06,,70681.19
PAY-5268,INV-5373,2026-08-03,1299948.95,39509.94
PAY-5955,INV-6069,2025-07-20,1465041.61,0.00
PAY-1821,INV-1836,2025-05-27,1085970.49,0.00
PAY-4170,INV-4244,2026-10-07,876203.17,35116.68
PAY-1372,INV-1384,2026-05-26,1171020.52,0.00
PAY-1934,INV-1957,2026-10-22,1981697.34,0.00
PAY-7329,INV-7452,2026-01-12,170917.37,0.00
PAY-5409,INV-5514,2026-05-19,696139.17,9115.89
PAY-2993,INV-3025,2026-01-01,1690354.40,63371.94
PAY-1754,INV-1766,2025-11-04,1020237.91,0.00
PAY-3281,INV-3344,2025-07-28,732859.12,
PAY-1186,INV-1194,2026-03-17,1805503.39,90906.79
PAY-4534,INV-4621,2026-04-09,1896186.16,97446.93
PAY-3733,INV-3795,2026-07-20,1830189.32,44647.55
PAY-1731,INV-1741,2025-08-23,520069.83,0.00
PAY-4401,INV-4478,2025-06-05,375093.22,0.00
PAY-5927,INV-6039,2025-12-13,30297.70,0.00
PAY-3473,INV-3538,2026-11-06,241134.22,21703.70
PAY-1259,INV-1269,2026-03-20,383231.56,0.00
PAY-3184,INV-3245,16-10-2026,520076.42,14606.63
PAY-2306,INV-2333,2026-07-23,911884.04,0.00
PAY-5491,INV-5597,2025-05-15,1958973.46,0.00
PAY-2548,INV-2568,2025-08-12,983771.98,0.00
PAY-2345,INV-2372,2026-08-21,-1651113.50,43751.44
PAY-1200,INV-1206,2025-10-22,991354.99,13697.11
PAY-7317,INV-7441,,1251830.27,35416.60
PAY-4758,INV-4842,2026-09-05,140962.86,0.00
PAY-1227,INV-1234,2026-04-20,853804.72,55273.98
PAY-2386,INV-2413,2026-04-08,1646002.43,65066.86
PAY-5185,INV-5289,2025-10-09,1139484.49,0.00
PAY-4326,INV-4401,2026-02-05,371701.57,0.00
PAY-5868,INV-5982,05-01-2027,1028982.11,13545.44
PAY-6219,INV-6334,2025-06-20,1870057.23,0.00
PAY-2468,INV-2483,2026-11-27,404069.65,19383.49
PAY-3266,INV-3327,2026-11-09,845686.63,0.00
PAY-4526,INV-4611,2026-11-01,906679.28,43865.95
PAY-6709,INV-6822,2025-09-23,630575.98,45950.72
PAY-5083,INV-5186,2025-12-13,1222346.63,33282.94
PAY-5595,INV-5699,2025-11-28,1063982.63,36248.10
PAY-3767,INV-3832,2026-08-21,1245477.50,0.00
PAY-6929,INV-7052,2025-12-25,1337959.45,0.00
PAY-7379,INV-9208,2026-05-06,58660.59,0.00
PAY-3313,INV-3377,2025-06-03,1381443.51,52889.84
PAY-3296,INV-3361,2026-03-22,970326.19,0.00
PAY-6865,INV-6980,2026-04-21,,20925.26
PAY-5614,INV-5717,2026-03-13,1400416.84,0.00
PAY-3795,INV-3860,2025-09-22,348508.75,0.00
PAY-2689,INV-2709,2025-09-14,620059.90,0.00
PAY-6396,INV-6509,2026-08-04,724446.29,37803.81
PAY-2454,INV-2469,2026-12-25,539927.63,35737.33
PAY-2367,INV-2397,2026-04-22,273629.05,0.00
PAY-3541,INV-3596,2026-04-07,573981.10,13537.74
PAY-5008,INV-5102,2025-10-03,97564.70,10013.63
PAY-1110,INV-1114,2025-10-25,5481.67,103.35
PAY-1304,INV-1314,29-12-2025,518716.08,45572.86
PAY-1959,INV-1984,2025-07-15,1817026.15,0.00
PAY-4983,INV-5076,19-03-2026,1650287.38,31987.89
PAY-2805,INV-2826,2026-09-18,1468070.27,0.00
PAY-4739,INV-4819,2026-11-04,1248935.47,0.00
PAY-4379,INV-4457,2026-02-24,1032372.06,0.00
PAY-6952,INV-7074,2025-08-11,1558294.01,7902.30
PAY-5225,INV-5330,2026-10-10,1191620.15,36943.57
PAY-6954,INV-7076,2026-05-30,1943437.58,0.00
PAY-1195,INV-1201,2026-03-11,539692.62,0.00
PAY-2539,INV-2558,2026-09-21,671530.21,0.00
PAY-5270,INV-5375,2026-02-30,545363.74,37034.54
PAY-5549,INV-5655,2026-11-21,1168215.77,0.00
PAY-4320,INV-4396,2025-10-09,454399.15,0.00
PAY-4389,INV-4467,2026-05-25,180679.26,9170.98
PAY-4041,INV-4105,2026-09-06,1715069.06,2703.11
PAY-4808,INV-4897,2026-05-01,311690.51,0.00
PAY-1693,INV-1707,2026-07-14,1521911.03,0.00
PAY-6097,INV-6208,2026-12-07,403806.42,19582.15
PAY-3868,INV-3932,2026-08-29,700956.43,0.00
PAY-3482,INV-3547,02-10-2025,700755.01,21062.99
PAY-7248,INV-7374,2026-09-24,1933410.43,11906.16
PAY-4435,INV-4513,2025-11-08,-1427847.66,-343.29
PAY-1924,INV-1944,2026-11-30,1658738.42,84096.17
PAY-1583,INV-1595,2026-05-04,698276.17,0.00
PAY-7062,INV-7183,2025-12-14,134142.41,1376.12
PAY-4409,INV-4484,2025-12-30,1117342.54,0.00
PAY-1564,INV-1574,2026-09-06,1435133.20,18002.24
PAY-4942,INV-5030,2025-09-14,963366.95,18380.04
PAY-1457,INV-1468,2026-01-03,1160188.83,0.00
PAY-5158,INV-5263,2026-10-09,1206193.56,0.00
PAY-7460,INV-9054,2026-09-21,496298.79,0.00
PAY-5151,INV-5255,2027-01-03,1013351.12,0.00
PAY-4479,INV-4560,2025-07-23,918589.16,0.00
PAY-4432,INV-4510,07-06-2025,1647244.52,0.00
PAY-3599,INV-3660,2026-04-22,425812.94,0.00
PAY-3421,INV-3486,2025-09-30,36613.40,1612.24
PAY-1185,INV-1193,2025-11-01,427107.06,78.43
PAY-2811,INV-2835,2026-06-20,1904818.20,55407.12
PAY-2027,INV-2056,2025-07-13,1247826.25,0.00
PAY-5990,INV-6103,2026-12-03,863907.57,0.00
PAY-4485,INV-4566,2026-03-09,204892.49,0.00
PAY-6806,INV-6919,2026-03-03,890738.65,0.00
PAY-5242,INV-5348,2026-08-19,129543.90,-2421.69
PAY-6100,INV-6210,2025-10-29,1831844.26,0.00
PAY-1530,INV-1536,2026-12-19,746221.94,0.00
PAY-5456,INV-5563,2026-10-22,603388.41,22470.72
PAY-4151,INV-4227,2025-11-03,1118918.65,0.00
PAY-3924,INV-3986,2025-11-03,1214999.59,7159.68
PAY-7407,INV-9281,2025-09-24,247521.38,0.00
PAY-6927,INV-7048,2026-01-27,1190635.26,42207.87
PAY-4885,INV-4975,2026-09-15,1766436.78,51238.13
PAY-1813,INV-1824,2026-06-08,1559919.48,
PAY-6886,INV-7006,2026-01-19,1164908.39,0.00
PAY-1300,INV-1310,2025-12-30,789588.04,0.00
PAY-1249,INV-1258,2025-08-07,1643893.79,21482.40
PAY-2198,INV-2221,2026-07-04,658310.46,0.00
PAY-2042,INV-2067,2026-06-25,438481.02,0.00
PAY-6251,INV-6365,2025-09-17,116567.75,0.00
PAY-2257,INV-2279,2025-08-21,626338.45,0.00
PAY-2589,INV-2607,2026-10-02,1921011.07,0.00
PAY-6633,INV-6748,2025-12-19,1596021.40,54532.55
PAY-2492,INV-2508,2026-12-28,1037801.28,32747.66
PAY-5228,INV-5332,2026-02-30,1609999.16,70486.91
PAY-2078,INV-2096,2025-12-15,527524.98,0.00
PAY-2122,INV-2141,2026-11-25,,0.00
PAY-6600,INV-6715,2026-02-01,1017959.41,45570.51
PAY-6890,INV-7011,2026-01-02,1999507.66,0.00
PAY-3739,INV-3801,2025-06-07,903373.14,-965.68
PAY-4056,INV-4120,2026-09-03,509569.08,23065.97
PAY-1407,INV-1418,2026-07-24,799598.00,28863.81
PAY-3908,INV-3972,2025-11-21,720303.39,80565.01
PAY-3813,INV-3878,2026-02-27,680229.88,12909.52
PAY-3694,INV-3753,2025-11-03,1465437.33,0.00
PAY-4182,INV-4257,2026-06-13,1168219.72,0.00
PAY-2267,INV-2290,2026-02-06,48503.59,1771.01
PAY-3551,INV-3607,2026-01-29,413679.06,0.00
PAY-4459,INV-4539,2025-11-14,,0.00
PAY-3399,INV-3466,2026-02-26,513758.36,0.00
PAY-5786,INV-5898,2026-10-01,1901154.01,0.00
PAY-5858,INV-5971,2026-07-11,1690496.83,0.00
PAY-1872,INV-1890,2026-09-26,1055031.57,0.00
PAY-6139,INV-6248,2025-06-23,84703.58,3756.99
PAY-6857,INV-6972,2026-04-06,1543932.44,43757.43
PAY-4896,INV-4987,2026-12-01,1026574.54,0.00
PAY-4121,INV-4188,2026-03-12,796974.92,0.00
PAY-1483,INV-1492,2025-09-27,719665.24,0.00
PAY-6833,INV-6948,21-11-2026,336056.60,0.00
PAY-2247,INV-2271,2026-04-22,1514578.12,14135.97
PAY-5054,INV-5152,,558521.22,0.00
PAY-4349,INV-4424,2025-09-18,420634.25,0.00
PAY-2613,INV-2633,2026-04-23,213796.39,0.00
PAY-6524,INV-6644,2026-03-26,467129.91,0.00
PAY-2404,INV-2430,2026-03-20,1775732.98,0.00
PAY-1811,INV-1821,2026-10-13,644555.60,
PAY-5920,INV-6033,2027-01-03,-1227018.14,0.00
PAY-2891,INV-2920,2025-12-21,1555302.54,0.00
PAY-4699,INV-4779,2025-07-31,805222.11,60983.48
PAY-5273,INV-5377,10-01-2026,1810402.75,44939.91
PAY-1994,INV-2022,2026-04-22,36320.85,0.00
PAY-4986,INV-5079,2025-10-02,1086476.98,0.00
PAY-3697,INV-3756,2025-08-14,361199.44,0.00
PAY-3309,INV-3374,2025-07-21,770391.99,0.00
PAY-2584,INV-2603,2025-08-02,867425.98,36685.14
PAY-6602,INV-6717,2026-06-28,1715445.24,0.00
PAY-6649,INV-6763,2025-06-16,432876.89,0.00
PAY-6482,INV-6605,2026-06-09,438722.02,0.00
PAY-4962,INV-5052,2026-05-04,888347.97,0.00
PAY-7271,INV-7398,2026-06-25,845261.95,0.00
PAY-2790,INV-2810,2026-01-19,822217.79,10454.21
PAY-5442,INV-5549,2025-08-19,1080459.61,16818.81
PAY-4769,INV-4854,2026-01-07,25855.85,0.00
PAY-1568,INV-1577,2025-06-02,1334487.72,0.00
PAY-2369,INV-2399,2026-08-06,231695.89,24869.27
PAY-7030,INV-7155,2025-09-18,1207901.89,47929.20
PAY-5123,INV-5224,2026-07-24,670669.17,0.00
PAY-3653,INV-3711,2025-07-20,305746.71,11240.73
PAY-2822,INV-2849,2025-09-18,617932.07,19879.26
PAY-1577,INV-1590,2025-09-05,1879937.96,0.00
PAY-1241,INV-1248,2026-12-10,1236101.98,45001.82
PAY-1746,INV-1758,2026-11-09,1545098.88,66109.20
PAY-3189,INV-3250,,446658.52,1956.39
PAY-3945,INV-4008,2026-05-17,572534.14,0.00
PAY-2250,INV-2273,2026-03-10,499786.14,33152.45
PAY-6503,INV-6627,2026-05-21,1265939.37,47029.14
PAY-3940,INV-4004,2026-11-20,792093.06,56387.34
PAY-2373,INV-2402,2026-01-14,355967.75,0.00
PAY-3323,INV-3384,2026-12-21,602346.98,0.00
PAY-4050,INV-4116,2026-12-20,966597.40,22071.25
PAY-1708,INV-1722,2025-11-15,1278579.35,33865.17
PAY-5237,INV-5342,2025-12-30,1832577.41,71552.72
PAY-2874,INV-2903,2025-11-28,1034977.42,0.00
PAY-2738,INV-2754,,1603098.73,0.00
PAY-4431,INV-4509,2026-10-17,270950.50,-13191.61
PAY-1982,INV-2009,2025-07-29,1342739.51,0.00
PAY-6138,INV-6247,2026-09-28,1847720.66,84664.13
PAY-6718,INV-6831,2025-09-06,465681.30,0.00
PAY-5555,INV-5660,2026-03-10,101479.46,2182.63
PAY-6859,INV-6975,2025-12-18,282482.31,0.00
PAY-5540,INV-5645,2025-11-13,1280152.97,0.00
PAY-5600,INV-5703,2025-09-13,1183139.49,12988.78
PAY-4685,INV-4766,2025-08-20,,0.00
PAY-4886,INV-4976,2026-10-10,36270.36,0.00
PAY-3487,INV-3552,2026-06-13,1838235.32,90085.49
PAY-6909,INV-7031,2026-08-23,,0.00
PAY-1978,INV-2005,2026-02-30,820455.79,0.00
PAY-4894,INV-4985,2025-12-23,1966357.03,0.00
PAY-6726,INV-6840,2025-08-17,534702.83,17198.61
PAY-7144,INV-7266,2026-10-12,537721.77,0.00
PAY-6249,INV-6363,2026-03-09,349269.11,180.91
PAY-6490,INV-6613,2026-04-16,196540.31,2855.50
PAY-5041,INV-5137,2026-03-10,703483.34,69855.68
PAY-4268,INV-4345,2026-10-05,456870.26,75613.97
PAY-4695,INV-4775,2026-12-10,610906.74,12316.34
PAY-5197,INV-5302,2025-06-11,-1100131.01,0.00
PAY-1478,INV-1489,2026-09-18,329144.42,0.00
PAY-5627,INV-5731,2025-05-15,1732888.38,0.00
PAY-1756,INV-1767,2026-08-10,74523.70,0.00
PAY-5070,INV-5174,2026-07-19,1795911.09,0.00
PAY-5620,INV-5724,2025-08-14,148980.05,0.00
PAY-3181,INV-3243,2026-08-08,338219.38,0.00
PAY-3073,INV-3109,2026-06-24,557519.58,10777.75
PAY-5846,INV-5959,2025-10-25,1766274.01,0.00
PAY-2352,INV-2382,2026-02-04,108405.28,3747.74
PAY-1563,INV-1572,2025-08-18,1819099.24,0.00
PAY-1519,INV-1527,2026-11-07,74907.58,0.00
PAY-5681,INV-5792,2026-05-25,1610127.79,0.00
PAY-7184,INV-7308,2025-12-08,476764.57,4485.02
PAY-2451,INV-2467,2026-02-13,190509.67,15335.36
PAY-2655,INV-2676,2025-07-22,583917.60,0.00
PAY-2048,INV-2071,2026-11-28,1716571.72,0.00
PAY-2003,INV-2031,2025-08-23,883577.26,16049.17
PAY-4874,INV-4966,2026-11-22,134671.20,7489.31
PAY-6871,INV-6985,2026-08-10,1828466.73,12063.30
PAY-1757,INV-1768,30-04-2026,1439490.20,0.00
PAY-6919,INV-7039,2026-12-15,1580221.50,0.00
PAY-6336,INV-6448,2026-01-16,820363.34,0.00
PAY-3245,INV-3305,2025-09-16,996189.97,0.00
PAY-7360,INV-7482,2026-08-29,,0.00
PAY-4017,INV-4082,2025-10-10,1491985.26,0.00
PAY-6387,INV-6500,2025-11-21,551582.79,14214.85
PAY-4364,INV-4441,2025-07-18,1834358.68,0.00
PAY-4407,INV-4483,2026-08-09,493934.95,0.00
PAY-1614,INV-1627,2025-12-02,1412759.71,0.00
PAY-3344,INV-3403,2025-09-02,1883278.32,0.00
PAY-1392,INV-1402,2026-04-04,1618201.27,43518.36
PAY-6651,INV-6766,,882062.85,0.00
PAY-6603,INV-6718,2026-02-28,1220004.36,0.00
PAY-2532,INV-2549,2026-04-16,1190429.86,0.00
PAY-3979,INV-4044,2026-06-05,383451.04,0.00
PAY-2672,INV-2691,2026-05-07,175694.53,0.00
PAY-2141,INV-2162,2025-12-20,113844.31,0.00
PAY-1571,INV-1582,2025-09-10,1415532.56,0.00
PAY-6429,INV-6544,2026-06-28,825721.27,0.00
PAY-6547,INV-6668,2026-02-15,1218846.95,0.00
PAY-2999,INV-3032,2025-11-02,831267.36,0.00
PAY-4943,INV-5031,2026-02-30,334546.20,7273.70
PAY-5547,INV-5652,2026-10-29,1011174.57,0.00
PAY-1639,INV-1654,23-05-2026,561398.42,0.00
PAY-5373,INV-5480,2026-08-07,1454315.19,41959.05
PAY-2440,INV-2460,,516591.49,0.00
PAY-2359,INV-2388,2026-09-28,1908567.63,0.00
PAY-2850,INV-2877,2025-08-06,1127715.33,16380.02
PAY-6769,INV-6882,2026-01-07,1305328.34,0.00
PAY-4586,INV-4673,2025-09-09,1995517.10,3840.29
PAY-2212,INV-2233,2026-10-28,662000.75,0.00
PAY-5115,INV-5217,2027-01-26,,0.00
PAY-5313,INV-5418,2025-08-04,1492748.34,0.00
PAY-6043,INV-6155,2025-07-18,353358.02,3813.85
PAY-3680,INV-3739,11-04-2026,822474.73,0.00
PAY-2500,INV-2516,2025-11-16,780453.16,0.00
PAY-1315,INV-1323,28-02-2026,201032.77,-435.23
PAY-5849,INV-5962,2025-08-10,425849.05,0.00
PAY-1469,INV-1480,2026-07-04,1044952.44,0.00
PAY-4637,INV-4728,2026-08-22,216418.90,6648.49
PAY-3136,INV-3184,2026-04-13,654956.74,0.00
PAY-5038,INV-5134,2025-12-17,502912.76,0.00
PAY-2992,INV-3024,2025-07-29,1239887.78,0.00
PAY-2187,INV-2207,,24050.72,0.00
PAY-4660,INV-4747,2026-08-06,241951.11,0.00
PAY-2091,INV-2108,2026-09-02,1264857.07,17272.58
PAY-6489,INV-6613,2026-03-18,111852.70,5577.11
PAY-5014,INV-5109,2026-02-13,1794713.41,0.00
PAY-7336,INV-7458,2026-09-03,,0.00
PAY-2968,INV-3003,2025-10-17,141110.59,0.00
PAY-1727,INV-1738,2025-07-26,238348.58,0.00
PAY-3363,INV-3426,2026-10-23,1287321.33,0.00
PAY-5860,INV-5974,2026-01-04,654412.16,0.00
PAY-1134,INV-1140,2026-02-15,1661254.17,66875.48
PAY-7133,INV-7254,2026-07-21,1088573.16,-20749.54
PAY-5187,INV-5291,2026-05-08,332701.03,17060.91
PAY-3450,INV-3515,2026-01-08,1928402.19,0.00
PAY-3401,INV-3468,2026-05-12,661930.05,
PAY-6006,INV-6116,2025-10-28,623799.23,81636.57
PAY-4053,INV-4118,,1843723.89,77038.70
PAY-1350,INV-1360,2025-07-01,1868393.31,22727.23
PAY-6579,INV-6698,2025-12-03,901099.38,0.00
PAY-6195,INV-6308,2027-01-13,1857645.14,0.00
PAY-2728,INV-2744,27-12-2025,839039.94,0.00
PAY-6144,INV-6254,02-08-2026,193687.58,6264.71
PAY-4793,INV-4880,2026-11-13,1909005.01,0.00
PAY-4276,INV-4353,2026-12-05,561442.54,3113.59
PAY-2481,INV-2496,2026-02-15,1787112.59,0.00
PAY-4675,INV-4759,2026-11-22,1709943.66,0.00
PAY-3413,INV-3478,2026-01-07,1512144.54,0.00
PAY-2880,INV-2909,2026-11-12,640476.68,15853.53
PAY-3742,INV-3804,,1367216.35,50647.39
PAY-2600,INV-2618,13-04-2026,369063.85,0.00
PAY-4073,INV-4138,2026-06-10,1810012.67,14634.50
PAY-2229,INV-2249,2025-08-25,1312927.56,0.00
PAY-4272,INV-4351,2026-05-21,367117.40,18337.95
PAY-1635,INV-1649,2026-02-05,1647356.69,72307.96
PAY-6011,INV-6124,,1633672.29,0.00
PAY-6737,INV-6849,2026-09-16,5087.20,42.97
PAY-6707,INV-6821,2025-12-11,105764.08,163.06
PAY-5247,INV-5352,02-07-2026,677917.94,0.00
PAY-1685,INV-1699,2025-09-01,404463.01,0.00
PAY-7332,INV-7454,2026-04-12,680850.58,13146.11
PAY-3228,INV-3289,2026-03-30,1698305.03,56801.16
PAY-5430,INV-5534,01-08-2025,706912.27,0.00
PAY-1710,INV-1725,24-03-2026,599850.29,58167.22
PAY-5695,INV-5805,2026-06-18,944001.10,41690.98
PAY-3836,INV-3899,2026-07-29,1185707.81,0.00
PAY-6265,INV-6378,2025-02-30,664620.02,0.00
PAY-1892,INV-1910,2026-01-11,90931.59,0.00
PAY-3849,INV-3913,2026-07-08,545695.34,0.00
PAY-3225,INV-3286,2026-05-27,1846362.15,0.00
PAY-2889,INV-2917,2026-08-30,1177382.01,0.00
PAY-6555,INV-6673,2026-04-25,868948.76,
PAY-4871,INV-4963,2025-10-22,847345.40,8080.89
PAY-1255,INV-1264,2026-08-28,223736.28,0.00
PAY-4465,INV-4548,2026-12-12,1905944.96,0.00
PAY-4399,INV-4476,2026-07-14,95615.72,0.00
PAY-1128,INV-1135,2026-04-05,1026730.93,20550.20
PAY-1944,INV-1965,2025-12-10,1384633.58,69134.76
PAY-5597,INV-5701,2025-12-25,199923.05,1525.07
PAY-5907,INV-6021,25-10-2025,296503.17,2036.52
PAY-5963,INV-6076,2025-10-23,998548.01,0.00
PAY-4944,INV-5032,2026-02-08,977819.78,46351.39
PAY-7459,INV-9433,2025-12-07,221347.52,0.00
PAY-5997,INV-6108,2025-06-09,358409.58,0.00
PAY-7434,INV-9154,2026-04-27,104468.96,0.00
PAY-4062,INV-4127,2025-09-01,21502.77,824.93
PAY-3993,INV-4061,2026-03-10,47389.74,0.00
PAY-2076,INV-2095,2025-10-25,1116188.24,0.00
PAY-2978,INV-3011,2026-07-03,80980.00,6120.14
PAY-1455,INV-1467,2026-11-14,169170.55,0.00
PAY-5616,INV-5719,2026-06-28,1134533.81,26413.65
PAY-5191,INV-5295,2026-05-07,356476.30,27186.99
PAY-4682,INV-4764,2027-02-30,243845.70,0.00
PAY-4220,INV-4297,2025-07-27,1041945.13,0.00
PAY-5892,INV-6009,2026-07-19,707971.50,37639.11
PAY-4601,INV-4688,2026-04-29,421773.50,2844.45
PAY-3326,INV-3386,2026-02-27,534972.17,3238.76
PAY-1836,INV-1850,2026-07-11,1476368.93,15079.80
PAY-5735,INV-5848,03-03-2026,1186352.92,0.00
PAY-3766,INV-3831,2026-05-04,1631527.19,0.00
PAY-1155,INV-1165,2025-10-02,1800370.45,0.00
PAY-4169,INV-4244,2026-11-05,513767.55,52395.80
PAY-1375,INV-1387,2025-06-14,1480619.60,37353.26
PAY-2214,INV-2235,2026-08-17,253145.44,33328.58
PAY-6294,INV-6408,2025-12-29,506070.42,7736.90
PAY-7289,INV-7413,2025-07-15,1939071.11,55660.05
PAY-1609,INV-1623,2026-04-03,,0.00
PAY-2610,INV-2628,2025-12-02,1383830.20,18405.61
PAY-1679,INV-1693,2025-09-01,1496176.93,0.00
PAY-2558,INV-2576,2025-09-23,1709152.04,0.00
PAY-6553,INV-6672,2026-04-11,1497403.01,0.00
PAY-5742,INV-5855,2026-08-06,764853.13,46529.58
PAY-1214,INV-1220,2025-09-06,426186.25,0.00
PAY-1850,INV-1864,2026-06-10,451906.06,0.00
PAY-3030,INV-3065,2026-05-02,446618.44,0.00
PAY-4849,INV-4939,2026-09-09,244553.99,0.00
PAY-7281,INV-7405,2025-08-30,134813.83,2552.43
PAY-6444,INV-6564,2025-12-13,19737.61,0.00
PAY-1626,INV-1641,2026-04-17,714110.93,0.00
PAY-5903,INV-6018,2025-07-26,922992.78,0.00
PAY-3883,INV-3948,18-04-2026,1774290.32,0.00
PAY-2671,INV-2691,2026-06-14,329918.24,12787.46
PAY-1309,INV-1318,2026-06-11,1628442.23,0.00
PAY-2979,INV-3011,2026-08-03,48767.28,2894.67
PAY-4456,INV-4536,2026-12-08,143646.67,0.00
PAY-4804,INV-4893,2026-11-18,1539090.20,0.00
PAY-2911,INV-2940,2026-01-19,548355.75,0.00
PAY-3860,INV-3923,2025-06-03,419657.09,0.00
PAY-7221,INV-7349,2026-02-30,1845127.64,0.00
PAY-2305,INV-2331,2026-01-05,901107.25,41585.17
PAY-4273,INV-4351,2026-05-14,464693.91,0.00
PAY-7257,INV-7384,2025-08-04,1031609.84,0.00
PAY-3489,INV-3554,2025-09-06,168238.71,4830.32
PAY-1752,INV-1764,2025-08-18,1100687.36,0.00
PAY-5998,INV-6109,2026-07-09,7207.77,99.22
PAY-1905,INV-1926,2025-08-20,175251.43,0.00
PAY-6887,INV-7008,2026-10-11,1461857.38,29265.62
PAY-1355,INV-1364,2026-10-28,264812.41,0.00
PAY-4002,INV-4068,2026-12-17,1461158.79,30289.13
PAY-2818,INV-2846,2026-02-21,196948.19,0.00
PAY-7212,INV-7340,2025-09-13,411262.32,0.00
PAY-4418,INV-4496,2025-09-11,-492251.20,15328.75
PAY-1237,INV-1244,2026-03-14,1514651.50,0.00
PAY-4216,INV-4294,2026-05-29,300905.10,0.00
PAY-1890,INV-1908,2025-10-14,549633.11,0.00
PAY-7288,INV-7412,2026-03-17,925740.01,12546.53
PAY-2358,INV-2387,2026-10-09,1352769.26,0.00
PAY-1842,INV-1855,2026-11-15,400047.94,27281.79
PAY-2318,INV-2343,2026-10-18,1635449.56,57061.72
PAY-3484,INV-3549,,1949069.98,13196.96
PAY-6981,INV-7102,2026-06-28,243756.17,0.00
PAY-5515,INV-5621,2026-11-12,1223067.09,11516.77
PAY-2329,INV-2354,,121002.37,4079.16
PAY-1913,INV-1934,2026-02-19,106563.95,16774.90
PAY-4860,INV-4951,2025-08-09,1283264.41,42721.42
PAY-3475,INV-3539,2026-02-10,45004.78,0.00
PAY-5707,INV-5816,,890591.55,
PAY-1576,INV-1589,2025-12-25,1754452.21,50798.45
PAY-5103,INV-5206,2026-03-27,1246074.14,24462.27
PAY-3535,INV-3590,2025-06-28,760960.09,
PAY-4712,INV-4793,2026-01-03,13880.13,714.98
PAY-2868,INV-2895,2025-09-07,186477.23,13888.74
PAY-3049,INV-3085,2026-03-08,1455000.82,16273.11
PAY-2310,INV-2336,2026-01-24,90024.33,14847.73
PAY-4957,INV-5046,29-07-2026,1255974.15,33520.92
PAY-4403,INV-4480,2025-06-04,1892749.97,0.00
PAY-4353,INV-4428,2026-01-11,19853.01,0.00
PAY-2103,INV-2122,2027-01-01,1111641.09,17277.68
PAY-1183,INV-1191,2026-10-25,1653109.32,86580.92
PAY-2549,INV-2569,2025-10-25,326058.51,0.00
PAY-1952,INV-1975,2026-12-25,428230.12,0.00
PAY-2622,INV-2643,2026-04-26,1245505.74,29310.83
PAY-4311,INV-4387,2026-08-19,556693.61,8163.11
PAY-6761,INV-6872,2026-07-01,859989.14,0.00
PAY-3890,INV-3955,2026-04-19,1306290.66,0.00
PAY-2153,INV-2174,2026-08-08,71547.87,0.00
PAY-2679,INV-2698,2026-02-02,862982.11,0.00
PAY-4393,INV-4471,2026-10-25,443564.76,0.00
PAY-4108,INV-4179,2026-05-28,1851094.10,0.00
PAY-2602,INV-2620,2026-01-10,314943.97,9224.51
PAY-4977,INV-5068,2025-10-31,1118426.06,
PAY-4250,INV-4326,2025-08-01,1740935.40,0.00
PAY-4410,INV-4485,2026-03-04,1915880.19,62491.32
PAY-1337,INV-1347,2025-11-05,1284817.54,0.00
PAY-5291,INV-5396,2026-05-23,763477.63,0.00
PAY-1197,INV-1203,2025-11-07,989449.35,0.00
PAY-7278,INV-7403,2025-07-05,1162017.79,61739.98
PAY-4992,INV-5085,2025-09-23,1559613.69,0.00
PAY-6348,INV-6459,2025-10-06,566734.41,
PAY-2278,INV-2302,2026-12-15,721904.32,
PAY-1312,INV-1322,17-05-2026,262450.92,0.00
PAY-1261,INV-1271,2026-02-12,1178537.76,0.00
PAY-4735,INV-4815,2026-02-05,813474.02,0.00
PAY-6059,INV-6170,2025-11-28,163125.62,0.00
PAY-5317,INV-5423,2026-02-10,821516.86,47325.47
PAY-4185,INV-4260,2025-11-23,434970.44,0.00
PAY-1228,INV-1235,2026-01-24,1674185.36,0.00
PAY-7130,INV-7250,2026-09-25,489941.25,0.00
PAY-4357,INV-4433,2026-03-31,140584.15,0.00
PAY-5426,INV-5530,2026-01-24,425765.28,0.00
PAY-6480,INV-6604,2026-10-25,42116.79,0.00
PAY-1995,INV-2023,2025-07-23,1002251.00,0.00
PAY-3901,INV-3966,2025-06-16,285199.82,0.00
PAY-1574,INV-1587,2026-01-13,1510186.27,40941.15
PAY-1037,INV-1040,2027-01-07,1709746.46,39935.54
PAY-2535,INV-2552,2025-10-30,819962.37,0.00
PAY-1217,INV-1224,2026-06-24,1410727.48,
PAY-4994,INV-5088,2025-11-04,1510904.53,0.00
PAY-2683,INV-2703,2026-02-04,198988.09,14473.59
PAY-3102,INV-3137,2026-05-16,1764281.11,0.00
PAY-4054,INV-4119,2026-10-02,585101.75,40144.40
PAY-1745,INV-1757,2026-04-15,,41721.56
PAY-2953,INV-2982,2026-02-04,744490.59,21781.53
PAY-7389,INV-9478,2026-11-08,410547.35,0.00
PAY-1306,INV-1315,2026-09-12,,19095.58
PAY-1401,INV-1412,2027-01-01,1265394.03,0.00
PAY-6188,INV-6300,2026-06-24,758791.00,22179.76
PAY-4683,INV-4764,2027-01-11,350262.26,0.00
PAY-3681,INV-3740,2026-07-27,830277.43,8873.51
PAY-1015,INV-1015,2025-11-18,1494732.72,26146.56
PAY-1528,INV-1534,2025-10-06,168285.70,0.00
PAY-3816,INV-3881,2025-07-09,688586.09,0.00
PAY-3213,INV-3275,2025-10-27,159733.70,0.00
PAY-3523,INV-3579,2025-12-31,765464.14,25322.71
PAY-1672,INV-1687,01-07-2025,769669.37,0.00
PAY-5139,INV-5242,2026-06-15,125687.45,0.00
PAY-5393,INV-5501,2026-03-31,1625380.71,0.00
PAY-4043,INV-4107,2025-12-13,1806470.54,0.00
PAY-1213,INV-1219,2026-01-16,1219182.51,0.00
PAY-1677,INV-1691,2026-07-11,307234.65,1531.12
PAY-3934,INV-3997,2026-10-19,1530901.69,0.00
PAY-4826,INV-4916,2026-08-02,261147.27,0.00
PAY-1573,INV-1585,2025-07-20,770328.37,0.00
PAY-6234,INV-6351,2025-08-01,251749.91,0.00
PAY-1926,INV-1948,2026-07-14,1499851.73,0.00
PAY-3488,INV-3553,2025-07-12,1715701.70,0.00
PAY-4070,INV-4134,2026-09-30,1787737.33,44470.50
PAY-1314,INV-1323,2026-01-05,258544.19,0.00
PAY-1638,INV-1653,2026-03-18,177849.35,0.00
PAY-3935,INV-3998,2025-09-03,1704439.32,0.00
PAY-3591,INV-3652,,1554885.28,0.00
PAY-7156,INV-7278,2026-05-06,379169.14,10344.47
PAY-1940,INV-1961,2026-11-13,259923.90,
PAY-2702,INV-2720,2025-08-13,1147314.69,0.00
PAY-2200,INV-2223,2026-05-23,41681.38,0.00
PAY-1699,INV-1713,2026-05-25,1921653.57,8243.20
PAY-6333,INV-6446,2026-08-05,122152.86,0.00
PAY-4582,INV-4667,2025-11-07,32126.38,0.00
PAY-7143,INV-7265,2025-09-23,371322.28,0.00
PAY-6599,INV-6715,2026-01-28,831177.65,0.00
PAY-1395,INV-1406,2026-07-23,350309.40,7910.67
PAY-1089,INV-1091,2026-02-26,996193.98,0.00
PAY-6986,INV-7107,2025-12-06,1448933.79,0.00
PAY-7405,INV-9310,2026-05-07,58712.10,0.00
PAY-3491,INV-3557,2026-05-09,1803978.19,0.00
PAY-4174,INV-4249,31-07-2025,787446.08,23263.10
PAY-3584,INV-3647,2026-05-02,489890.66,53416.52
PAY-5928,INV-6040,2026-08-16,698091.62,0.00
PAY-5079,INV-5182,2025-05-27,420339.96,0.00
PAY-5911,INV-6026,2025-12-19,56788.49,0.00
PAY-1073,INV-1076,2026-05-06,1070207.17,0.00
PAY-1474,INV-1485,17-01-2026,652896.03,43391.43
PAY-6411,INV-6528,2025-08-11,21531.49,0.00
PAY-1019,INV-1018,2027-01-16,1384572.41,38419.46
PAY-7400,INV-9054,2025-08-10,425509.43,0.00
PAY-1927,INV-1949,2026-03-17,672605.03,0.00
PAY-2976,INV-3009,2026-09-16,1675859.97,0.00
PAY-2684,INV-2703,2026-03-09,352975.49,0.00
PAY-2314,INV-2339,2025-07-01,1152448.00,0.00
PAY-1830,INV-1844,2026-09-12,1811906.69,0.00
PAY-4195,INV-4270,2026-03-16,933358.34,31327.90
PAY-5132,INV-5235,2025-12-29,1345243.82,59053.47
PAY-4973,INV-5062,2026-03-09,1351789.15,0.00
PAY-6275,INV-6391,2026-11-23,405969.94,637.33
PAY-3396,INV-3463,21-08-2026,1700372.33,0.00
PAY-6260,INV-6374,2025-10-13,1582416.16,0.00
PAY-3290,INV-3355,2026-05-26,1304831.58,51755.90
PAY-4231,INV-4309,2026-09-27,1892388.21,4380.74
PAY-4255,INV-4331,2026-10-05,588248.76,0.00
PAY-7404,INV-9414,2026-01-11,361213.19,0.00
PAY-3064,INV-3099,2025-10-01,149437.46,0.00
PAY-6655,INV-6770,2026-04-10,913867.79,19116.42
PAY-2315,INV-2340,2026-02-15,1468649.67,0.00
PAY-1248,INV-1256,2026-07-15,1799905.55,18823.56
PAY-2949,INV-2978,2025-08-23,,0.00
PAY-5372,INV-5479,2025-08-15,1628607.02,60669.24
PAY-5481,INV-5588,2026-03-19,964578.29,37180.38
PAY-6816,INV-6929,2026-01-13,1704647.30,0.00
PAY-3851,INV-3915,2026-08-24,152766.95,0.00
PAY-1452,INV-1464,2026-05-24,409701.33,0.00
PAY-6945,INV-7066,2026-12-14,955636.80,0.00
PAY-2934,INV-2964,2025-12-04,667327.62,0.00
PAY-1181,INV-1189,2025-11-14,970362.42,
PAY-7464,INV-9366,2025-09-05,269567.91,0.00
PAY-2148,INV-2169,2026-04-21,1683802.71,0.00
PAY-6784,INV-6895,2026-08-26,314792.48,0.00
PAY-3428,INV-3493,17-05-2026,1606529.53,
PAY-6465,INV-6586,2026-12-05,661152.65,
PAY-6228,INV-6343,2026-09-12,1932815.96,58836.85
PAY-6486,INV-6608,2026-11-24,65195.12,-513.21
PAY-6270,INV-6384,2026-10-16,79049.78,356.19
PAY-2837,INV-2863,2025-06-29,1543884.36,0.00
PAY-2892,INV-2923,2025-10-24,474099.49,0.00
PAY-4506,INV-4589,2026-03-09,602289.05,0.00
PAY-6864,INV-6979,2026-11-19,1534204.74,0.00
PAY-1826,INV-1840,2026-11-23,685842.21,0.00
PAY-3925,INV-3987,2025-09-13,209185.29,0.00
PAY-4367,INV-4444,2026-08-29,1393985.59,0.00
PAY-5354,INV-5462,2027-01-01,1476568.65,0.00
PAY-6617,INV-6731,2026-12-27,1889430.68,0.00
PAY-5091,INV-5193,2026-12-12,647345.31,15211.14
PAY-7227,INV-7354,2026-06-12,178555.62,0.00
PAY-3059,INV-3095,2026-10-31,197363.19,0.00
PAY-3707,INV-3766,26-07-2025,32117.60,0.00
PAY-3764,INV-3828,2026-01-31,1505919.88,0.00
PAY-3418,INV-3483,2025-08-13,1064460.10,0.00
PAY-6755,INV-6867,2026-09-16,218203.79,15652.65
PAY-5223,INV-5327,21-02-2026,1651687.49,0.00
PAY-6014,INV-6128,2026-02-06,1661544.80,0.00
PAY-6800,INV-6913,2026-05-16,491014.03,0.00
PAY-2447,INV-2464,2026-07-28,436497.60,0.00
PAY-6939,INV-7060,2025-10-24,1511193.04,0.00
PAY-5395,INV-5503,2025-07-08,80675.33,6379.81
PAY-3540,INV-3595,2025-12-11,1788223.85,0.00
PAY-2873,INV-2901,2027-01-13,72798.65,0.00
PAY-4833,INV-4922,2026-04-07,1865985.12,0.00
PAY-6309,INV-6419,2026-04-01,298950.64,4843.34
PAY-6458,INV-6579,2026-06-27,870618.23,51027.94
PAY-5723,INV-5832,2026-03-06,1478733.97,16858.89
PAY-2967,INV-3001,2026-01-20,1205131.05,0.00
PAY-3086,INV-3124,2025-10-07,271409.15,0.00
PAY-1689,INV-1702,2025-06-12,1562307.52,39196.99
PAY-4464,INV-4547,2026-07-09,1580558.14,0.00
PAY-1566,INV-1575,2025-12-18,182589.70,0.00
PAY-4460,INV-4541,2026-03-30,361216.06,0.00
PAY-4925,INV-5013,2026-03-05,1781834.43,92966.56
PAY-7177,INV-7300,2027-02-02,340286.98,
PAY-5459,INV-5565,2026-03-16,91519.81,0.00
PAY-2491,INV-2507,2026-01-22,321975.73,17808.66
PAY-2773,INV-2792,2025-07-28,1811701.85,56999.41
PAY-2388,INV-2415,2025-08-10,1961629.22,26205.80
PAY-4461,INV-4543,2026-01-07,1015428.64,0.00
PAY-2893,INV-2923,05-11-2025,,0.00
PAY-6066,INV-6180,2026-04-30,410259.21,0.00
PAY-3607,INV-3670,2025-10-28,888570.88,0.00
PAY-2528,INV-2545,2026-03-09,995500.70,0.00
PAY-5384,INV-5491,2025-06-09,620473.68,0.00
PAY-3602,INV-3663,2026-10-21,1479275.57,0.00
PAY-3179,INV-3240,2026-08-08,723379.06,0.00
PAY-5437,INV-5542,2026-09-21,370383.67,3815.48
PAY-1615,INV-1628,2025-07-01,326736.62,11117.39
PAY-6140,INV-6249,2025-11-03,454109.04,44164.56
PAY-7053,INV-7175,2026-04-14,547135.21,0.00
PAY-6885,INV-7001,2026-04-24,1589088.32,1966.20
PAY-5631,INV-5736,2025-08-20,567670.34,22724.57
PAY-3224,INV-3285,2025-10-11,1890931.55,3550.03
PAY-4303,INV-4380,2026-05-29,753425.32,885.82
PAY-1336,INV-1346,,12800.68,1026.39
PAY-6883,INV-6999,2025-12-07,261768.09,0.00
PAY-2131,INV-2152,2026-06-09,958691.57,0.00
PAY-3511,INV-3572,2025-07-23,283535.38,0.00
PAY-4030,INV-4096,2025-12-26,862297.70,0.00
PAY-7361,INV-7483,2026-04-30,324410.42,0.00
PAY-2883,INV-2912,2025-12-31,46925.32,
PAY-5730,INV-5841,2025-08-18,124791.12,0.00
PAY-5594,INV-5697,2026-01-03,1701170.48,68492.97
PAY-4623,INV-4712,2026-03-11,452178.65,3847.39
PAY-4465,INV-4548,2025-06-28,283130.88,0.00
PAY-5563,INV-5667,2026-07-17,443310.86,0.00
PAY-6084,INV-6198,2026-06-28,206349.07,0.00
PAY-7309,INV-7433,12-11-2026,16932.82,509.97
PAY-2826,INV-2852,2026-03-24,388554.75,0.00
PAY-3038,INV-3072,2026-03-15,555692.42,13068.54
PAY-3412,INV-3477,2026-06-19,263222.13,0.00
PAY-2706,INV-2723,2026-03-19,658110.83,0.00
PAY-5390,INV-5497,2025-10-29,898996.21,8805.61
PAY-3292,INV-3358,2025-11-01,702147.92,73460.06
PAY-1778,INV-1789,2026-08-23,1694211.23,-199.21
PAY-1124,INV-1131,2025-10-13,678787.44,4284.14
PAY-1775,INV-1786,2025-09-08,1536862.06,0.00
PAY-3675,INV-3733,2026-11-11,1527144.81,0.00
PAY-6461,INV-6582,2026-12-13,232665.70,0.00
PAY-3374,INV-3438,2026-11-30,887682.93,0.00
PAY-4779,INV-4864,23-10-2026,614133.67,0.00
PAY-1601,INV-1614,2025-09-18,703137.94,-416.90
PAY-6539,INV-6660,2026-10-30,356150.15,0.00
PAY-2391,INV-2418,2026-01-17,815437.87,0.00
PAY-7097,INV-7216,2025-07-01,835472.64,0.00
PAY-3369,INV-3432,2025-08-26,1452792.65,46080.29
PAY-5902,INV-6018,2025-07-26,381163.96,47889.36
PAY-1604,INV-1618,2025-12-23,568960.82,0.00
PAY-1400,INV-1411,2026-06-05,533628.45,0.00
PAY-7449,INV-9369,2025-10-25,106429.59,0.00
PAY-4686,INV-4767,2026-10-27,,0.00
PAY-3692,INV-3752,2025-06-10,109794.44,2150.87
PAY-4138,INV-4209,2026-02-16,1699926.90,0.00
PAY-1701,INV-1716,2025-12-31,360424.70,18572.04
PAY-1888,INV-1907,2026-09-24,859415.32,41524.63
PAY-1310,INV-1319,2025-12-26,1911679.15,0.00
PAY-6988,INV-7109,2026-10-14,1239451.35,0.00
PAY-4337,INV-4412,03-07-2025,304935.11,9178.44
PAY-5455,INV-5562,2026-02-03,1010216.76,40197.25
PAY-2577,INV-2595,2025-07-16,485267.63,0.00
PAY-5524,INV-5630,2025-10-05,1335404.54,0.00
PAY-4523,INV-4606,2026-11-24,32444.86,-954.03
PAY-1215,INV-1222,2026-06-24,659716.12,0.00
PAY-6347,INV-6458,2025-07-23,,22983.79
PAY-3805,INV-3869,2026-03-31,1184838.37,59972.20
PAY-6501,INV-6625,2025-07-29,1194195.35,0.00
PAY-4810,INV-4899,27-06-2026,1866683.19,0.00
PAY-6623,INV-6737,2026-11-01,1846083.50,0.00
PAY-4634,INV-4725,2026-05-05,606138.72,0.00
PAY-2623,INV-2644,2026-07-31,1749801.36,0.00
PAY-2060,INV-2080,2026-05-19,183655.18,0.00
PAY-5781,INV-5893,2026-06-28,72369.40,4992.15
PAY-3072,INV-3107,2025-08-02,1667747.82,0.00
PAY-5548,INV-5654,2026-03-14,704728.71,0.00
PAY-7146,INV-7268,2027-01-13,573428.55,28868.44
PAY-3307,INV-3373,2025-06-27,78842.52,0.00
PAY-5333,INV-5440,2025-08-29,438922.01,0.00
PAY-4549,INV-4637,2025-12-27,976425.78,15772.01
PAY-6541,INV-6661,2025-12-13,921909.09,0.00
PAY-1607,INV-1621,2025-08-14,1673933.42,31971.78
PAY-5771,INV-5884,2026-11-13,251627.70,0.00
PAY-2298,INV-2322,2026-03-10,1671641.59,41429.53
PAY-5688,INV-5798,,1570480.30,56266.41
PAY-4412,INV-4487,2025-07-27,896735.33,0.00
PAY-4518,INV-4602,2026-08-27,583324.47,24833.55
PAY-4734,INV-4814,2026-04-22,925838.60,18138.68
PAY-1386,INV-1397,2026-03-31,1600820.61,0.00
PAY-6081,INV-6196,2025-12-16,1587234.92,0.00
PAY-5716,INV-5826,2025-10-17,1445367.40,0.00
PAY-2084,INV-2102,2026-04-03,134247.93,11597.72
PAY-6362,INV-6476,2026-03-12,1827162.04,7035.53
PAY-5015,INV-5110,2026-08-07,463644.39,10585.12
PAY-4257,INV-4334,2026-01-10,1433137.32,23377.68
PAY-6453,INV-6573,2025-06-09,262873.47,13551.52
PAY-7445,INV-9432,2025-06-07,146048.11,0.00
PAY-6660,INV-6776,2026-03-04,715580.32,
PAY-5388,INV-5495,2026-10-08,549057.12,0.00
PAY-2270,INV-2294,2025-11-26,530762.13,0.00
PAY-5124,INV-5225,2026-10-10,1852308.64,0.00
PAY-6031,INV-6144,2026-07-30,1531136.93,0.00
PAY-7294,INV-7416,2026-08-05,,0.00
PAY-4400,INV-4477,2026-05-09,810773.07,0.00
PAY-1253,INV-1261,2026-06-03,1884586.93,60416.63
PAY-5451,INV-5558,2025-09-21,1713595.64,0.00
PAY-4224,INV-4302,2026-10-04,1089807.30,0.00
PAY-1766,INV-1778,2025-12-12,311968.27,0.00
PAY-5658,INV-5766,2026-11-22,719168.22,4672.65
PAY-3468,INV-3532,2025-08-30,1217839.09,56521.42
PAY-1042,INV-1044,2025-09-23,999298.28,7648.24
PAY-6488,INV-6610,2025-06-29,911401.82,0.00
PAY-3043,INV-3079,2026-02-14,858823.46,0.00
PAY-4144,INV-4217,2025-11-10,396249.06,0.00
PAY-4060,INV-4124,2026-10-08,1245533.90,30811.90
PAY-7286,INV-7409,2025-08-02,738369.46,0.00
PAY-3628,INV-3688,2026-12-02,1651473.12,
PAY-2333,INV-2360,,933766.83,25240.13
PAY-2022,INV-2051,2025-09-19,859103.86,0.00
PAY-4827,INV-4917,2026-05-02,1862647.70,55765.43
PAY-7220,INV-7348,2026-11-21,1614319.40,0.00
PAY-5119,INV-5221,2026-02-24,,0.00
PAY-4748,INV-4829,2026-11-22,1433125.89,61579.15
PAY-2448,INV-2464,2026-07-11,633801.33,15367.76
PAY-2435,INV-2455,2026-12-13,621124.73,
PAY-2336,INV-2363,2026-09-16,286485.39,0.00
PAY-6507,INV-6631,2025-08-01,660090.26,0.00
PAY-4924,INV-5012,2026-10-15,605988.44,0.00
PAY-2049,INV-2072,2026-06-26,590619.85,38713.95
PAY-1172,INV-1180,2025-08-09,664590.36,34539.24
PAY-2361,INV-2391,2026-09-20,325552.18,10102.39
PAY-5610,INV-5712,2026-08-16,859546.33,72973.01
PAY-5344,INV-5453,2025-09-22,1876043.35,71015.98
PAY-5879,INV-5995,2026-04-21,802867.80,0.00
PAY-1191,INV-1199,2026-07-22,428194.84,0.00
PAY-5352,INV-5461,2026-10-16,1048219.66,0.00
PAY-2576,INV-2594,,1849102.08,75607.94
PAY-6584,INV-6702,2026-09-14,,0.00
PAY-5000,INV-5094,2026-11-22,591111.44,16417.88
PAY-5067,INV-5170,2025-12-02,1438720.01,0.00
PAY-4394,INV-4472,2025-07-14,1238476.06,0.00
PAY-4565,INV-4652,2025-11-27,602925.67,0.00
PAY-7134,INV-7255,2025-10-18,11666.12,0.00
PAY-6542,INV-6662,2025-09-29,1929299.04,22479.93
PAY-7244,INV-7370,17-08-2025,22616.74,0.00
PAY-1435,INV-1448,2026-09-18,871924.22,0.00
PAY-3755,INV-3817,2025-10-17,,45031.57
PAY-3127,INV-3168,2025-10-21,1334647.61,0.00
PAY-7017,INV-7143,2026-02-10,554214.87,0.00
PAY-4425,INV-4501,2025-10-07,19375.36,0.00
PAY-2900,INV-2931,2026-04-27,699170.86,5440.61
PAY-2410,INV-2435,2026-03-09,824360.54,0.00
PAY-7265,INV-7391,2025-11-19,203903.00,4335.26
PAY-4815,INV-4905,2026-09-06,529869.19,0.00
PAY-3687,INV-3748,2026-04-06,26167.75,0.00
PAY-1594,INV-1607,2025-07-20,86566.19,0.00
PAY-7366,INV-7488,2026-12-16,518882.24,0.00
PAY-6607,INV-6722,2025-12-24,1593413.76,26018.95
PAY-2221,INV-2240,2026-11-06,499837.58,0.00
PAY-4238,INV-4317,2025-09-15,472863.54,0.00
PAY-6801,INV-6914,2025-08-12,236018.15,0.00
PAY-1717,INV-1731,2026-10-15,795275.36,-499.38
PAY-3196,INV-3257,2026-04-13,1330818.04,39663.24
PAY-3992,INV-4061,2026-02-17,61529.65,1099.30
PAY-2594,INV-2612,2026-02-05,197892.42,0.00
PAY-5293,INV-5398,2026-04-22,1673639.53,0.00
PAY-4191,INV-4268,2026-05-18,1745244.96,0.00
PAY-3808,INV-3872,2025-07-16,,0.00
PAY-1179,INV-1186,2026-02-28,1049428.42,0.00
PAY-4869,INV-4961,2026-04-07,1878382.26,0.00
PAY-3640,INV-3700,2026-09-23,506918.52,
PAY-4444,INV-4523,2025-11-08,871515.32,0.00
PAY-1045,INV-1045,2026-09-16,311315.60,22996.70
PAY-1782,INV-1792,20-04-2026,823817.49,0.00
PAY-2809,INV-2832,2026-10-04,234420.24,0.00
PAY-6515,INV-6636,2026-06-19,600571.46,0.00
PAY-3251,INV-3312,2025-09-16,1082287.08,27489.50
PAY-6017,INV-6131,2026-03-15,1118787.98,
PAY-7314,INV-7438,,16249.55,138.14
PAY-1992,INV-2018,2026-08-23,1325210.54,0.00
PAY-2342,INV-2368,2026-11-09,178659.46,0.00
PAY-5901,INV-6017,2025-08-08,654457.90,19605.33
PAY-5164,INV-5270,2025-11-28,1221702.17,0.00
PAY-2382,INV-2409,2026-08-28,1124268.35,9264.72
PAY-2347,INV-2374,2026-03-22,1737289.72,74541.84
PAY-5698,INV-5807,2026-04-30,657535.79,0.00
PAY-3586,INV-3648,2025-08-25,609983.94,40973.84
PAY-4519,INV-4602,2026-06-26,791934.64,0.00
PAY-4290,INV-4368,2026-12-04,1053374.45,233.31
PAY-7411,INV-9111,2026-09-12,41297.62,0.00
PAY-1999,INV-2027,2027-01-22,1483309.92,47494.47
PAY-5774,INV-5886,2027-01-02,124087.54,12963.01
PAY-4214,INV-4292,2026-06-09,840093.70,5960.91
PAY-2494,INV-2510,2025-12-22,1621847.23,0.00
PAY-5166,INV-5272,2025-06-30,567494.31,0.00
PAY-3667,INV-3725,2026-05-01,375590.61,37523.14
PAY-5188,INV-5293,2025-07-16,1439000.34,61107.60
PAY-5701,INV-5809,2026-06-06,1861337.08,83717.85
PAY-7050,INV-7173,2026-04-08,51383.39,0.00
PAY-3776,INV-3840,2026-03-07,1040891.89,44404.64
PAY-1867,INV-1883,,1693137.86,0.00
PAY-4404,INV-4481,2026-04-11,142731.65,0.00
PAY-1768,INV-1779,2025-11-17,961178.79,0.00
PAY-7069,INV-7190,2026-12-12,50030.87,-209.33
PAY-6203,INV-6316,2026-01-06,590249.10,22995.30
PAY-4787,INV-4874,2025-09-13,1008837.74,20692.89
PAY-4262,INV-4340,2026-03-07,454266.96,0.00
PAY-1651,INV-1667,2026-01-30,,13510.31
PAY-2509,INV-2524,2026-06-20,1622014.41,57778.91
PAY-6569,INV-6687,2026-03-31,183206.17,0.00
PAY-1643,INV-1659,2026-10-30,573991.47,-127.57
PAY-4493,INV-4575,2025-08-09,1926620.28,0.00
PAY-6168,INV-6277,2026-01-01,988580.96,0.00
PAY-2486,INV-2502,06-09-2026,,0.00
PAY-7455,INV-9142,2026-04-02,243524.86,0.00
PAY-4052,INV-4117,2026-11-09,106412.07,10140.60
PAY-3903,INV-3968,2025-09-05,1952898.85,32423.66
PAY-4481,INV-4562,2026-06-16,1813206.20,0.00
PAY-4759,INV-4842,2026-07-16,157390.70,0.00
PAY-1019,INV-1018,2025-07-05,144611.48,0.00
PAY-1520,INV-1528,2026-03-26,832093.07,0.00
PAY-6714,INV-6826,2026-07-23,1565992.20,0.00
PAY-5389,INV-5496,2025-08-06,577005.02,0.00
PAY-4834,INV-4923,2026-10-27,179841.02,0.00
PAY-3498,INV-3562,2026-07-09,300853.26,0.00
PAY-6172,INV-6282,09-07-2025,844903.15,0.00
PAY-6075,INV-6189,2026-03-16,1291467.27,39017.09
PAY-3917,INV-3980,2026-07-15,734052.12,0.00
PAY-1291,INV-1301,,524298.27,0.00
PAY-3844,INV-3907,,,88185.96
PAY-5461,INV-5568,2025-07-27,,0.00
PAY-3448,INV-3513,2025-06-20,,4016.77
PAY-3163,INV-3223,2026-05-20,7865.09,
PAY-4850,INV-4940,2026-05-22,439802.51,0.00
PAY-5739,INV-5853,2027-01-12,1909835.20,0.00
PAY-3378,INV-3442,2026-05-22,1786800.68,0.00
PAY-3368,INV-3431,23-03-2026,1782823.96,0.00
PAY-4630,INV-4722,2026-01-10,333803.40,12600.23
PAY-2286,INV-2310,2025-08-28,1975542.12,
PAY-7380,INV-9108,2026-10-23,354889.27,0.00
PAY-3994,INV-4062,2026-08-15,933390.73,2816.44
PAY-7162,INV-7284,12-03-2026,1182049.65,0.00
PAY-2956,INV-2991,2026-01-19,1804803.44,0.00
PAY-4880,INV-4971,2025-10-15,240768.72,0.00
PAY-2502,INV-2518,2026-10-15,414291.86,0.00
PAY-5170,INV-5277,2026-03-23,1558334.34,0.00
PAY-4603,INV-4690,2026-03-28,1504908.15,70900.46
PAY-4102,INV-4171,2026-03-02,279802.52,0.00
PAY-5818,INV-5929,2025-12-28,516098.74,0.00
PAY-7358,INV-7479,2026-05-16,1222106.58,0.00
PAY-4086,INV-4154,2026-04-28,1244141.73,0.00
PAY-2390,INV-2417,2026-07-19,1887737.62,0.00
PAY-2321,INV-2347,23-02-2026,-319544.87,29217.37
PAY-2458,INV-2472,2026-02-27,282557.65,0.00
PAY-2356,INV-2385,2026-04-29,94644.23,3288.89
PAY-5826,INV-5937,2026-03-11,1397825.03,
PAY-3431,INV-3495,,288233.36,27551.72
PAY-1991,INV-2017,2025-07-22,1952283.87,0.00
PAY-2922,INV-2953,2025-11-12,641054.18,0.00
PAY-6772,INV-6885,2026-03-07,1173980.94,88271.61
PAY-2379,INV-2406,2025-10-24,133446.40,0.00
PAY-3449,INV-3514,2026-05-15,839210.99,0.00
PAY-7307,INV-7431,2025-10-30,1511510.46,61526.37
PAY-2856,INV-2883,2026-01-15,376240.64,0.00
PAY-5942,INV-6052,2025-07-01,1675907.79,24324.85
PAY-4081,INV-4148,2026-03-29,1227687.34,32879.83
PAY-7041,INV-7164,2026-11-25,1272018.91,0.00
PAY-6365,INV-6479,2026-04-05,1444311.96,0.00
PAY-3576,INV-3640,2026-10-14,50138.64,0.00
PAY-1480,INV-1490,2025-02-30,657191.19,7803.06
PAY-4873,INV-4965,2026-07-30,1243970.89,0.00
PAY-2482,INV-2497,2025-10-28,85006.73,3867.58
PAY-3799,INV-3863,2026-06-04,1897211.33,0.00
PAY-3595,INV-3656,2026-11-15,1252114.39,0.00
PAY-5573,INV-5676,2026-01-25,1425499.91,0.00
PAY-2557,INV-2575,2025-08-28,79701.21,2592.93
PAY-6639,INV-6754,03-09-2026,686349.51,6093.74
PAY-5519,INV-5624,2026-04-06,985745.97,0.00
PAY-3094,INV-3130,2026-11-12,206195.47,0.00
PAY-4932,INV-5020,2025-07-02,436064.92,0.00
PAY-6366,INV-6480,2025-05-15,801221.38,0.00
PAY-5406,INV-5511,2025-07-29,834185.25,0.00
PAY-3751,INV-3814,2026-03-15,762404.30,0.00
PAY-1283,INV-1292,2026-03-12,,10082.16
PAY-2414,INV-2438,2026-07-31,577664.98,0.00
PAY-1156,INV-1167,2025-09-24,1513070.50,40676.82
PAY-4538,INV-4628,2027-01-23,,0.00
PAY-6316,INV-6427,22-01-2026,400963.93,0.00
PAY-2842,INV-2870,2026-02-18,673207.90,26749.79
PAY-2332,INV-2359,2026-07-28,1825829.99,95378.64
PAY-2260,INV-2281,2025-07-03,1145707.68,17808.48
PAY-3220,INV-3282,2025-08-25,481768.81,32785.70
PAY-1021,INV-1020,2025-07-30,1836060.28,0.00
PAY-7058,INV-7179,2025-06-15,1202634.20,0.00
PAY-5939,INV-6049,2025-07-20,1178831.12,0.00
PAY-3445,INV-3510,2026-12-09,1222397.06,31215.97
PAY-3229,INV-3290,2026-03-03,1606519.03,0.00
PAY-1210,INV-1216,2026-01-17,803964.94,
PAY-3689,INV-3749,2026-09-25,216949.22,7261.36
PAY-4569,INV-4656,2025-08-10,69678.51,4695.52
PAY-3954,INV-4016,2025-10-01,750439.50,89313.75
PAY-5250,INV-5356,2025-09-02,948697.87,80557.23
PAY-7446,INV-9088,2026-12-25,280513.99,0.00
PAY-1680,INV-1694,2025-08-03,595907.52,-303.29
PAY-3916,INV-3979,2025-07-20,393910.63,
PAY-2294,INV-2318,2026-11-14,203782.20,0.00
PAY-5306,INV-5411,2026-03-13,977871.50,0.00
PAY-2090,INV-2107,2026-05-11,1142620.41,20744.63
PAY-7137,INV-7258,2026-12-03,624035.77,0.00
PAY-3109,INV-3144,2025-06-07,1848518.00,0.00
PAY-5490,INV-5596,2025-09-07,371082.18,9790.48
PAY-7154,INV-7277,2025-11-13,579598.91,0.00
PAY-6315,INV-6426,15-02-2026,1373810.32,0.00
PAY-5396,INV-5503,2025-08-13,52272.03,1383.61
PAY-5440,INV-5547,2025-11-30,1527250.05,0.00
PAY-3318,INV-3381,28-03-2026,44821.96,-713.51
PAY-5755,INV-5867,2025-11-18,1484898.21,0.00
PAY-1781,INV-1791,2026-07-27,203660.36,5998.50
PAY-6178,INV-6290,2026-03-27,18279.54,181.91
PAY-7369,INV-7491,2026-04-17,1728847.98,80740.25
PAY-2860,INV-2886,2026-05-24,148011.07,6755.35
PAY-5281,INV-5385,2027-01-05,1229440.82,0.00
PAY-2554,INV-2573,2025-10-02,405002.65,0.00
PAY-7279,INV-7403,2025-07-20,670210.37,0.00
PAY-2654,INV-2676,2025-08-03,575751.07,0.00
PAY-2244,INV-2268,2026-10-18,,
PAY-6892,INV-7013,25-07-2025,1502022.34,66054.72
PAY-5801,INV-5913,2026-11-05,744623.09,0.00
PAY-4544,INV-4634,2026-02-01,1199292.74,0.00
PAY-6572,INV-6691,2026-05-10,863247.37,0.00
PAY-5805,INV-5916,2026-11-17,1844051.31,
PAY-4556,INV-4645,2026-04-05,596737.66,0.00
PAY-3149,INV-3205,2026-02-19,782981.49,20023.12
PAY-5207,INV-5311,2025-02-30,1913241.78,2975.49
PAY-4806,INV-4895,2026-08-13,706927.46,26380.20
PAY-4631,INV-4723,2026-07-01,1238227.92,63773.25
PAY-2287,INV-2312,2025-06-07,1134146.19,311.39
PAY-7266,INV-7392,2025-10-30,1041590.21,0.00
PAY-6318,INV-6428,2026-10-12,1939734.88,53374.81
PAY-4575,INV-4661,2026-12-17,147574.16,0.00
PAY-6484,INV-6606,2026-06-23,120286.08,0.00
PAY-2678,INV-2698,2025-12-11,428899.82,37619.06
PAY-1779,INV-1790,2025-11-29,572795.94,23648.38
PAY-2398,INV-2425,2025-12-13,528879.26,0.00
PAY-2008,INV-2036,2026-07-14,10032.11,0.00
PAY-4302,INV-4379,2025-12-10,23317.99,0.00
PAY-5673,INV-5784,2026-04-03,991155.23,0.00
PAY-2983,INV-3014,2025-12-17,480540.97,6830.33
PAY-3101,INV-3136,2025-06-27,1277024.14,37867.24
PAY-2648,INV-2669,14-09-2026,678436.91,0.00
PAY-5605,INV-5708,2026-11-07,1209946.93,0.00
PAY-5478,INV-5584,2025-08-29,1702864.30,40872.13
PAY-2150,INV-2171,2025-09-07,1176564.81,21646.40
PAY-5897,INV-6014,2025-11-17,1618108.14,8952.65
PAY-5523,INV-5629,2026-09-13,1536805.06,51521.57
PAY-3304,INV-3370,2026-08-21,326075.27,4973.86
PAY-2703,INV-2721,09-03-2026,323528.04,140.65
PAY-6740,INV-6853,04-10-2025,1577397.04,0.00
PAY-1164,INV-1173,07-12-2025,1623339.28,0.00
PAY-5506,INV-5612,2026-06-13,1770593.38,3694.11
PAY-5190,INV-5295,2026-05-07,168987.50,0.00
PAY-3151,INV-3207,2026-12-24,1843164.20,77086.22
PAY-5127,INV-5227,2026-06-02,357899.78,0.00
PAY-1644,INV-1659,2026-11-19,923600.73,49340.36
PAY-7108,INV-7229,2026-03-01,25884.41,
PAY-5114,INV-5216,2026-09-27,125246.22,0.00
PAY-5575,INV-5678,2026-08-16,209761.87,0.00
PAY-4974,INV-5063,2026-12-02,334204.20,0.00
PAY-6399,INV-6513,2026-12-19,22490.85,1170.27
PAY-1113,INV-1119,2026-02-08,1392417.95,7509.79
PAY-4996,INV-5090,2026-10-05,1971706.05,0.00
PAY-3270,INV-3331,2025-12-01,848259.07,18933.42
PAY-4069,INV-4133,2026-03-30,393553.68,2329.83
PAY-6509,INV-6632,2026-03-10,11519.94,0.00
PAY-4490,INV-4572,2026-01-11,1141159.17,0.00
PAY-5736,INV-5851,2025-12-04,1676725.18,59631.19
PAY-2227,INV-2247,2025-09-19,847439.66,0.00
PAY-3633,INV-3694,2026-11-27,445432.55,0.00
PAY-4701,INV-4782,2026-05-18,1430928.98,0.00
PAY-3577,INV-3641,2026-01-29,608713.88,22281.21
PAY-5601,INV-5704,2025-07-15,1190571.68,49509.15
PAY-2062,INV-2082,2026-02-06,526233.79,7552.39
PAY-5820,INV-5931,2025-10-27,1645784.43,0.00
PAY-3515,INV-3574,2025-10-14,789053.57,0.00
PAY-7367,INV-7489,2025-12-06,160929.68,0.00
PAY-6944,INV-7065,2025-10-10,461707.04,9396.56
PAY-2282,INV-2306,2026-06-22,705258.64,0.00
PAY-5351,INV-5460,2026-03-20,1530598.06,0.00
PAY-5947,INV-6059,2026-11-15,323154.08,2457.83
PAY-5949,INV-6061,2026-08-29,1824376.48,0.00
PAY-1416,INV-1429,2026-09-02,468411.17,20068.24
PAY-4351,INV-4426,2026-12-31,609463.98,21906.05
PAY-5394,INV-5502,2026-05-20,434818.13,0.00
PAY-5613,INV-5716,2026-10-23,1028637.72,45555.82
PAY-5321,INV-5426,2026-02-03,1222539.42,46942.04
PAY-5043,INV-5139,2026-05-27,1576710.03,
PAY-4489,INV-4571,06-09-2026,1393246.46,0.00
PAY-5795,INV-5906,2026-07-04,1310971.19,0.00
PAY-2471,INV-2486,2026-06-30,371649.82,0.00
PAY-2742,INV-2758,2026-08-19,1570927.52,-129.42
PAY-3512,INV-3573,2026-03-25,248511.21,16304.13
PAY-2263,INV-2284,2026-12-29,596424.68,4190.96
PAY-6492,INV-6614,2025-09-24,1140411.71,54694.59
PAY-6449,INV-6569,2026-12-17,1192727.51,0.00
PAY-3424,INV-3490,2026-03-21,1983609.09,0.00
PAY-3922,INV-3984,2026-11-07,1422067.77,50197.26
PAY-7148,INV-7270,2026-02-27,239797.45,7011.34
PAY-4194,INV-4270,2026-01-31,762744.34,74806.60
PAY-3904,INV-3969,,742491.91,
PAY-3662,INV-3720,2025-06-30,1811420.79,0.00
PAY-6889,INV-7010,2026-09-14,1497229.42,
PAY-1898,INV-1916,2026-07-19,1753757.24,0.00
PAY-3201,INV-3262,2027-01-15,1349419.21,0.00
PAY-5031,INV-5128,2026-04-15,747197.08,26308.80
PAY-1561,INV-1570,2026-04-30,307766.65,0.00
PAY-4543,INV-4633,2026-07-05,33996.41,-999.69
PAY-4668,INV-4753,2025-09-04,1018791.54,0.00
PAY-1691,INV-1704,2025-08-05,1233731.76,45462.73
PAY-6529,INV-6649,2026-02-19,1140514.22,0.00
PAY-6780,INV-6892,2026-03-05,1041855.80,77013.53
PAY-1516,INV-1523,2026-01-31,1436527.63,0.00
PAY-6443,INV-6562,2026-09-02,389727.55,0.00
PAY-2437,INV-2457,2025-12-26,126352.12,0.00
PAY-1869,INV-1885,2026-03-29,380836.64,
PAY-1083,INV-1085,2026-06-08,1824577.42,0.00
PAY-1168,INV-1177,2026-08-25,1995941.02,0.00
PAY-2407,INV-2432,2026-08-11,1050138.34,0.00
PAY-6232,INV-6348,2025-09-08,1198127.51,60750.42
PAY-6023,INV-6137,2026-09-19,1947317.95,0.00
PAY-5653,INV-5758,2025-08-09,949356.13,0.00
PAY-5081,INV-5184,2026-06-21,347083.77,14772.37
PAY-5160,INV-5265,2025-06-18,,
PAY-2828,INV-2853,2026-10-14,755167.28,
PAY-1002,INV-1001,2026-04-13,508026.29,0.00
PAY-7021,INV-7147,2026-09-17,1539869.99,0.00
PAY-4750,INV-4831,2026-03-23,1311753.92,58701.96
PAY-5827,INV-5941,2025-12-24,,0.00
PAY-1229,INV-1236,2025-10-14,206214.20,0.00
PAY-3105,INV-3140,2025-09-13,285962.90,0.00
PAY-1292,INV-1302,,1620928.22,0.00
PAY-5807,INV-5919,2026-03-18,124447.80,0.00
PAY-1362,INV-1373,2025-09-09,1070656.15,0.00
PAY-3878,INV-3943,2026-05-08,1522333.90,4902.04
PAY-4817,INV-4907,2025-10-04,1917870.64,0.00
PAY-5468,INV-5575,2026-05-10,354068.72,24474.34
PAY-4718,INV-4798,2025-02-30,969715.38,43458.49
PAY-1990,INV-2016,2026-11-26,,0.00
PAY-2186,INV-2206,16-09-2026,-116033.95,8456.30
PAY-2422,INV-2445,2026-08-19,15861.40,0.00
PAY-1041,INV-1043,2025-06-23,1124055.87,29813.77
PAY-5799,INV-5911,2026-04-29,266048.20,0.00
PAY-3233,INV-3296,2026-12-17,1541424.29,
PAY-3957,INV-4018,,206278.01,0.00
PAY-6677,INV-6792,2026-09-18,574684.11,0.00
PAY-1174,INV-1181,2026-11-10,163293.01,0.00
PAY-7420,INV-9340,2026-09-17,171954.97,0.00
PAY-3824,INV-3887,2026-01-10,407861.25,3899.64
PAY-6779,INV-6892,2026-03-28,573246.78,85999.76
PAY-3741,INV-3803,2025-10-09,862501.31,0.00
PAY-6949,INV-7070,2026-06-23,833488.31,22772.27
PAY-2940,INV-2970,2026-01-09,389341.88,0.00
PAY-5001,INV-5095,2025-10-05,1202383.34,0.00
PAY-5475,INV-5581,2025-07-30,1987990.56,0.00
PAY-6689,INV-6803,2026-02-27,910439.16,74926.58
PAY-2463,INV-2476,2026-02-04,1725094.85,0.00
PAY-3972,INV-4035,2026-06-02,456097.32,0.00
PAY-7214,INV-7342,2026-03-06,170912.51,0.00
PAY-6888,INV-7009,2026-07-28,1482582.73,40025.48
PAY-1150,INV-1159,2026-04-26,1856116.12,78079.37
PAY-6850,INV-6966,2025-12-28,1281964.49,0.00
PAY-3996,INV-4063,2026-06-08,291320.82,0.00
PAY-3435,INV-3500,2025-08-10,1511606.48,18532.88
PAY-6629,INV-6745,2026-05-20,894189.06,0.00
PAY-1342,INV-1353,2026-07-11,339093.27,0.00
PAY-2673,INV-2692,2025-12-06,1625763.03,0.00
PAY-4468,INV-4551,2025-09-21,1326963.14,3640.05
PAY-6819,INV-6933,2025-06-29,1999995.70,0.00
PAY-1605,INV-1619,2026-02-24,73969.49,3551.59
PAY-4733,INV-4813,2026-06-05,1903515.61,0.00
PAY-3989,INV-4057,2025-07-03,340590.03,16491.56
PAY-2001,INV-2029,2026-10-22,71307.46,0.00
PAY-6162,INV-6271,2025-10-20,345472.79,0.00
PAY-3516,INV-3575,2026-01-16,528975.33,0.00
PAY-6452,INV-6572,2027-02-03,570527.94,0.00
PAY-3950,INV-4012,2026-12-27,166968.72,2857.48
PAY-5358,INV-5465,2026-06-02,801575.21,60502.56
PAY-2970,INV-3004,2026-11-26,383103.78,44961.79
PAY-5195,INV-5301,2026-09-09,228066.74,0.00
PAY-4480,INV-4561,2026-01-06,195957.19,9378.41
PAY-3118,INV-3159,2025-09-03,503317.96,12612.27
PAY-5747,INV-5860,2026-09-28,204957.80,1985.44
PAY-7422,INV-9040,2025-10-09,20104.57,0.00
PAY-6794,INV-6905,2025-07-03,409006.46,0.00
PAY-6654,INV-6769,2025-08-28,1298445.27,0.00
PAY-7105,INV-7226,2026-01-02,94294.49,1999.99
PAY-4051,INV-4117,2026-11-12,195066.21,0.00
PAY-7074,INV-7194,2025-06-09,1557351.02,0.00
PAY-3067,INV-3103,2027-01-15,708050.32,0.00
PAY-7438,INV-9153,2026-06-07,169208.74,0.00
PAY-7173,INV-7297,2025-08-01,289358.03,0.00
PAY-5918,INV-6032,2025-10-21,491546.07,0.00
PAY-3690,INV-3750,2026-04-14,330359.45,34636.78
PAY-2264,INV-2285,01-05-2026,700290.25,23280.26
PAY-1383,INV-1394,2026-02-30,422209.70,11636.14
PAY-3677,INV-3735,2026-11-26,1890234.81,0.00
PAY-5116,INV-5218,2026-01-07,683593.04,7011.02
PAY-5497,INV-5604,2026-11-24,203213.62,6945.86
PAY-2405,INV-2431,2026-04-14,1796784.87,15958.31
PAY-2245,INV-2268,2026-11-11,872547.93,0.00
PAY-5769,INV-5882,2026-09-27,1603366.50,18681.59
PAY-2857,INV-2884,2026-02-17,1459128.18,0.00
PAY-2932,INV-2963,2025-10-24,1229136.49,0.00
PAY-2914,INV-2943,2025-12-21,1823531.42,889.39
PAY-4215,INV-4293,2026-12-04,1754014.04,0.00
PAY-6914,INV-7035,2026-02-28,317121.58,0.00
PAY-7111,INV-7231,2025-09-26,73682.42,0.00
PAY-5046,INV-5142,2026-08-03,180007.03,0.00
PAY-6640,INV-6755,2026-06-07,1790154.07,53128.50
PAY-4227,INV-4305,2026-10-06,933159.40,0.00
PAY-1354,INV-1363,2026-03-17,134934.22,0.00
PAY-7357,INV-7478,2026-02-17,457416.26,9744.81
PAY-1804,INV-1816,2026-03-16,823336.08,0.00
PAY-6413,INV-6529,2026-01-01,734145.66,0.00
PAY-3234,INV-3297,2026-04-07,767775.90,0.00
PAY-7217,INV-7345,2025-06-16,1486077.32,-64368.25
PAY-5703,INV-5812,2026-11-10,645035.63,9716.81
PAY-6834,INV-6948,2026-11-30,737390.12,0.00
PAY-4129,INV-4199,2026-09-29,1066942.67,
PAY-1803,INV-1816,2026-04-10,883708.57,72475.22
PAY-6586,INV-6704,2025-09-29,1586964.31,0.00
PAY-2765,INV-2784,2025-12-08,214069.83,0.00
PAY-6614,INV-6728,2025-09-06,906034.72,35365.59
PAY-1130,INV-1137,2026-10-23,740667.32,0.00
PAY-6157,INV-6267,2026-08-25,1649890.98,0.00
PAY-6821,INV-6935,2026-01-24,1854507.65,0.00
PAY-6965,INV-7088,2026-05-08,1578734.97,0.00
PAY-3561,INV-3619,2026-12-22,920214.67,0.00
PAY-5916,INV-6030,2025-07-27,612560.72,14669.23
PAY-5929,INV-6042,2026-05-14,300217.71,22063.54
PAY-3569,INV-3630,2026-09-21,220204.38,0.00
PAY-6841,INV-6959,2026-01-19,1418287.87,0.00
PAY-6019,INV-6133,2026-07-29,183230.28,0.00
PAY-4419,INV-4497,2026-05-01,537437.43,0.00
PAY-5699,INV-5807,03-05-2026,822735.00,0.00
PAY-2752,INV-2768,2026-07-28,850220.53,
PAY-3169,INV-3228,2025-08-17,530423.06,0.00
PAY-6920,INV-7040,2026-11-17,1832292.04,0.00
PAY-3005,INV-3039,2026-09-09,1352457.96,0.00
PAY-6576,INV-6694,2026-03-08,1544695.31,0.00
PAY-1861,INV-1877,2025-11-28,1487253.45,0.00
PAY-2531,INV-2548,2026-04-22,892532.17,0.00
PAY-6564,INV-6680,2025-06-14,840468.72,0.00
PAY-6774,INV-6887,2026-04-20,1399287.22,0.00
PAY-5464,INV-5571,2026-07-11,,0.00
PAY-3031,INV-3065,2026-04-27,744006.86,0.00
PAY-2021,INV-2049,2025-09-29,853361.00,0.00
PAY-6446,INV-6566,2026-05-20,1973081.91,0.00
PAY-6174,INV-6284,2026-08-28,1119008.94,0.00
PAY-3100,INV-3135,2026-08-09,779118.33,-187.09
PAY-6169,INV-6278,2026-10-27,935371.28,0.00
PAY-3835,INV-3898,2026-09-24,682647.67,17968.16
PAY-6517,INV-6638,2025-09-06,665502.83,20654.28
PAY-1475,INV-1486,2025-11-01,1051547.01,31326.17
PAY-5298,INV-5404,2026-01-22,1714297.25,0.00
PAY-6741,INV-6855,2026-10-04,1464575.91,0.00
PAY-2113,INV-2133,2026-12-22,133269.60,
PAY-4398,INV-4476,25-07-2026,102288.90,0.00
PAY-1585,INV-1597,2025-12-14,1638307.89,0.00
PAY-3693,INV-3752,2025-08-03,62684.86,0.00
PAY-5341,INV-5450,2025-12-26,421430.93,22085.43
PAY-1773,INV-1784,2025-09-10,712439.43,0.00
PAY-3157,INV-3214,2026-11-20,677688.25,0.00
PAY-6201,INV-6314,2025-11-02,130663.16,6060.40
PAY-2761,INV-2778,2025-08-10,1552674.65,0.00
PAY-5408,INV-5513,2025-06-12,1609959.91,0.00
PAY-3160,INV-3217,2026-11-07,696456.43,0.00
PAY-5768,INV-5881,2025-10-05,633503.90,4663.45
PAY-1223,INV-1231,2026-09-07,586750.26,0.00
PAY-5894,INV-6010,2026-10-31,1295481.46,61784.50
PAY-2177,INV-2198,2025-07-28,609398.94,0.00
PAY-3793,INV-3858,2026-04-12,1325813.77,64674.96
PAY-4780,INV-4864,2026-11-30,1187989.77,82281.65
PAY-6476,INV-6599,2026-05-29,412767.62,0.00
PAY-1882,INV-1902,2025-10-20,1956393.30,0.00
PAY-2365,INV-2395,2026-02-30,,0.00
PAY-4990,INV-5083,2025-06-23,1833188.41,0.00
PAY-3154,INV-3211,2026-10-05,827840.60,0.00
PAY-4559,INV-4648,2025-11-24,1892476.24,57017.96
PAY-1117,INV-1124,2026-06-20,764101.93,9703.57
PAY-6478,INV-6602,2025-10-18,707969.17,0.00
PAY-3117,INV-3157,2025-11-24,450373.68,0.00
PAY-5320,INV-5425,2026-07-29,83219.41,0.00
PAY-3176,INV-3236,21-06-2026,552312.87,
PAY-5724,INV-5833,2026-08-16,618333.51,0.00
PAY-4457,INV-4536,2026-11-10,65111.18,0.00
PAY-3264,INV-3324,2025-07-20,81632.95,2654.89
PAY-2529,INV-2546,2025-10-15,954371.18,
PAY-1218,INV-1225,2025-02-30,1323626.47,6641.08
PAY-2767,INV-2786,2025-08-23,140864.19,0.00
PAY-6114,INV-6223,2026-01-03,195916.66,0.00
PAY-5154,INV-5258,2026-02-12,200888.96,10031.75
PAY-5094,INV-5197,2025-11-12,1556618.88,22908.37
PAY-6286,INV-6401,2026-12-05,810070.12,30034.55
PAY-2948,INV-2977,2025-12-15,1311634.60,
PAY-5880,INV-5996,2025-07-31,301584.65,15378.35
PAY-3619,INV-3680,2026-09-12,639990.68,0.00
PAY-2590,INV-2608,2025-08-11,571950.61,0.00
PAY-2179,INV-2200,2026-10-25,250648.40,0.00
PAY-2569,INV-2588,2026-11-22,572473.63,0.00
PAY-4126,INV-4194,2026-03-11,866588.67,0.00
PAY-1590,INV-1603,2026-08-12,815002.74,32728.43
PAY-4776,INV-4860,2026-05-08,,3504.53
PAY-7427,INV-9393,2025-10-22,185251.76,0.00
PAY-4788,INV-4875,2026-05-16,388790.60,0.00
PAY-1523,INV-1530,2026-06-25,682472.15,4089.91
PAY-4177,INV-4251,03-05-2026,405144.67,0.00
PAY-5842,INV-5955,2025-10-25,1292510.19,0.00
PAY-6087,INV-6200,2025-08-04,649309.03,0.00
PAY-5415,INV-5517,2025-11-29,749734.52,20881.27
PAY-4689,INV-4770,2025-09-10,1079600.85,14327.30
PAY-7441,INV-9271,2026-06-02,240095.09,0.00
PAY-4938,INV-5025,2026-02-19,1958602.33,0.00
PAY-5004,INV-5098,2026-05-26,535084.03,0.00
PAY-2455,INV-2469,2027-01-30,1063999.29,0.00
PAY-1632,INV-1647,2026-06-21,923543.67,0.00
PAY-5527,INV-5633,2026-04-07,937301.98,30242.67
PAY-5643,INV-5748,2026-06-16,407641.69,0.00
PAY-6495,INV-6617,06-02-2026,474619.29,8911.15
PAY-2283,INV-2308,2026-08-23,635930.42,0.00
PAY-4116,INV-4185,2027-02-04,46422.83,954.91
PAY-5113,INV-5215,2026-11-07,1649081.28,0.00
PAY-1758,INV-1769,2025-11-21,1118913.91,14417.65
PAY-3250,INV-3311,2025-10-26,1097436.14,0.00
PAY-1977,INV-2003,2026-07-06,647558.51,0.00
PAY-5075,INV-5178,2026-07-26,1456210.37,55429.60
PAY-4299,INV-4376,2026-02-26,1631785.17,36665.33
PAY-2340,INV-2365,2026-12-28,531162.57,0.00
PAY-6735,INV-6847,10-09-2025,788164.09,0.00
PAY-4362,INV-4439,,1170902.72,0.00
PAY-2606,INV-2623,2026-01-20,1339118.42,0.00
PAY-3114,INV-3154,2026-04-16,1169483.76,0.00
PAY-3823,INV-3886,2026-09-14,1930555.62,0.00
PAY-4218,INV-4295,2025-09-11,515565.98,0.00
PAY-5923,INV-6036,2025-08-17,797100.08,9271.35
PAY-6921,INV-7041,2025-11-03,27464.69,0.00
PAY-3219,INV-3281,2026-07-22,9109.31,0.00
PAY-7462,INV-9269,2026-11-04,281271.13,0.00
PAY-2269,INV-2293,2026-12-10,1997801.05,0.00
PAY-4965,INV-5055,2026-03-25,539829.56,0.00
PAY-2807,INV-2828,2026-03-20,1748168.48,28915.99
PAY-4049,INV-4115,25-03-2026,1621697.49,41681.97
PAY-5334,INV-5442,2026-05-28,,73695.52
PAY-4729,INV-4810,2025-12-30,633837.43,0.00
PAY-5209,INV-5314,2025-11-13,14509.06,0.00
PAY-1463,INV-1474,2026-02-30,427527.50,19117.96
PAY-6578,INV-6697,2025-06-14,460096.44,0.00
PAY-2142,INV-2163,2026-08-11,255129.36,10124.13
PAY-5087,INV-5191,2026-02-14,1911723.32,0.00
PAY-3182,INV-3243,2026-08-10,369720.16,0.00
PAY-2559,INV-2578,2025-09-26,365891.39,0.00
PAY-7269,INV-7395,2025-10-06,1817603.67,0.00
PAY-2634,INV-2656,2026-10-04,705751.29,0.00
PAY-1790,INV-1802,2026-02-03,1821021.24,0.00
PAY-7215,INV-7343,15-11-2025,,
PAY-2825,INV-2851,2025-10-05,1904685.35,0.00
PAY-1785,INV-1796,2026-04-12,-1477793.93,0.00
PAY-2368,INV-2398,2025-12-27,117177.05,0.00
PAY-7235,INV-7361,2025-12-07,1750529.75,0.00
PAY-3740,INV-3802,2026-03-11,1895662.27,52138.79
PAY-1889,INV-1908,2025-11-18,527406.03,33101.61
PAY-2143,INV-2164,23-08-2025,238357.91,0.00
PAY-1997,INV-2025,2026-12-31,1109463.48,0.00
PAY-1301,INV-1310,2025-12-12,307937.27,
PAY-4421,INV-4498,2025-08-19,405289.77,0.00
PAY-2799,INV-2819,2025-06-22,145864.56,0.00
PAY-5053,INV-5151,2026-05-13,313249.71,0.00
PAY-4199,INV-4273,2026-11-22,129905.73,0.00
PAY-7029,INV-7154,2026-10-06,348108.14,
PAY-3274,INV-3335,2026-03-21,1518366.91,25597.90
PAY-3082,INV-3119,2025-08-13,878228.82,0.00
PAY-2098,INV-2115,2026-11-01,1749219.14,0.00
PAY-4336,INV-4411,2025-05-29,757791.91,
PAY-5134,INV-5238,2025-12-02,322014.53,0.00
PAY-4936,INV-5023,2026-01-25,219771.36,24162.21
PAY-2031,INV-2059,01-05-2026,438981.28,0.00
PAY-1157,INV-1168,2025-08-01,1980498.63,0.00
PAY-4819,INV-4909,2025-09-29,1286185.92,0.00
PAY-1244,INV-1251,2026-04-25,168971.00,0.00
PAY-5343,INV-5452,2025-09-13,,26608.06
PAY-1715,INV-1729,2025-06-19,1679313.26,29636.27
PAY-3262,INV-3322,2026-09-22,1508467.14,0.00
PAY-4520,INV-4603,2026-09-23,455737.60,0.00
PAY-7429,INV-9350,2025-10-20,456789.05,0.00
PAY-4219,INV-4296,2026-08-25,507594.21,0.00
PAY-5251,INV-5356,2025-09-16,,30547.01
PAY-5377,INV-5485,2025-10-16,270558.09,0.00
PAY-4324,INV-4400,2026-10-18,249554.56,5685.77
PAY-5567,INV-5670,2026-04-11,1697814.85,0.00
PAY-6089,INV-6201,2026-07-17,685679.74,0.00
PAY-4285,INV-4363,2026-05-31,1660125.24,17284.77
PAY-1360,INV-1370,2025-10-28,1078320.44,53271.71
PAY-7418,INV-9323,2026-03-31,255361.08,0.00
PAY-3855,INV-3917,11-08-2025,213123.77,11997.64
PAY-4500,INV-4582,2026-06-30,1426219.68,0.00
PAY-6148,INV-6258,2026-02-11,682797.37,23492.71
PAY-1656,INV-1672,2025-12-24,865029.53,
PAY-3476,INV-3540,2026-07-24,798614.38,0.00
PAY-6268,INV-6381,2026-04-04,57757.63,2901.84
PAY-6096,INV-6207,2025-07-24,1339613.69,37026.35
PAY-3968,INV-4030,02-09-2026,255729.87,0.00
PAY-2316,INV-2341,2026-03-21,449955.30,0.00
PAY-4934,INV-5022,2025-10-25,1876760.99,0.00
PAY-6538,INV-6659,2025-06-19,774784.56,12936.46
PAY-5122,INV-5223,2025-09-30,83506.01,8639.07
PAY-2378,INV-2406,2025-08-23,240399.76,0.00
PAY-2693,INV-2713,2026-03-29,1069608.81,41361.78
PAY-5564,INV-5667,2026-07-01,1032641.65,0.00
PAY-5878,INV-5994,2026-02-08,1893239.68,32627.15
PAY-5956,INV-6070,2025-07-23,375876.85,-927.32
PAY-3627,INV-3686,2026-10-05,717167.15,0.00
PAY-1462,INV-1473,02-09-2026,569322.71,0.00
PAY-1953,INV-1976,2026-08-03,756970.95,0.00
PAY-5457,INV-5563,2026-09-14,616712.51,7431.34
PAY-1939,INV-1961,2026-09-23,383106.65,6041.80
PAY-6626,INV-6740,2025-07-01,874096.08,0.00
PAY-6076,INV-6190,2026-09-19,1205628.24,0.00
PAY-2436,INV-2456,2025-11-05,343864.08,12986.39
PAY-3226,INV-3287,12-11-2025,1074288.61,
PAY-2617,INV-2638,2025-09-07,1711720.32,82283.22
PAY-6647,INV-6762,2026-06-13,227726.16,0.00
PAY-5196,INV-5301,2026-08-09,475992.15,0.00
PAY-3116,INV-3156,2026-06-29,1580296.12,0.00
PAY-4248,INV-4324,2026-04-03,889179.17,0.00
PAY-6738,INV-6850,2026-11-23,1627070.22,0.00
PAY-6407,INV-6523,,85317.38,3297.21
PAY-5422,INV-5524,2026-09-30,79303.30,0.00
PAY-6810,INV-6923,2027-01-24,277447.73,0.00
PAY-5788,INV-5900,2025-11-04,982783.58,
PAY-2302,INV-2329,2025-07-17,564992.56,0.00
PAY-1547,INV-1554,2026-01-06,30669.05,0.00
PAY-2870,INV-2896,2025-10-21,991585.84,25083.61
PAY-7347,INV-7467,2026-09-03,610343.45,0.00
PAY-5607,INV-5709,2026-05-11,542563.75,0.00
PAY-4344,INV-4418,2025-08-08,1151312.98,0.00
PAY-4369,INV-4445,2026-11-06,202869.63,0.00
PAY-2867,INV-2892,2025-09-23,53060.83,0.00
PAY-2136,INV-2156,2025-11-29,235561.25,0.00
PAY-3469,INV-3533,2026-03-25,1777314.56,
PAY-3265,INV-3325,2025-10-10,756551.90,0.00
PAY-5304,INV-5410,,387127.75,16428.69
PAY-3260,INV-3320,2026-03-26,368259.04,
PAY-1617,INV-1630,2026-10-26,159969.68,0.00
PAY-4068,INV-4132,2027-01-24,1523932.26,0.00
PAY-4275,INV-4352,2026-11-24,87653.67,0.00
PAY-2723,INV-2738,2026-04-16,182521.47,0.00
PAY-4429,INV-4507,2026-10-27,1690583.25,0.00
PAY-5874,INV-5988,2026-03-01,954254.87,37785.77
PAY-4723,INV-4803,2026-11-27,534402.07,0.00
PAY-3518,INV-3576,2026-10-04,45314.64,
PAY-6028,INV-6142,2025-06-18,97257.81,-791.78
PAY-4988,INV-5081,2025-08-09,327493.43,0.00
PAY-1298,INV-1308,2026-06-02,,26460.49
PAY-5287,INV-5391,2025-10-22,1053855.08,29298.44
PAY-6970,INV-7092,2026-08-17,112878.89,0.00
PAY-7425,INV-9384,2026-06-06,271951.24,0.00
PAY-5775,INV-5887,2026-03-31,1360465.04,-300.13
PAY-4503,INV-4586,2026-09-11,37593.72,0.00
PAY-3350,INV-3410,2025-11-03,,6184.62
PAY-6826,INV-6940,2026-04-21,1568199.17,61661.69
PAY-1453,INV-1465,2025-11-20,156716.82,0.00
PAY-1047,INV-1047,2026-07-16,1106143.78,0.00
PAY-3943,INV-4006,2025-07-21,807689.45,29349.42
PAY-2632,INV-2652,2026-04-28,652715.86,0.00
PAY-3312,INV-3376,2025-10-05,626288.19,57783.82
PAY-6171,INV-6281,2026-03-20,673803.84,10636.31
PAY-3477,INV-3541,2026-07-25,216912.15,0.00
PAY-4123,INV-4190,2026-08-14,1682608.52,60705.20
PAY-6460,INV-6581,2026-06-08,256891.30,0.00
PAY-4511,INV-4593,2025-11-05,100263.60,0.00
PAY-6064,INV-6178,2026-02-04,608784.99,0.00
PAY-2772,INV-2791,2025-08-19,183414.50,0.00
PAY-6258,INV-6372,2026-06-08,1917025.26,0.00
PAY-5378,INV-5486,2025-11-07,446269.04,25105.83
PAY-3339,INV-3398,2025-08-04,328651.10,0.00
PAY-4058,INV-4122,2025-10-16,721212.62,27103.14
PAY-4232,INV-4310,2026-07-11,1042847.75,0.00
PAY-2020,INV-2049,2025-10-10,733616.00,0.00
PAY-5711,INV-5820,2026-12-04,515057.50,13244.65
PAY-3093,INV-3129,2026-11-04,1070592.51,0.00
PAY-6525,INV-6645,2026-10-28,1443596.41,0.00
PAY-6855,INV-6971,2026-04-16,,3662.75
PAY-1835,INV-1849,2025-10-04,13977.25,0.00
PAY-2926,INV-2958,2026-05-12,750093.01,0.00
PAY-4931,INV-5019,2026-07-24,1097376.89,0.00
PAY-6700,INV-6814,2025-11-23,1184016.26,37027.83
PAY-3120,INV-3161,2026-08-20,610185.41,0.00
PAY-1588,INV-1600,2026-02-24,1493796.27,0.00
PAY-3771,INV-3835,2026-12-05,767593.42,57545.29
PAY-6302,INV-6414,2026-10-04,1876527.35,0.00
PAY-1398,INV-1409,2026-03-11,1481692.07,0.00
PAY-4377,INV-4454,2026-11-14,19271.36,563.51
PAY-2112,INV-2131,2026-04-15,71165.80,0.00
PAY-6384,INV-6498,2026-05-21,186352.32,13011.77
PAY-4964,INV-5054,2026-04-25,369099.55,
PAY-2360,INV-2389,2026-11-09,1468934.62,0.00
PAY-6218,INV-6333,2026-02-20,666470.68,14386.77
PAY-5749,INV-5861,,292206.14,0.00
PAY-4463,INV-4546,2025-08-17,,14931.49
PAY-5579,INV-5683,2026-11-21,1613231.88,0.00
PAY-4237,INV-4316,2026-06-24,568054.29,0.00
PAY-2896,INV-2926,2025-08-26,461402.88,4839.00
PAY-1285,INV-1295,2025-07-28,589419.53,27815.94
PAY-5316,INV-5422,2026-05-23,,31673.52
PAY-4469,INV-4552,2025-08-22,328858.05,0.00
PAY-4889,INV-4978,2026-02-21,473829.53,0.00
PAY-5347,INV-5456,2025-07-28,1866604.38,-275.95
PAY-2838,INV-2865,2025-07-14,443964.23,9871.32
PAY-3616,INV-3677,2026-04-03,618267.88,0.00
PAY-7085,INV-7205,2026-06-07,1898849.47,0.00
PAY-6835,INV-6949,2025-11-30,431347.65,12909.49
PAY-4661,INV-4748,2025-05-20,1318327.00,6146.19
PAY-3146,INV-3200,2026-01-04,1068396.16,9789.50
PAY-4914,INV-5005,2025-07-10,,2373.30
PAY-2434,INV-2455,2027-01-04,506631.68,0.00
PAY-3040,INV-3073,2026-05-24,1359434.86,0.00
PAY-1023,INV-1023,2026-09-15,554560.40,4520.92
PAY-1544,INV-1551,2026-09-21,352358.86,
PAY-6016,INV-6130,2026-09-04,295174.22,0.00
PAY-1815,INV-1828,2026-02-05,1541192.55,0.00
PAY-1631,INV-1647,2026-06-14,1062864.13,0.00
PAY-5365,INV-5472,2026-03-03,1724850.39,0.00
PAY-6025,INV-6139,2026-11-06,1690783.17,0.00
PAY-6120,INV-6228,2025-11-03,507427.17,0.00
PAY-2253,INV-2277,2026-02-25,668116.68,-912.55
PAY-6589,INV-6707,2026-12-02,1109081.28,0.00
PAY-7205,INV-7332,2026-01-14,1055581.40,12730.19
PAY-2160,INV-2181,02-01-2027,524324.30,0.00
PAY-6007,INV-6117,2025-11-07,937109.12,0.00
PAY-5097,INV-5200,2025-12-07,624307.41,
PAY-3948,INV-4011,2026-05-25,265152.40,1555.57
PAY-4840,INV-4930,2026-07-17,1063050.55,7285.03
PAY-3203,INV-3265,2025-08-10,,17262.62
PAY-4033,INV-4098,2026-05-13,516989.20,6593.58
PAY-2864,INV-2890,2026-05-16,671919.96,0.00
PAY-6725,INV-6839,2025-12-04,562403.50,0.00
PAY-2387,INV-2414,2026-09-08,1669906.25,0.00
PAY-6797,INV-6909,2026-07-30,394368.98,0.00
PAY-6851,INV-6967,2026-08-18,833442.82,18634.88
PAY-3572,INV-3633,2025-10-07,1627670.48,0.00
PAY-4329,INV-4404,2026-09-17,1200876.36,11499.15
PAY-6996,INV-7118,2026-05-03,555529.42,0.00
PAY-3013,INV-3046,2026-10-17,1937824.59,0.00
PAY-2923,INV-2954,2026-10-03,1231363.92,0.00
PAY-6896,INV-7017,2026-06-17,1830305.87,0.00
PAY-2074,INV-2093,2025-11-09,4515.09,407.24
PAY-1026,INV-1026,2027-01-15,557856.12,6839.83
PAY-7167,INV-7291,2026-07-02,1278926.73,0.00
PAY-5669,INV-5780,2026-02-17,1125412.36,0.00
PAY-4045,INV-4109,2026-09-07,346301.59,0.00
PAY-4089,INV-4157,02-04-2026,1698752.08,0.00
PAY-4650,INV-4739,2026-10-19,278809.53,0.00
PAY-6869,INV-6984,2026-01-14,807893.01,0.00
PAY-5057,INV-5157,2026-09-23,924919.17,0.00
PAY-3682,INV-3741,2026-02-18,263944.76,0.00
PAY-5338,INV-5447,2026-01-07,391250.83,28568.02
PAY-7193,INV-7319,2026-05-21,953295.22,47011.40
PAY-1143,INV-1151,18-02-2026,1754099.80,0.00
PAY-4876,INV-4967,2025-06-20,1208498.13,0.00
PAY-6598,INV-6714,28-10-2026,561386.50,0.00
PAY-4843,INV-4933,2025-08-25,397424.07,0.00
PAY-7174,INV-7297,2025-07-06,516338.42,0.00
PAY-6907,INV-7030,2025-02-30,419202.10,20936.66
PAY-6123,INV-6231,2027-01-07,1187293.85,0.00
PAY-5690,INV-5800,2026-11-12,1090952.01,35936.11
PAY-7298,INV-7421,2025-07-07,919234.57,10716.13
PAY-2364,INV-2394,2026-03-08,612180.61,18244.02
PAY-2208,INV-2229,2026-11-10,1023492.37,0.00
PAY-3079,INV-3117,2026-05-30,388955.87,0.00
PAY-4466,INV-4549,2026-02-15,1929525.90,14860.81
PAY-2081,INV-2099,2026-07-01,18223.32,0.00
PAY-1448,INV-1461,2026-10-29,1283614.98,0.00
PAY-4381,INV-4459,2026-06-22,1497097.26,0.00
PAY-7191,INV-7316,2026-02-14,290970.04,11754.57
PAY-7371,INV-7493,2026-02-16,1754127.16,87763.54
PAY-7060,INV-7181,2026-08-20,639533.61,0.00
PAY-2608,INV-2625,2026-09-27,11073.02,543.72
PAY-6750,INV-6863,2025-09-01,1237275.84,2342.67
PAY-1751,INV-1763,2026-07-13,1858548.70,23525.33
PAY-1764,INV-1776,2026-10-15,,5461.20
PAY-1256,INV-1266,2025-09-08,1580592.50,0.00
PAY-1910,INV-1931,2026-06-27,769998.94,6781.49
PAY-6540,INV-6661,2026-02-30,737718.37,19459.86
PAY-2096,INV-2113,2026-09-28,1256074.51,43950.25
PAY-1109,INV-1114,2025-11-14,12481.75,0.00
PAY-5940,INV-6050,2026-02-16,1625620.37,0.00
PAY-1974,INV-1998,2025-08-30,1532107.18,39865.26
PAY-6240,INV-6355,2026-08-08,489131.01,75150.57
PAY-3885,INV-3950,2026-02-30,1895948.31,0.00
PAY-2511,INV-2525,2025-08-11,511881.18,0.00
PAY-7109,INV-7230,2026-12-18,203437.22,3508.69
PAY-7039,INV-7163,2026-05-17,97397.36,6914.54
PAY-5192,INV-5296,2025-09-05,775411.23,0.00
PAY-3841,INV-3904,2026-02-02,1207037.19,24622.75
PAY-2246,INV-2269,2026-03-01,1075438.07,56040.17
PAY-3012,INV-3045,2026-01-17,-1614594.59,57603.92
PAY-6815,INV-6928,2026-03-18,1773827.16,30022.01
PAY-4319,INV-4395,2026-03-12,1107748.67,0.00
PAY-1106,INV-1110,2025-09-01,954215.05,0.00
PAY-3492,INV-3558,2026-04-10,786140.68,17353.42
PAY-1565,INV-1575,2025-12-17,85665.84,11388.29
PAY-6422,INV-6536,2025-10-24,1187605.32,50102.89
PAY-5756,INV-5868,2026-09-15,1010724.50,43545.68
PAY-3054,INV-3089,2025-08-26,664371.04,23848.28
PAY-2916,INV-2945,2025-11-19,76314.21,3561.31
PAY-3006,INV-3040,2026-11-28,1708343.62,
PAY-3788,INV-3853,2026-01-23,744974.20,0.00
PAY-4842,INV-4932,2026-06-17,1000283.80,13058.57
PAY-2328,INV-2352,2026-10-10,315738.01,9556.33
PAY-3416,INV-3482,2026-10-23,669685.58,
PAY-5870,INV-5984,2025-10-04,276641.81,1938.07
PAY-2596,INV-2614,2026-01-17,146875.74,0.00
PAY-2533,INV-2550,2026-10-04,1670958.66,0.00
PAY-2019,INV-2048,2025-06-16,97697.75,0.00
PAY-2082,INV-2100,2026-04-14,1023554.62,0.00
PAY-4741,INV-4821,2025-08-24,1616503.42,0.00
PAY-6736,INV-6848,2026-06-12,1644686.89,1974.39
PAY-5919,INV-6032,2025-08-24,364642.68,0.00
PAY-5252,INV-5357,2025-12-16,1985211.14,0.00
PAY-6152,INV-6261,2025-10-17,7901.04,0.00
PAY-3549,INV-3605,2026-03-09,330151.93,0.00
PAY-2646,INV-2666,2026-08-06,654148.32,33470.34
PAY-5462,INV-5569,2025-07-23,1187409.46,0.00
PAY-3794,INV-3859,2025-09-04,1825183.57,0.00
PAY-1739,INV-1750,2025-06-13,1713146.57,
PAY-2935,INV-2965,2025-12-01,46589.45,-417.79
PAY-4709,INV-4791,2025-07-27,215668.16,747.25
PAY-4716,INV-4796,2026-02-20,1211591.08,13021.77
PAY-5712,INV-5821,2026-11-17,239839.71,5930.17
PAY-6605,INV-6720,2026-12-07,1840123.03,41864.85
PAY-1653,INV-1668,2026-05-10,1810335.20,
PAY-4281,INV-4358,2026-01-23,1708952.56,65263.03
PAY-1176,INV-1183,2026-08-27,473499.14,
PAY-6728,INV-6841,2025-11-30,622599.78,22980.62
PAY-1654,INV-1670,2025-05-30,174315.08,1333.62
PAY-2197,INV-2220,2025-07-13,432462.08,0.00
PAY-3422,INV-3488,2026-01-21,128919.18,-624.69
PAY-1369,INV-1381,2026-10-23,1965412.82,0.00
PAY-4148,INV-4222,2026-03-27,-1828395.04,0.00
PAY-5912,INV-6026,2026-02-23,91394.97,0.00
PAY-4899,INV-4991,2026-11-26,1122432.04,5674.26
PAY-7124,INV-7243,2026-06-30,877344.70,10934.45
PAY-3364,INV-3428,2025-06-26,630533.90,0.00
PAY-5023,INV-5118,2026-11-28,655114.36,0.00
PAY-1494,INV-1503,2026-11-12,1135737.20,0.00
PAY-6128,INV-6235,2026-10-27,369177.56,0.00
PAY-4884,INV-4974,2026-08-17,1680548.16,0.00
PAY-4530,INV-4617,2025-10-22,144547.41,0.00
PAY-7430,INV-9114,2026-08-15,99533.83,0.00
PAY-6766,INV-6877,2026-06-20,1952058.38,0.00
PAY-1034,INV-1033,,67038.01,
PAY-6532,INV-6651,2025-07-10,551793.63,0.00
PAY-6881,INV-6998,2026-11-06,236784.22,26986.77
PAY-2053,INV-2075,2026-08-30,246504.41,12320.90
PAY-7283,INV-7406,2026-03-15,233490.11,0.00
PAY-3811,INV-3875,2026-08-18,885204.46,0.00
PAY-5619,INV-5722,02-11-2026,1837514.52,0.00
PAY-6698,INV-6812,2025-07-14,671888.61,7116.30
PAY-4077,INV-4144,2025-07-10,1250251.52,24593.56
PAY-3831,INV-3894,2026-07-03,1064300.39,52131.99
PAY-6244,INV-6359,2026-06-14,191097.36,0.00
PAY-4697,INV-4778,2025-12-11,1605338.79,0.00
PAY-6506,INV-6630,2026-12-15,1023813.40,0.00
PAY-2217,INV-2237,2026-02-01,381314.77,0.00
PAY-3818,INV-3882,2027-01-18,743553.61,0.00
PAY-2524,INV-2541,2026-05-13,926003.32,29683.88
PAY-5685,INV-5796,2025-12-07,743015.71,3515.97
PAY-1148,INV-1156,2026-09-24,108901.77,5028.00
PAY-4502,INV-4585,2026-10-24,682407.48,28157.36
PAY-2330,INV-2356,2026-11-20,1850624.55,0.00
PAY-4430,INV-4508,16-08-2025,996513.12,43053.70
PAY-1402,INV-1413,2026-11-07,760237.99,0.00
PAY-2097,INV-2114,2025-09-21,68338.42,0.00
PAY-6371,INV-6485,2025-08-17,651547.97,0.00
PAY-6781,INV-6893,2025-11-23,1806042.63,12957.82
PAY-6212,INV-6328,2025-05-26,970123.81,21355.10
PAY-3063,INV-3098,2026-08-21,977093.15,8337.40
PAY-2490,INV-2507,2026-01-31,426256.67,0.00
PAY-7345,INV-7466,2026-10-09,660147.22,0.00
PAY-2319,INV-2344,2025-07-25,1992064.01,0.00
PAY-7135,INV-7256,2026-12-08,1127697.40,44602.41
PAY-1619,INV-1631,2026-07-28,1057515.05,19408.62
PAY-2568,INV-2587,2026-05-25,1835639.22,0.00
PAY-6131,INV-6239,2026-12-05,352774.28,0.00
PAY-1502,INV-1510,2026-06-09,359699.17,0.00
PAY-4530,INV-4617,2025-07-06,163720.03,0.00
PAY-4476,INV-4558,10-07-2025,667823.71,7647.13
PAY-7259,INV-7386,2026-08-29,799478.99,0.00
PAY-2522,INV-2540,2026-05-11,,7628.34
PAY-4622,INV-4711,2025-10-13,1522657.33,0.00
PAY-3748,INV-3810,2026-09-28,185001.96,0.00
PAY-6762,INV-6873,2025-07-22,-629516.84,13272.06
PAY-7183,INV-7307,2026-11-21,483264.94,0.00
PAY-6641,INV-6756,2025-10-05,818925.02,0.00
PAY-3406,INV-3472,2026-01-07,168714.92,5525.88
PAY-4401,INV-4478,2025-02-30,1491472.51,
PAY-6822,INV-6936,2026-01-29,154983.43,0.00
PAY-5174,INV-5280,2026-07-03,98112.23,0.00
PAY-3502,INV-3564,2026-11-21,723949.06,0.00
PAY-6346,INV-6457,2026-02-07,288527.03,0.00
PAY-6932,INV-7055,2027-01-19,1568548.04,20847.48
PAY-1625,INV-1639,2026-07-27,1154494.28,0.00
PAY-3785,INV-3850,2026-05-31,300319.33,0.00
PAY-5965,INV-6078,2026-06-12,792284.99,1274.28
PAY-4959,INV-5049,2026-01-23,321329.29,0.00
PAY-4784,INV-4869,2026-02-30,604386.13,
PAY-1933,INV-1956,2026-11-10,149125.94,6980.19
PAY-1555,INV-1562,2026-11-22,382067.07,6959.81
PAY-6457,INV-6579,2026-06-28,945715.06,65474.48
PAY-1965,INV-1990,2026-12-26,1292860.57,0.00
PAY-2272,INV-2296,2026-04-10,1846865.31,0.00
PAY-7055,INV-7176,2025-07-15,629061.86,0.00
PAY-2755,INV-2770,2026-11-27,1307450.36,48884.74
PAY-1240,INV-1247,2026-02-16,428654.66,0.00
PAY-2401,INV-2427,2026-12-20,316995.53,0.00
PAY-1718,INV-1732,2026-06-27,532551.48,0.00
PAY-4332,INV-4407,2026-10-08,25903.18,0.00
PAY-6363,INV-6477,2025-12-07,829479.74,0.00
PAY-3405,INV-3472,2025-12-28,137686.45,6427.06
PAY-3300,INV-3365,2025-07-13,380889.30,10357.10
PAY-6567,INV-6683,2025-07-29,648824.59,13538.71
PAY-2851,INV-2878,2025-09-19,1368058.05,
PAY-3057,INV-3093,26-03-2026,1698104.21,55073.89
PAY-2110,INV-2129,2026-09-20,1171366.20,0.00
PAY-6522,INV-6642,2026-05-30,1016610.03,0.00
PAY-4747,INV-4828,2025-09-09,161863.43,7807.70
PAY-5633,INV-5738,2026-11-15,1845984.17,6925.96
PAY-1382,INV-1393,2025-11-24,1957047.85,0.00
PAY-7121,INV-7240,2026-08-28,663288.61,0.00
PAY-2334,INV-2361,2026-09-09,984490.22,0.00
PAY-2829,INV-2854,2025-08-31,665133.26,0.00
PAY-1322,INV-1333,2025-12-01,489960.29,0.00
PAY-3153,INV-3209,2026-05-02,,
PAY-1980,INV-2007,2026-05-19,477307.21,0.00
PAY-2025,INV-2054,2026-04-23,674751.74,0.00
PAY-3408,INV-3473,2025-12-17,426412.36,0.00
PAY-3942,INV-4005,2026-07-07,167259.69,0.00
PAY-3217,INV-3279,2025-08-01,263773.99,0.00
PAY-1018,INV-1017,2025-08-11,93048.68,0.00
PAY-3758,INV-3821,2025-02-30,1135456.88,12485.97
PAY-6447,INV-6567,2026-03-02,1269810.18,
PAY-6778,INV-6891,2026-02-05,1471491.58,38583.81
PAY-3638,INV-3698,2026-07-06,1257600.16,0.00
PAY-5402,INV-5509,2025-10-26,501840.01,21441.50
PAY-4385,INV-4463,2025-10-16,910843.06,0.00
PAY-2050,INV-2072,2026-06-04,470104.66,1845.75
PAY-2621,INV-2642,2026-10-25,1342298.77,0.00
PAY-3077,INV-3115,2026-02-12,1888479.09,8734.34
PAY-5264,INV-5369,2026-06-27,127513.18,4336.30
PAY-3973,INV-4036,2026-11-24,683473.50,2761.43
PAY-2311,INV-2337,25-07-2026,113759.60,0.00
PAY-2685,INV-2704,2025-10-03,134495.74,0.00
PAY-5922,INV-6034,2026-11-13,639115.62,0.00
PAY-1189,INV-1196,2026-09-26,225373.65,0.00
PAY-1044,INV-1045,2026-08-05,462857.73,10882.21
PAY-2619,INV-2640,2025-05-26,1544165.79,62077.14
PAY-6998,INV-7120,2026-01-27,263164.71,
PAY-7209,INV-7338,2025-08-17,191746.55,0.00
PAY-2855,INV-2882,2026-10-18,1168111.22,0.00
PAY-6537,INV-6658,2025-10-10,1431952.10,0.00
PAY-2518,INV-2532,2026-08-28,1942913.30,43927.50
PAY-5288,INV-5392,2025-12-19,1466233.77,0.00
PAY-7197,INV-7322,2025-10-24,1387056.20,51009.05
PAY-4263,INV-4340,2026-03-03,511172.81,0.00
PAY-3463,INV-3528,2026-09-09,547089.18,0.00
PAY-1102,INV-1104,2026-05-20,1453187.88,0.00
PAY-3465,INV-3529,18-12-2025,624910.16,0.00
PAY-6788,INV-6899,2026-12-10,926928.48,0.00
PAY-3415,INV-3481,2026-07-12,1446686.53,47587.29
PAY-7200,INV-7326,2026-11-29,1537824.45,0.00
PAY-6439,INV-6558,2025-10-04,236197.17,0.00
PAY-1531,INV-1536,2027-01-23,415347.15,0.00
PAY-3991,INV-4060,2025-08-22,706850.23,12912.99
PAY-6455,INV-6576,2026-03-12,797998.06,9257.85
PAY-6520,INV-6640,2026-10-31,1307226.48,0.00
PAY-2011,INV-2041,2026-04-25,1991386.13,0.00
PAY-1137,INV-1143,2026-11-20,1021379.83,12390.48
PAY-2039,INV-2065,2026-11-21,40624.17,641.38
PAY-2040,INV-2066,2025-10-20,425238.39,34884.82
PAY-6696,INV-6811,20-11-2026,971846.13,30401.95
PAY-7246,INV-7371,,300820.25,0.00
PAY-2370,INV-2399,2026-08-03,329190.43,0.00
PAY-6281,INV-6396,2026-10-29,764138.07,0.00
PAY-4172,INV-4247,2026-01-19,1719430.97,0.00
PAY-1063,INV-1065,2025-10-29,1420501.42,38528.89
PAY-1919,INV-1940,2026-06-22,921213.72,74676.11
PAY-3938,INV-4001,2026-01-04,981593.84,
PAY-4008,INV-4074,2026-07-10,844806.79,39312.47
PAY-6304,INV-6416,2026-11-02,1896622.45,0.00
PAY-7122,INV-7241,2026-07-24,1361922.21,17033.62
PAY-6343,INV-6454,2026-04-02,349908.37,0.00
PAY-4589,INV-4676,24-06-2026,1090699.05,54362.75
PAY-6191,INV-6303,2026-10-05,1486160.11,0.00
PAY-6936,INV-7058,2026-02-28,483361.10,0.00
PAY-5263,INV-5368,26-01-2026,1082422.63,43356.51
PAY-3338,INV-3398,20-08-2025,515746.09,-32329.47
PAY-3574,INV-3638,2025-11-22,446688.13,0.00
PAY-5843,INV-5956,2026-09-19,1071913.62,0.00
PAY-4048,INV-4114,2025-10-14,550818.85,0.00
PAY-2597,INV-2615,2026-09-28,481106.74,0.00
PAY-2234,INV-2255,2025-09-29,369055.78,0.00
PAY-3686,INV-3747,2026-08-12,338079.25,0.00
PAY-3311,INV-3376,2025-10-31,1201105.07,
PAY-1427,INV-1438,2026-06-15,300317.32,1859.87
PAY-4597,INV-4685,2026-05-08,485845.58,0.00
PAY-1169,INV-1178,2025-07-06,1474052.24,0.00
PAY-4440,INV-4519,2026-02-04,524430.13,0.00
PAY-4794,INV-4881,2026-04-07,1795709.72,72164.42
PAY-6621,INV-6735,2026-10-27,327636.34,0.00
PAY-3076,INV-3114,2026-09-19,408629.55,0.00
PAY-3654,INV-3712,2026-02-30,1449739.37,0.00
PAY-1854,INV-1869,2026-01-18,465238.41,0.00
PAY-3727,INV-3789,2025-07-10,821772.04,31566.45
PAY-1740,INV-1751,2026-09-07,1143599.81,10367.68
PAY-4029,INV-4095,2026-12-07,485058.64,659.36
PAY-1331,INV-1343,2026-11-28,1796328.99,0.00
PAY-2043,INV-2067,2026-07-23,937931.36,0.00
PAY-1081,INV-1083,2026-11-28,921976.29,80063.13
PAY-2699,INV-2718,2025-08-27,841593.10,0.00
PAY-6193,INV-6305,2026-01-27,1999343.64,0.00
PAY-4111,INV-4182,2025-07-19,656200.93,22866.09
PAY-7328,INV-7452,,926899.60,0.00
PAY-4790,INV-4877,2025-12-29,668069.88,35125.66
PAY-1373,INV-1385,2025-06-22,193478.97,
PAY-3639,INV-3699,2025-07-23,1237121.05,38243.32
PAY-4415,INV-4493,2026-06-05,582338.80,0.00
PAY-1221,INV-1227,2025-11-06,522049.88,0.00
PAY-1458,INV-1469,2025-11-26,395891.57,1722.41
PAY-2114,INV-2134,2026-07-27,138140.27,0.00
PAY-6856,INV-6971,2026-06-09,274949.12,0.00
PAY-4558,INV-4647,2026-02-06,1444044.21,35293.54
PAY-5668,INV-5777,2026-04-12,93947.59,0.00
PAY-6720,INV-6834,2026-12-13,1642827.59,0.00
PAY-6951,INV-7073,2026-07-04,850565.34,0.00
PAY-6858,INV-6974,2026-04-05,358525.47,0.00
PAY-7230,INV-7356,2025-06-11,1433425.56,19414.30
PAY-6917,INV-7037,2026-05-02,1087476.86,4428.24
PAY-2739,INV-2755,2026-10-12,1477406.70,42729.44
PAY-1776,INV-1787,2025-12-13,516029.31,2054.78
PAY-6756,INV-6867,2026-09-15,388588.26,0.00
PAY-6827,INV-6941,2025-08-20,476314.22,-995.77
PAY-2133,INV-2154,2026-05-07,1063651.19,17975.51
PAY-2249,INV-2273,2026-01-21,1196979.59,39164.33
PAY-6528,INV-6648,2025-11-30,1382249.26,-685.88
PAY-3625,INV-3684,2025-12-26,1402925.65,21039.67
PAY-7027,INV-7152,2025-12-27,78844.32,0.00
PAY-5232,INV-5337,2026-02-16,938275.46,0.00
PAY-4346,INV-4421,2025-08-02,1197485.85,0.00
PAY-1334,INV-1345,2026-02-19,97941.13,-578.99
PAY-2172,INV-2192,2026-11-03,1296316.43,34693.33
PAY-4333,INV-4408,2026-09-01,1464637.05,20953.69
PAY-5662,INV-5769,2026-09-07,456185.54,14161.18
PAY-1103,INV-1106,2025-12-26,350734.94,0.00
PAY-2995,INV-3027,2026-08-26,1856064.80,0.00
PAY-4951,INV-5039,2026-12-09,339299.52,
PAY-2627,INV-2649,2026-10-03,887954.00,18205.96
PAY-6642,INV-6757,2026-12-14,761869.58,19159.95
PAY-7213,INV-7341,2025-08-15,223982.31,6938.54
PAY-1057,INV-1058,2025-11-25,1867329.83,0.00
PAY-3303,INV-3369,2025-07-22,466379.77,18956.79
PAY-4858,INV-4949,2025-12-06,552016.13,0.00
PAY-5779,INV-5890,2026-03-28,696812.08,64540.73
PAY-4935,INV-5023,2025-12-18,469233.73,17993.11
PAY-4855,INV-4945,2026-04-26,511650.85,
PAY-2575,INV-2593,2025-07-29,515456.32,8900.88
PAY-4953,INV-5041,2025-08-16,1151150.13,0.00
PAY-2572,INV-2590,2026-01-16,766653.07,
PAY-1916,INV-1936,2026-06-09,370910.88,0.00
PAY-5125,INV-5226,2025-10-26,1579628.48,57324.52
PAY-3483,INV-3548,2026-04-12,388601.38,0.00
PAY-4093,INV-4162,2025-12-25,226964.83,0.00
PAY-5498,INV-5605,09-11-2025,1949000.34,46087.66
PAY-4242,INV-4319,2026-07-29,478117.41,0.00
PAY-1593,INV-1606,2026-04-28,248689.63,0.00
PAY-6838,INV-6955,2026-10-25,659117.89,0.00
PAY-1305,INV-1314,2026-01-05,373423.12,0.00
PAY-4427,INV-4504,2026-06-22,202901.82,4915.37
PAY-6379,INV-6493,2026-07-03,474155.48,0.00
PAY-5978,INV-6091,2026-08-26,1168738.22,0.00
PAY-1613,INV-1626,2026-01-10,1367459.16,15249.95
PAY-3959,INV-4021,2026-07-28,1070612.34,0.00
PAY-2304,INV-2330,2026-10-09,941342.44,18102.61
PAY-2977,INV-3010,2025-09-24,1629872.57,0.00
PAY-2180,INV-2200,2026-10-29,302478.94,0.00
PAY-4065,INV-4130,2026-06-29,217662.01,0.00
PAY-4754,INV-4836,2026-11-04,1554134.37,72768.80
PAY-1742,INV-1754,2026-03-13,1328330.52,0.00
PAY-4906,INV-4998,2026-10-27,320835.16,
PAY-3615,INV-3676,2026-02-30,865604.52,0.00
PAY-3651,INV-3709,2025-10-27,50575.56,1648.08
PAY-3875,INV-3940,2026-03-25,42600.65,0.00
PAY-7112,INV-7233,2026-06-30,653815.95,59544.13
PAY-5590,INV-5694,2026-06-28,597651.17,10793.62
PAY-5533,INV-5639,2026-08-22,856673.99,0.00
PAY-5585,INV-5689,2026-04-24,1758538.32,0.00
PAY-4590,INV-4677,,1694579.26,0.00
PAY-7255,INV-7381,,1289137.73,0.00
PAY-5999,INV-6111,2026-12-05,1391380.21,0.00
PAY-2912,INV-2941,2026-07-15,1778945.81,0.00
PAY-1272,INV-1281,2026-02-21,486451.80,0.00
PAY-3822,INV-3885,2026-01-25,400158.35,0.00
PAY-1316,INV-1325,2025-08-11,842721.76,1830.17
PAY-6734,INV-6846,2025-10-13,76063.41,1200.74
PAY-4721,INV-4801,2026-10-07,527118.00,0.00
PAY-5396,INV-5503,2026-10-24,26956.00,0.00
PAY-6040,INV-6150,2026-08-27,1423772.11,11737.20
PAY-1085,INV-1087,2026-03-05,1133160.03,0.00
PAY-1094,INV-1096,2026-02-17,1589830.71,78723.21
PAY-7277,INV-7402,2026-09-13,1411567.21,0.00
PAY-2275,INV-2299,2026-03-16,434980.68,17052.47
PAY-7346,INV-7466,2026-09-01,830905.88,0.00
PAY-3235,INV-3297,2026-04-13,789155.76,0.00
PAY-1016,INV-1016,2026-06-07,1195608.05,0.00
PAY-5558,INV-5663,2025-10-30,733221.59,
PAY-5156,INV-5260,2026-02-23,949243.98,46476.01
PAY-6898,INV-7018,2025-09-09,326645.09,24647.62
PAY-4009,INV-4075,2025-11-29,1105678.29,10524.32
PAY-2513,INV-2527,2026-10-14,722151.49,0.00
PAY-7325,INV-7449,2025-07-02,1439546.21,-996.94
PAY-4301,INV-4379,2025-12-08,42490.83,0.00
PAY-6999,INV-7120,29-12-2025,169989.94,0.00
PAY-5845,INV-5958,2026-05-13,1198541.68,15731.52
PAY-1695,INV-1709,2025-06-09,352644.97,7012.42
PAY-6596,INV-6713,2025-06-25,417605.28,0.00
PAY-2466,INV-2480,2026-05-17,853778.41,0.00
PAY-2061,INV-2081,2026-04-03,77663.45,798.16
PAY-6747,INV-6861,2026-10-03,774999.94,48098.32
PAY-5841,INV-5954,2026-02-14,-770360.20,0.00
PAY-1906,INV-1928,2025-10-10,472341.07,21122.62
PAY-2869,INV-2895,2025-11-17,192350.87,0.00
PAY-3446,INV-3511,2025-09-16,513091.65,12020.33
PAY-6982,INV-7103,2025-09-02,715930.50,16679.52
PAY-5162,INV-5268,2026-10-29,524253.51,0.00
PAY-5953,INV-6065,2026-08-07,1837946.80,59380.63
PAY-2663,INV-2682,2026-08-24,1868007.14,89607.34
PAY-6681,INV-6798,2026-08-14,832228.97,0.00
PAY-4310,INV-4386,2026-01-18,1789923.77,0.00
PAY-5401,INV-5508,2026-06-30,1941467.42,0.00
PAY-5089,INV-5192,2025-07-10,175693.86,0.00
PAY-3560,INV-3618,,1032506.39,8620.53
PAY-1115,INV-1121,2025-12-04,754394.27,0.00
PAY-6588,INV-6706,2025-10-24,1981822.37,0.00
PAY-1535,INV-1539,2025-12-09,194934.09,0.00
PAY-6942,INV-7063,2026-04-14,1263192.91,9872.10
PAY-4658,INV-4746,31-05-2025,666344.96,0.00
PAY-1947,INV-1968,2026-11-18,1343549.25,26925.22
PAY-3774,INV-3838,2025-10-29,692317.75,0.00
PAY-3698,INV-3757,2025-10-29,1526706.01,0.00
PAY-3736,INV-3798,2026-06-06,155079.37,0.00
PAY-3348,INV-3407,2026-03-22,480535.85,0.00
PAY-2973,INV-3006,10-11-2026,,0.00
PAY-5882,INV-6000,2026-03-31,73422.74,967.30
PAY-5777,INV-5889,2025-11-26,798430.59,565.63
PAY-5641,INV-5746,2026-07-22,1219724.38,0.00
PAY-1188,INV-1195,2026-09-29,798572.58,0.00
PAY-6652,INV-6767,2025-12-24,867376.99,0.00
PAY-5367,INV-5474,2026-03-10,1280129.73,29458.02
PAY-5078,INV-5181,2026-10-06,111270.75,10748.48
PAY-4890,INV-4979,2025-12-14,1341465.90,42502.02
PAY-4376,INV-4453,2026-12-31,902785.79,0.00
PAY-6051,INV-6161,2026-05-16,1729323.42,48626.90
PAY-2994,INV-3026,2025-06-16,1613262.98,0.00
PAY-5487,INV-5594,2025-06-27,1662155.70,0.00
PAY-3683,INV-3742,2025-10-05,116104.97,0.00
PAY-1438,INV-1451,2026-03-13,1141752.05,0.00
PAY-1700,INV-1714,,1973769.45,0.00
PAY-1697,INV-1711,2026-10-10,281689.96,0.00
PAY-7318,INV-7442,2026-08-06,540774.97,0.00
PAY-6083,INV-6198,2026-01-18,737814.06,45718.05
PAY-2924,INV-2956,2026-04-10,450502.76,23144.62
PAY-2879,INV-2909,2026-11-06,1195723.21,0.00
PAY-5572,INV-5675,2025-10-13,296699.20,0.00
PAY-5385,INV-5492,2026-02-25,1820789.71,0.00
PAY-2705,INV-2722,2026-11-23,888918.04,0.00
PAY-5044,INV-5140,2026-01-04,996425.29,0.00
PAY-5507,INV-5613,2025-11-28,1430193.29,27719.82
PAY-1053,INV-1054,2026-02-30,1289495.55,31021.46
PAY-6340,INV-6451,2026-01-09,566068.13,0.00
PAY-1353,INV-1363,2026-03-08,196879.98,0.00
PAY-4642,INV-4732,2026-04-29,607316.54,60809.86
PAY-5618,INV-5721,2027-01-24,1983367.88,8041.45
PAY-1127,INV-1134,2026-10-03,1312141.75,0.00
PAY-2285,INV-2309,2026-09-08,37511.89,503.96
PAY-1929,INV-1951,2025-09-18,1219923.23,0.00
PAY-4609,INV-4697,2026-11-16,,0.00
PAY-7364,INV-7486,2025-08-16,1684667.23,13068.30
PAY-4249,INV-4325,2026-05-29,1736233.89,0.00
PAY-5300,INV-5407,2026-02-03,1797072.37,0.00
PAY-4663,INV-4751,2026-09-13,528135.91,0.00
PAY-5271,INV-5375,2026-11-23,912653.78,0.00
PAY-1636,INV-1652,2026-03-12,407595.85,1891.45
PAY-7192,INV-7317,2026-06-09,321397.40,0.00
PAY-3843,INV-3906,,372701.41,0.00
PAY-2064,INV-2085,2025-12-06,746633.35,0.00
PAY-2175,INV-2195,2026-05-08,132330.91,0.00
PAY-4165,INV-4241,2026-11-13,,0.00
PAY-5737,INV-5852,2026-08-03,106768.73,0.00
PAY-7382,INV-9141,2026-01-20,209618.28,0.00
PAY-5746,INV-5859,2026-07-29,1435611.27,28430.25
PAY-6473,INV-6595,2026-09-05,105462.45,0.00
PAY-6289,INV-6404,2025-11-26,,12559.01
PAY-6758,INV-6869,2026-08-07,1917223.44,11174.74
PAY-1447,INV-1460,2026-07-27,640530.53,6161.86
PAY-5433,INV-5535,2026-09-27,224127.26,0.00
PAY-4857,INV-4949,2025-12-19,462601.76,0.00
PAY-3042,INV-3075,2026-11-08,860700.21,36567.69
PAY-4818,INV-4908,2026-02-03,1381159.94,0.00
PAY-1345,INV-1356,,18508.90,574.45
PAY-5258,INV-5363,2025-10-14,313187.62,0.00
PAY-2145,INV-2166,2026-04-15,246546.46,0.00
PAY-5342,INV-5450,2025-12-28,525456.37,7455.68
PAY-1132,INV-1138,2026-10-06,923186.83,0.00
PAY-5977,INV-6089,2026-11-28,1558300.87,0.00
PAY-2375,INV-2404,,370787.10,16422.06
PAY-6104,INV-6213,2026-12-05,834931.08,4844.26
PAY-6751,INV-6864,2025-10-03,1787632.00,0.00
PAY-3172,INV-3232,2025-09-22,1161872.64,46548.54
PAY-2939,INV-2970,2026-01-16,359238.23,0.00
PAY-3622,INV-3682,2025-11-30,390545.11,
PAY-1389,INV-1400,,1177028.79,30578.18
PAY-1307,INV-1316,2026-05-07,204759.56,0.00
PAY-2649,INV-2670,2025-09-08,476017.29,10382.00
PAY-5687,INV-5797,2026-05-29,-1672384.42,0.00
PAY-6842,INV-6960,2026-03-22,585999.39,17716.90
PAY-3379,INV-3443,2026-01-31,754296.88,36059.76
PAY-1984,INV-2011,2026-10-13,962532.31,20190.76
PAY-2814,INV-2839,2025-10-25,1274502.44,17227.48
PAY-3671,INV-3728,,1863881.72,0.00
PAY-1774,INV-1785,2027-01-05,921883.31,0.00
PAY-1351,INV-1361,2025-08-09,1046202.23,0.00
PAY-7170,INV-7295,2026-03-01,625775.81,0.00
PAY-2355,INV-2384,2026-01-15,1990909.73,0.00
PAY-4639,INV-4729,2025-12-21,1512073.15,62359.37
PAY-6385,INV-6499,2026-02-02,1753446.74,0.00
PAY-5133,INV-5237,2026-08-04,845886.11,34256.38
PAY-6785,INV-6896,2026-05-24,1232179.49,0.00
PAY-1851,INV-1864,2026-07-07,552178.34,28257.16
PAY-3148,INV-3203,2026-05-11,1855296.07,25295.05
PAY-2201,INV-2223,2026-05-12,25385.73,2788.95
PAY-2205,INV-2227,2026-05-17,56783.58,3026.94
PAY-6161,INV-6270,2026-10-31,707753.37,10089.71
PAY-6310,INV-6420,2025-07-26,1820654.97,0.00
PAY-2877,INV-2906,,1575293.53,0.00
PAY-3362,INV-3425,19-06-2026,440995.29,0.00
PAY-4579,INV-4664,2026-09-18,340477.49,22771.07
PAY-6374,INV-6488,2026-02-19,1997904.79,0.00
PAY-3089,INV-3126,2026-07-29,1210729.40,64638.02
PAY-7433,INV-9393,2026-11-01,437324.93,0.00
PAY-6412,INV-6528,2025-10-04,29568.95,0.00
PAY-1339,INV-1350,2026-09-06,377869.98,0.00
PAY-1522,INV-1529,2026-01-03,721091.42,0.00
PAY-1295,INV-1305,14-05-2026,315878.96,0.00
PAY-6435,INV-6552,2025-06-04,897128.75,0.00
PAY-7253,INV-7379,2026-01-23,271608.35,11913.97
PAY-4981,INV-5073,2027-01-01,139440.77,0.00
PAY-2144,INV-2165,2025-06-25,384651.30,0.00
PAY-5554,INV-5659,2026-02-01,600609.26,4767.99
PAY-3330,INV-3389,2026-12-17,1557981.96,0.00
PAY-4342,INV-4416,2025-12-14,664163.81,16579.43
PAY-3215,INV-3276,2026-01-04,369017.40,4773.07
PAY-4892,INV-4981,2026-06-22,1747510.75,62377.86
PAY-1006,INV-1006,2026-08-13,1090226.86,0.00
PAY-3382,INV-3447,2025-10-25,566515.97,5970.99
PAY-6297,INV-6410,2026-08-26,410069.14,0.00
PAY-4496,INV-4577,2026-07-23,1002119.42,39706.61
PAY-5289,INV-5394,2026-10-17,117817.65,0.00
PAY-4562,INV-4650,2025-09-20,651767.12,0.00
PAY-5172,INV-5279,2026-08-20,596604.91,0.00
PAY-6571,INV-6691,2026-04-19,1047011.04,0.00
PAY-4223,INV-4302,2026-10-31,596072.88,0.00
PAY-6922,INV-7042,2026-10-04,45395.55,138.96
PAY-3952,INV-4014,2026-09-10,1471896.44,0.00
PAY-4159,INV-4235,2025-07-12,611723.75,16067.27
PAY-4439,INV-4518,2026-07-20,1834015.65,0.00
PAY-1533,INV-1538,2025-08-20,1808334.34,51445.53
PAY-5656,INV-5761,2026-04-05,443572.77,0.00
PAY-5714,INV-5825,2026-04-27,194140.43,8727.10
PAY-5254,INV-5359,2026-02-27,213745.98,1588.67
PAY-6706,INV-6819,2026-11-28,981908.67,22289.02
PAY-5215,INV-5320,2026-11-22,256186.02,0.00
PAY-6216,INV-6331,2026-11-01,1816759.72,37710.98
PAY-5832,INV-5947,2025-11-13,-698025.42,36327.55
PAY-6406,INV-6521,2025-12-17,180998.09,0.00
PAY-3847,INV-3910,2025-08-05,1460263.68,19198.42
PAY-2921,INV-2952,2027-01-21,1223837.03,0.00
PAY-7078,INV-7198,2025-09-02,1211850.79,0.00
PAY-1220,INV-1227,2025-09-25,709332.20,0.00
PAY-1647,INV-1663,2025-10-12,829350.22,0.00
PAY-4737,INV-4816,2026-03-24,427168.31,29207.04
PAY-2163,INV-2183,2026-03-12,236439.04,0.00
PAY-2938,INV-2969,2026-02-09,1115405.77,0.00
PAY-5050,INV-5147,2026-01-12,1634294.82,0.00
PAY-3765,INV-3829,2026-11-18,1403086.20,0.00
PAY-5150,INV-5254,2026-12-22,1270362.92,0.00
PAY-5598,INV-5701,2025-12-03,-151545.29,
PAY-6504,INV-6628,2025-07-22,1114537.37,0.00
PAY-1105,INV-1109,2026-01-04,326995.78,
PAY-2146,INV-2167,2025-09-02,-62223.81,1416.47
PAY-4588,INV-4675,2026-04-30,47182.81,0.00
PAY-2108,INV-2128,2026-04-14,265390.44,2605.40
PAY-1554,INV-1561,2026-05-23,1903555.75,0.00
PAY-6799,INV-6912,2026-10-18,1503750.00,0.00
PAY-1454,INV-1466,2026-09-18,1659752.27,0.00
PAY-4510,INV-4592,2026-12-12,508302.35,31588.31
PAY-2941,INV-2971,2026-07-24,1217592.61,368.58
PAY-5513,INV-5620,2026-05-30,295944.92,24383.39
PAY-5637,INV-5742,2025-10-17,1397095.37,59200.60
PAY-5576,INV-5679,2026-06-17,953800.82,43703.91
PAY-5657,INV-5762,2026-05-12,1146784.15,0.00
PAY-2046,INV-2070,2027-02-09,828937.08,0.00
PAY-4139,INV-4210,2025-07-01,1853145.18,0.00
PAY-3770,INV-3835,2026-11-28,886254.98,66900.02
PAY-6358,INV-6471,2025-07-02,151440.10,0.00
PAY-6119,INV-6228,2025-10-29,568722.27,0.00
PAY-5809,INV-5921,2026-06-08,808617.78,0.00
PAY-2117,INV-2137,2025-12-21,920892.71,
PAY-1145,INV-1153,2025-06-22,901019.30,0.00
PAY-6563,INV-6679,2026-11-14,47849.20,0.00
PAY-2804,INV-2825,2026-12-11,1325443.81,0.00
PAY-5511,INV-5617,,749005.73,0.00
PAY-3316,INV-3379,2026-05-03,1465270.93,0.00
PAY-7316,INV-7440,2026-11-27,841449.71,0.00
PAY-5960,INV-6074,,618502.56,22595.72
PAY-7048,INV-7171,02-10-2026,137835.76,502.28
PAY-5311,INV-5416,2026-08-15,1318744.34,
PAY-5509,INV-5615,2026-02-20,,0.00
PAY-4038,INV-4102,2026-09-12,451207.87,60527.99
PAY-5721,INV-5830,2026-12-22,386012.23,0.00
PAY-6324,INV-6436,2026-06-26,1044281.60,47221.99
PAY-3377,INV-3441,,667449.84,696.97
PAY-2170,INV-2190,2026-07-03,889433.10,36272.21
PAY-1072,INV-1075,2026-05-25,1397979.05,34289.28
PAY-2519,INV-2534,2026-05-31,1828663.59,0.00
PAY-3451,INV-3517,2026-03-29,685393.78,0.00
PAY-1419,INV-1432,2026-07-01,507055.23,0.00
PAY-3359,INV-3421,2026-08-30,1902454.85,0.00
PAY-3792,INV-3857,2026-08-24,1215446.22,0.00
PAY-5305,INV-5411,2026-04-07,724545.35,
PAY-7330,INV-7453,,500593.37,0.00
PAY-4926,INV-5014,2025-06-19,963176.88,0.00
PAY-5492,INV-5598,2026-09-17,834634.49,15363.16
PAY-2338,INV-2364,2025-09-24,691815.62,0.00
PAY-3088,INV-3126,2026-07-23,630496.96,92619.82
PAY-3655,INV-3713,2026-01-10,905574.83,0.00
PAY-5177,INV-5283,2026-02-16,549239.22,0.00
PAY-3015,INV-3049,2027-01-09,586799.52,3683.24
PAY-7011,INV-7136,,842559.30,0.00
PAY-5798,INV-5911,2026-03-21,178434.39,0.00
PAY-5753,INV-5865,2026-06-29,1330317.72,0.00
PAY-1837,INV-1851,2025-10-13,1432290.68,0.00
PAY-2781,INV-2802,2026-05-02,697819.59,
PAY-3747,INV-3809,2027-01-22,1083195.97,0.00
PAY-3672,INV-3729,2026-05-20,511326.93,0.00
PAY-1417,INV-1430,2025-07-08,1519411.43,79552.95
PAY-3546,INV-3600,15-04-2026,1491312.56,0.00
PAY-7020,INV-7145,20-07-2025,1900190.47,33545.14
PAY-2719,INV-2734,2026-08-20,1512337.26,71907.31
PAY-1135,INV-1141,2026-04-23,330664.56,12088.96
PAY-6935,INV-7057,17-08-2026,659778.21,0.00
PAY-1759,INV-1769,2025-12-02,609313.15,9312.58
PAY-3719,INV-3779,2026-12-12,1166292.41,35306.38
PAY-3505,INV-3566,26-07-2026,649504.65,13348.93
PAY-6590,INV-6708,2026-10-23,1921601.85,0.00
PAY-1840,INV-1854,2026-07-10,1141770.19,0.00
PAY-4292,INV-4371,2026-01-06,227523.57,0.00
PAY-2276,INV-2300,2026-12-24,689270.79,12212.83
PAY-3461,INV-3525,2026-04-06,349456.84,0.00
PAY-4554,INV-4642,2027-02-08,978931.74,0.00
PAY-1242,INV-1249,2025-05-21,511988.54,
PAY-1623,INV-1637,2026-10-05,535094.27,1151.11
PAY-1536,INV-1540,2026-05-03,218915.09,0.00
PAY-6477,INV-6601,2026-04-21,1537988.95,0.00
PAY-3346,INV-3406,2026-03-07,1210095.83,63570.09
PAY-5326,INV-5431,2025-12-09,1917746.08,0.00
PAY-3207,INV-3269,2025-09-21,1742581.33,0.00
PAY-6585,INV-6703,2025-09-07,74675.29,0.00
PAY-6225,INV-6340,2025-10-06,1863334.85,59881.43
PAY-6263,INV-6376,2026-05-10,1737166.61,
PAY-5020,INV-5115,14-03-2026,543088.14,0.00
PAY-6665,INV-6781,2025-10-21,566235.25,0.00
PAY-3442,INV-3506,2026-01-18,57367.75,0.00
PAY-7406,INV-9263,2025-07-09,495360.58,0.00
PAY-5676,INV-5787,2026-05-16,990557.01,0.00
PAY-3657,INV-3715,2025-11-30,266890.83,3369.47
PAY-4035,INV-4100,2025-11-10,291512.17,6462.89
PAY-2441,INV-2460,2026-08-01,955181.13,0.00
PAY-2203,INV-2225,2026-06-17,1013126.31,0.00
PAY-3268,INV-3329,2026-08-06,1146516.88,0.00
PAY-4000,INV-4066,2026-10-29,561703.10,0.00
PAY-5510,INV-5616,2026-12-11,379546.26,0.00
PAY-3533,INV-3588,2026-05-06,238920.66,4914.45
PAY-4705,INV-4787,2025-06-17,1361439.21,0.00
PAY-5830,INV-5945,2025-06-05,744537.75,26313.62
PAY-2788,INV-2809,2026-01-12,64868.87,0.00
PAY-2847,INV-2875,2026-01-16,627117.27,11260.24
PAY-4492,INV-4574,14-09-2026,1104968.46,21140.96
PAY-3457,INV-3523,2025-06-04,832360.80,7938.14
PAY-4915,INV-5006,2025-10-15,1684478.31,52269.48
PAY-6934,INV-7057,2026-07-15,350118.67,0.00
PAY-3778,INV-3842,,839239.72,0.00
PAY-2397,INV-2425,2025-10-25,949887.27,0.00
PAY-2274,INV-2298,2026-01-17,1543038.20,55752.09
PAY-7219,INV-7347,2026-11-20,464574.30,0.00
PAY-4764,INV-4850,2026-05-10,561381.70,0.00
PAY-2824,INV-2850,2026-08-18,137309.81,0.00
PAY-4611,INV-4699,2026-02-20,644287.44,32222.92
PAY-5829,INV-5944,2026-03-21,1620971.13,0.00
PAY-2890,INV-2918,2026-01-07,1005016.45,18887.17
PAY-2730,INV-2746,2025-11-16,399942.90,0.00
PAY-2990,INV-3022,2025-10-27,1580763.82,0.00
PAY-1800,INV-1813,2025-11-01,224876.00,0.00
PAY-6721,INV-6835,2026-01-22,83210.86,211.68
PAY-1433,INV-1446,2025-12-31,967422.58,42744.24
PAY-3277,INV-3339,2026-01-19,444929.57,0.00
PAY-2581,INV-2598,2025-10-01,458390.60,0.00
PAY-4550,INV-4638,2026-04-15,1311267.23,58736.00
PAY-1445,INV-1458,2025-09-22,1055161.95,0.00
PAY-5159,INV-5264,2026-02-22,99063.70,0.00
PAY-2745,INV-2760,2026-06-13,153635.31,1332.38
PAY-3524,INV-3580,2025-06-14,1761231.56,0.00
PAY-6029,INV-6142,2025-07-30,164492.41,0.00
PAY-2769,INV-2787,2026-02-30,620297.98,0.00
PAY-3137,INV-3186,2025-10-11,1110447.85,
PAY-5536,INV-5641,2026-05-03,220436.41,0.00
PAY-1493,INV-1502,2025-08-09,909955.32,0.00
PAY-1899,INV-1917,2026-10-24,1227406.39,12811.24
PAY-2209,INV-2230,2026-01-12,790536.68,0.00
PAY-6867,INV-6982,2025-05-28,947237.52,10626.36
PAY-1951,INV-1973,2026-11-25,1121539.50,4674.44
PAY-5580,INV-5684,2026-10-09,893418.89,18348.59
PAY-6670,INV-6785,2026-09-20,1596180.17,
PAY-4475,INV-4557,2026-03-26,228189.77,3823.87
PAY-5803,INV-5915,2026-04-12,427508.85,20770.93
PAY-3895,INV-3961,2026-09-07,1238810.62,
PAY-2032,INV-2060,2026-10-19,701920.63,26905.20
PAY-5784,INV-5895,2026-03-12,1137913.48,0.00
PAY-1627,INV-1642,2026-04-17,1031064.51,34963.55
PAY-7098,INV-7217,2025-11-05,1483220.60,0.00
PAY-5272,INV-5376,2026-01-11,354953.28,0.00
PAY-6583,INV-6701,2026-11-29,1871568.88,0.00
PAY-4328,INV-4402,2026-06-06,451029.79,22496.59
PAY-1299,INV-1309,2025-11-19,674103.58,0.00
PAY-2372,INV-2401,2025-10-30,65549.23,0.00
PAY-3470,INV-3534,2026-08-21,618147.64,0.00
PAY-7264,INV-7390,2026-01-19,208996.41,0.00
PAY-4845,INV-4934,2025-10-08,377807.46,0.00
PAY-1204,INV-1209,2026-08-29,1654604.40,0.00
PAY-6973,INV-7095,2025-08-07,946056.39,0.00
PAY-1511,INV-1519,2026-08-03,486420.40,
PAY-3334,INV-3393,2025-07-15,1927152.67,0.00
PAY-5602,INV-5706,,1325812.38,0.00
PAY-5467,INV-5574,2027-01-20,1709468.12,0.00
PAY-6008,INV-6120,2025-08-14,284839.20,2769.94
PAY-4913,INV-5004,2026-01-18,349085.54,0.00
PAY-4025,INV-4091,2026-06-22,449861.90,23068.81
PAY-5502,INV-5609,04-01-2026,676610.40,0.00
PAY-2013,INV-2043,2026-09-04,1887166.51,0.00
PAY-1859,INV-1875,2026-10-23,576095.62,0.00
PAY-7450,INV-9249,2025-10-07,475957.33,0.00
PAY-6368,INV-6482,2026-12-14,197445.76,7536.93
PAY-6983,INV-7104,2026-09-09,377435.80,0.00
PAY-6292,INV-6407,2026-07-03,547084.21,5808.70
PAY-3929,INV-3991,2026-11-23,826896.74,44311.17
PAY-5361,INV-5468,2025-07-26,54671.93,1293.40
PAY-2687,INV-2707,2026-12-10,108755.78,4666.86
PAY-2222,INV-2241,2026-04-20,906668.25,6743.42
PAY-6414,INV-6529,2026-01-17,483607.32,0.00
PAY-2125,INV-2144,2025-12-11,1878873.66,0.00
PAY-6432,INV-6546,2026-08-25,692713.58,35235.92
PAY-5994,INV-6107,2026-02-07,814087.92,0.00
PAY-4882,INV-4972,2026-11-22,916079.28,0.00
PAY-1279,INV-1287,2026-06-27,443694.67,0.00
PAY-1561,INV-1570,2026-08-02,298320.13,0.00
PAY-3761,INV-3824,2026-05-07,1460653.64,0.00
PAY-1378,INV-1389,2026-11-13,586737.51,-27403.19
PAY-1915,INV-1935,2026-04-03,712317.48,33217.18
PAY-4289,INV-4367,2025-09-02,123480.06,0.00
PAY-5696,INV-5806,2026-08-12,130794.49,13827.97
PAY-2073,INV-2093,2025-12-02,6864.57,0.00
PAY-7066,INV-7187,2026-11-07,1073689.04,0.00
PAY-7161,INV-7283,2026-09-29,186909.72,3166.58
PAY-2353,INV-2383,2026-09-19,822647.72,0.00
PAY-4999,INV-5093,2026-05-27,1518897.78,0.00
PAY-7155,INV-7278,2026-04-21,542422.64,33244.98
PAY-4015,INV-4080,2026-04-22,1998082.14,0.00
PAY-1352,INV-1362,05-05-2026,648092.09,0.00
PAY-7348,INV-7468,2025-07-18,822227.11,0.00
PAY-5666,INV-5774,2025-11-15,1687893.02,64187.52
PAY-2291,INV-2315,2025-08-29,,0.00
PAY-2616,INV-2637,2026-02-04,1586992.81,0.00
PAY-3256,INV-3317,2026-05-18,1265211.04,61063.09
PAY-4304,INV-4380,2026-06-03,436228.07,0.00
PAY-1411,INV-1423,2026-01-24,651942.30,0.00
PAY-2325,INV-2349,2026-07-05,1884755.26,
PAY-2380,INV-2407,2026-02-09,418748.41,11406.06
PAY-6527,INV-6647,2025-08-22,478782.90,19121.65
PAY-5679,INV-5791,2026-12-02,415982.80,19666.01
PAY-5064,INV-5165,2026-12-02,359522.14,0.00
PAY-1602,INV-1616,2025-06-13,1840447.58,92670.15
PAY-2168,INV-2188,2025-05-13,1481852.12,0.00
PAY-7103,INV-7224,,324592.05,-133.22
PAY-6908,INV-7031,2026-07-01,515258.25,5585.74
PAY-6329,INV-6441,2026-10-24,191712.49,0.00
PAY-1420,INV-1432,2026-06-17,371297.28,0.00
PAY-4088,INV-4156,2026-07-28,353396.24,0.00
PAY-7131,INV-7250,2026-08-24,,0.00
PAY-5802,INV-5914,2025-09-21,1375063.16,49675.36
PAY-4529,INV-4615,2025-11-13,397738.17,5660.92
PAY-7014,INV-7140,2026-03-30,1991113.28,0.00
PAY-6854,INV-6970,2027-02-07,1987769.05,0.00
PAY-5256,INV-5361,2026-12-17,1103906.83,0.00
PAY-7180,INV-7304,,122631.72,4520.71
PAY-5410,INV-5514,2026-06-23,499530.46,14673.92
PAY-4244,INV-4321,2026-01-11,557097.33,17715.22
PAY-2929,INV-2961,2026-10-05,1981510.79,0.00
PAY-7377,INV-9114,2026-02-24,348863.00,0.00
PAY-5165,INV-5271,2025-08-07,914927.84,0.00
PAY-6470,INV-6592,2026-07-29,1681610.44,0.00
PAY-6410,INV-6527,2026-11-13,497847.84,0.00
PAY-5693,INV-5803,2025-06-20,47080.34,0.00
PAY-5638,INV-5743,2026-08-04,427140.53,0.00
PAY-1922,INV-1942,2025-07-06,1586121.68,0.00
PAY-4277,INV-4353,2026-10-15,639543.56,0.00
PAY-6739,INV-6852,15-10-2025,1331083.38,45840.67
PAY-5221,INV-5325,2026-01-01,155175.54,0.00
PAY-5720,INV-5829,2026-04-03,62719.45,3450.46
PAY-2950,INV-2980,2025-08-21,62740.97,3216.12
PAY-1095,INV-1097,2026-09-12,932115.55,8010.21
PAY-4211,INV-4287,2026-01-22,1839912.58,0.00
PAY-7352,INV-7472,2025-11-23,351042.95,11153.10
PAY-7432,INV-9001,2026-06-16,250690.33,0.00
PAY-4314,INV-4390,2025-10-13,1059988.01,
PAY-1257,INV-1267,2026-06-17,72024.88,0.00
PAY-1390,INV-1401,2025-11-06,553690.24,0.00
PAY-5659,INV-5767,2026-08-24,1631927.92,78062.21
PAY-1097,INV-1099,2025-07-18,1372847.14,0.00
PAY-6634,INV-6749,2026-06-18,675055.74,0.00
PAY-2014,INV-2044,2026-05-09,725220.04,70515.26
PAY-2238,INV-2260,2026-08-15,153270.98,382.53
PAY-1495,INV-1505,2025-12-20,1507202.42,30776.33
PAY-2605,INV-2622,2025-06-12,1245323.49,0.00
PAY-1430,INV-1443,2025-12-15,1159736.40,0.00
PAY-4546,INV-4635,2025-09-29,1353144.12,0.00
PAY-6235,INV-6351,2025-07-06,143689.29,
PAY-2746,INV-2762,2026-08-03,76202.25,2490.12
PAY-3769,INV-3834,2025-07-19,621408.18,0.00
PAY-3305,INV-3371,2025-07-08,1100302.09,0.00
PAY-1509,INV-1517,2026-10-16,1487092.95,
PAY-2007,INV-2035,2025-07-28,345444.92,0.00
PAY-5011,INV-5104,,1249802.96,0.00
PAY-2111,INV-2130,2026-07-21,646783.02,31231.84
PAY-2831,INV-2856,2027-01-12,499387.60,0.00
PAY-6283,INV-6398,2026-07-31,1216705.20,14845.53
PAY-5226,INV-5331,2026-07-14,581902.63,44452.20
PAY-2324,INV-2348,2026-06-04,234944.14,21947.38
PAY-4325,INV-4400,20-09-2026,369126.18,0.00
PAY-5946,INV-6058,2026-08-05,1051788.98,36289.89
PAY-1175,INV-1182,2026-12-24,397965.64,0.00
PAY-1466,INV-1477,2025-06-18,1463111.60,33823.40
PAY-3999,INV-4066,2026-10-12,996858.62,0.00
PAY-4104,INV-4173,2026-11-08,1549514.65,0.00
PAY-3517,INV-3576,,56890.86,99.27
PAY-1581,INV-1593,2026-12-13,1528984.31,20833.54
PAY-1834,INV-1847,2026-03-16,1607722.85,29678.72
PAY-5840,INV-5953,2025-11-21,1349509.04,0.00
PAY-2034,INV-2062,2025-11-25,1738001.84,4998.19
PAY-1616,INV-1629,2027-01-30,1120684.69,0.00
PAY-2411,INV-2436,2025-10-15,87426.82,3358.94
PAY-5080,INV-5183,2025-10-29,,85820.23
PAY-5896,INV-6013,2026-04-17,1033797.33,2654.67
PAY-7395,INV-9285,2026-12-15,206303.43,0.00
PAY-5136,INV-5240,2026-04-20,479796.83,-10437.17
PAY-3918,INV-3981,2026-03-13,414962.21,0.00
PAY-6979,INV-7100,2025-06-27,844456.64,32638.07
PAY-1335,INV-1346,2026-11-12,9471.76,993.38
PAY-7344,INV-7465,2025-06-24,505187.92,17398.30
PAY-6570,INV-6690,2025-11-01,341215.12,0.00
PAY-4505,INV-4588,2026-10-07,769173.05,0.00
PAY-5056,INV-5156,2026-06-09,1274242.26,19802.99
PAY-7338,INV-7460,2026-11-15,850050.09,0.00
PAY-5910,INV-6025,2025-06-24,1883868.07,59870.04
PAY-6575,INV-6693,2026-09-20,484416.75,0.00
PAY-7390,INV-9120,2025-12-10,15294.13,0.00
PAY-6746,INV-6860,2026-06-03,377191.22,7788.79
PAY-7410,INV-9184,2025-07-03,195125.45,0.00
PAY-5332,INV-5439,2025-11-07,343807.00,0.00
PAY-3964,INV-4026,2025-09-21,970006.89,0.00
PAY-2674,INV-2694,2026-12-19,766806.70,0.00
PAY-2477,INV-2492,2025-05-28,258715.16,0.00
PAY-4777,INV-4862,2025-11-17,1039735.03,53591.88
PAY-6079,INV-6193,2027-01-25,1518322.06,0.00
PAY-5704,INV-5812,13-12-2026,658844.51,56245.18
PAY-4960,INV-5050,2026-10-24,1868059.20,0.00
PAY-3592,INV-3653,2025-02-30,1043140.80,28667.81
PAY-6049,INV-6159,2025-12-03,636485.79,
PAY-7260,INV-7387,23-06-2025,,0.00
PAY-5003,INV-5097,2025-09-16,1250023.05,0.00
PAY-7343,INV-7465,2025-07-07,1029069.65,0.00
PAY-6398,INV-6511,2026-02-24,1186984.46,0.00
PAY-6020,INV-6134,,1117315.45,-52157.80
PAY-1067,INV-1070,2026-01-09,1475325.69,0.00
PAY-7010,INV-7134,2026-02-30,80958.55,
PAY-3310,INV-3375,2025-05-31,1044655.87,5148.34
PAY-4248,INV-4324,2025-08-28,12155.64,0.00
PAY-1737,INV-1748,2026-03-11,190519.29,0.00
PAY-7471,INV-9234,2026-04-17,280247.61,0.00
PAY-1595,INV-1608,2026-10-16,904235.66,0.00
PAY-1120,INV-1127,2025-07-11,1121067.35,0.00
PAY-1822,INV-1837,2025-11-15,54431.78,-1866.27
PAY-6306,INV-6418,2025-07-21,1142407.62,0.00
PAY-6416,INV-6532,2026-07-25,1127408.09,0.00
PAY-3366,INV-3429,2025-12-03,90886.97,0.00
PAY-6325,INV-6437,2026-11-14,1135422.78,56429.53
PAY-5007,INV-5102,,188244.93,0.00
PAY-5368,INV-5475,2026-12-16,1702624.81,
PAY-5810,INV-5921,2026-08-14,945176.40,
PAY-1464,INV-1475,2026-09-23,1320275.25,
PAY-4881,INV-4972,2026-11-21,382392.14,51272.10
PAY-6177,INV-6287,2026-10-13,645154.31,22102.01
PAY-1333,INV-1344,2025-12-08,351992.06,28380.13
PAY-4757,INV-4841,2026-09-13,1098440.82,51029.47
PAY-5550,INV-5656,2026-10-09,1693800.31,0.00
PAY-4513,INV-4594,,660455.14,52644.90
PAY-3209,INV-3271,2026-11-24,216208.48,6636.81
PAY-2080,INV-2098,2026-07-04,1742112.39,
PAY-3786,INV-3851,2026-07-12,456970.90,60.59
PAY-6991,INV-7113,,1790904.58,51423.60
PAY-2803,INV-2823,2026-08-02,1850351.62,0.00
PAY-4677,INV-4760,2025-10-01,626160.39,2768.03
PAY-7258,INV-7385,2025-12-10,1473927.72,21360.90
PAY-1232,INV-1239,2025-11-08,1378812.78,0.00
PAY-4001,INV-4067,2026-09-07,1698897.14,17043.39
PAY-7440,INV-9315,2025-09-08,463060.99,0.00
PAY-5140,INV-5242,2026-06-19,60363.15,0.00
PAY-7169,INV-7292,2026-11-13,151471.24,551.94
PAY-1763,INV-1775,2025-09-17,1549579.68,0.00
PAY-3528,INV-3585,2025-09-03,,0.00
PAY-6866,INV-6981,2025-08-11,1728007.47,53845.15
PAY-6808,INV-6922,2026-04-13,738547.83,0.00
PAY-2058,INV-2079,2026-08-22,874080.17,0.00
PAY-2802,INV-2822,2025-07-18,1532445.80,0.00
PAY-4306,INV-4382,2025-09-10,1052385.58,19153.40
PAY-1839,INV-1853,21-05-2026,1950043.60,10003.49
PAY-5770,INV-5883,2026-10-20,1630909.34,74833.98
PAY-3898,INV-3964,2026-04-22,182578.98,0.00
PAY-6143,INV-6252,2025-02-30,221678.88,0.00
PAY-5055,INV-5154,2025-07-03,1471184.39,0.00
PAY-5782,INV-5893,2026-07-04,82618.16,0.00
PAY-1224,INV-1231,2026-08-21,386316.27,0.00
PAY-3119,INV-3160,2026-10-19,526163.95,0.00
PAY-5682,INV-5793,2026-10-29,283274.17,0.00
PAY-5646,INV-5750,05-08-2025,425317.40,0.00
PAY-4345,INV-4420,2025-06-14,1169678.99,0.00
PAY-3617,INV-3678,17-10-2025,83610.62,527.73
PAY-3335,INV-3394,2026-04-09,375336.10,2279.87
PAY-5525,INV-5632,2025-08-26,528488.67,0.00
PAY-3259,INV-3319,2026-07-31,648814.67,0.00
PAY-4632,INV-4724,2025-07-03,153389.46,0.00
PAY-4092,INV-4161,2025-10-05,1419555.91,15792.13
PAY-6062,INV-6174,2025-08-18,1978604.80,0.00
PAY-3729,INV-3792,2025-11-10,175744.20,261.40
PAY-2354,INV-2383,2026-11-06,895234.34,-31147.19
PAY-6024,INV-6138,2026-05-04,1740035.54,5926.72
PAY-3069,INV-3104,2025-06-16,577599.35,38306.87
PAY-5253,INV-5358,2025-07-24,1021557.30,0.00
PAY-1645,INV-1660,2026-02-03,1911042.80,6331.03
PAY-5465,INV-5571,2026-07-05,169384.38,2195.53
PAY-5961,INV-6074,2026-02-19,1009256.38,56841.52
PAY-2700,INV-2719,07-02-2026,638657.04,0.00
PAY-2268,INV-2291,2026-12-16,27292.26,0.00
PAY-2230,INV-2250,2025-07-21,749046.60,0.00
PAY-3881,INV-3946,2026-06-20,,0.00
PAY-3282,INV-3345,2026-03-11,-48155.25,0.00
PAY-2416,INV-2439,2026-12-02,92962.15,0.00
PAY-2139,INV-2160,2025-11-27,1773878.26,0.00
PAY-5276,INV-5381,2026-08-04,828107.47,10698.98
PAY-4366,INV-4443,2025-07-06,1969099.84,0.00
PAY-6978,INV-7099,2025-08-25,299607.85,14120.09
PAY-2173,INV-2193,2026-01-14,318421.84,10432.27
PAY-6688,INV-6803,2026-02-03,,0.00
PAY-4662,INV-4749,14-07-2025,836813.70,31326.15
PAY-2832,INV-2858,2026-05-12,1036980.89,7348.35
PAY-1744,INV-1756,2025-08-25,,3066.63
PAY-4814,INV-4904,2025-08-29,1674597.19,0.00
PAY-5905,INV-6019,2026-07-07,239392.74,0.00
PAY-3158,INV-3215,2025-07-03,1175875.05,0.00
PAY-1648,INV-1664,2025-12-09,815370.51,40552.24
PAY-2543,INV-2561,2026-03-24,606430.45,25864.89
PAY-2485,INV-2501,2026-03-19,278122.54,0.00
PAY-3960,INV-4022,2026-02-07,1682051.98,88081.97
PAY-4555,INV-4643,2025-10-20,1898654.99,0.00
PAY-5037,INV-5133,2026-12-20,50642.28,0.00
PAY-4171,INV-4245,2026-05-06,1785470.84,12432.07
PAY-1126,INV-1132,2025-07-28,456496.53,40765.16
PAY-5854,INV-5967,2026-05-08,1083765.41,0.00
PAY-6109,INV-6218,2025-02-30,711053.72,10900.89
PAY-3407,INV-3473,2025-10-19,,0.00
PAY-4836,INV-4925,2026-08-12,325874.93,0.00
PAY-1149,INV-1158,2026-04-01,902783.19,0.00
PAY-3107,INV-3142,2026-05-27,1865298.17,88151.05
PAY-3582,INV-3646,2025-10-12,304474.08,3907.52
PAY-4714,INV-4794,2025-12-24,659508.16,0.00
PAY-1421,INV-1433,2025-10-29,,
PAY-3221,INV-3282,2025-08-27,284613.87,0.00
PAY-4644,INV-4733,2026-09-07,206171.15,
PAY-1712,INV-1726,11-12-2025,930416.65,5499.13
PAY-1415,INV-1428,2025-07-09,375599.18,15610.25
PAY-3791,INV-3856,2026-12-29,1215798.34,0.00
PAY-1001,INV-1001,2026-06-06,1125714.20,0.00
PAY-1288,INV-1298,2025-11-02,1278556.60,0.00
PAY-3293,INV-3358,2025-11-09,,19246.75
PAY-4706,INV-4788,2026-11-17,1792476.42,0.00
PAY-1332,INV-1344,2026-01-22,688040.00,0.00
PAY-3674,INV-3731,2026-07-04,168672.67,0.00
PAY-6860,INV-6975,2026-01-18,244974.34,0.00
PAY-7274,INV-7400,2026-04-22,60933.01,0.00
PAY-2495,INV-2511,2026-03-15,1052681.68,0.00
PAY-1525,INV-1532,2025-12-06,1947230.35,21160.02
PAY-2899,INV-2931,2026-04-19,356054.28,38589.68
PAY-6792,INV-6903,2026-07-15,726781.70,14756.38
PAY-7076,INV-7196,2026-08-25,632704.97,14445.92
PAY-5414,INV-5516,2026-06-13,753407.54,0.00
PAY-1928,INV-1950,2025-12-13,916894.76,34140.89
PAY-4916,INV-5007,2026-02-10,1055429.10,0.00
PAY-1467,INV-1478,2026-03-08,49731.91,0.00
PAY-3417,INV-3482,2026-12-06,750032.58,55691.05
PAY-1832,INV-1846,2026-01-10,475706.09,0.00
PAY-2149,INV-2170,2025-10-27,1277186.90,0.00
PAY-6237,INV-6353,2026-12-12,1821284.16,0.00
PAY-3097,INV-3133,2027-01-09,,0.00
PAY-3706,INV-3766,2025-07-29,19881.62,74.28
PAY-4664,INV-4751,2025-12-16,62953.29,0.00
PAY-6259,INV-6373,10-05-2026,1832978.38,30749.35
PAY-1142,INV-1150,2026-03-15,1827042.55,0.00
PAY-5642,INV-5747,2025-06-02,840725.27,0.00
PAY-5183,INV-5287,2025-07-29,848989.33,0.00
PAY-4153,INV-4229,2026-08-28,68862.20,0.00
PAY-5148,INV-5252,2025-08-18,,42863.24
PAY-1526,INV-1533,2026-06-07,1023965.83,0.00
PAY-6863,INV-6978,2026-06-18,850974.83,1531.24
PAY-3394,INV-3461,2026-11-20,1806161.16,0.00
PAY-4975,INV-5064,2026-01-04,238716.59,0.00
PAY-5424,INV-5526,2026-01-15,923968.71,3015.81
PAY-2697,INV-2717,2025-12-11,380315.32,2430.01
PAY-4110,INV-4181,2025-09-05,325113.73,0.00
PAY-4853,INV-4943,2026-01-19,76246.91,0.00
PAY-3071,INV-3106,2026-04-10,1501961.90,0.00
PAY-6933,INV-7056,2026-06-23,1216976.23,6929.26
PAY-5477,INV-5583,2026-11-22,1580403.43,1549.51
PAY-4909,INV-5000,2025-07-12,858833.69,41564.71
PAY-5318,INV-5423,2026-03-21,576018.25,0.00
PAY-1979,INV-2006,28-08-2025,464983.49,7430.97
PAY-7064,INV-7185,2026-01-26,-701898.51,9257.13
PAY-6217,INV-6332,2026-07-07,1171920.74,15396.79
PAY-7222,INV-7350,2025-09-21,484669.56,0.00
PAY-6659,INV-6775,2026-07-12,1361763.66,39013.80
PAY-3453,INV-3519,2026-06-07,1212087.55,-500.59
PAY-2183,INV-2203,2026-05-06,752577.18,6846.84
PAY-3503,INV-3565,2025-07-04,173526.94,0.00
PAY-4247,INV-4324,2026-02-30,424048.17,56263.79
PAY-5255,INV-5360,11-06-2026,1809981.85,53751.44
PAY-7468,INV-9159,2025-07-30,246643.53,0.00
PAY-2927,INV-2959,2025-11-17,759163.15,0.00
PAY-3017,INV-3051,2026-06-21,803814.96,34432.56
PAY-4300,INV-4377,2026-06-03,1434294.45,32551.32
PAY-1770,INV-1781,2026-08-01,1976821.72,6794.97
PAY-5898,INV-6015,,56818.31,2026.23
PAY-3143,INV-3194,2026-07-24,129699.86,29.88
PAY-1771,INV-1782,2026-01-27,1673449.03,0.00
PAY-6397,INV-6510,2026-05-30,1844548.80,0.00
PAY-1938,INV-1960,2026-07-01,216508.90,5461.99
PAY-6451,INV-6571,2026-01-17,1506598.64,67885.67
PAY-3108,INV-3143,2026-11-26,461565.20,2492.14
PAY-5982,INV-6095,2025-12-18,587391.37,0.00
PAY-1817,INV-1831,2026-08-14,339808.41,0.00
PAY-1824,INV-1838,2025-06-07,1426234.75,0.00
PAY-4856,INV-4948,2025-12-18,884101.45,0.00
PAY-1090,INV-1092,2026-04-12,693540.18,12974.11
PAY-5450,INV-5557,2026-03-14,1982589.54,0.00
PAY-5823,INV-5934,2026-02-09,1009889.73,
PAY-1058,INV-1059,2025-06-02,570841.45,0.00
PAY-5906,INV-6020,2025-08-09,953274.47,0.00
PAY-4136,INV-4207,2025-07-17,1479123.94,
PAY-1852,INV-1865,2025-07-02,1181074.80,0.00
PAY-2420,INV-2442,2025-11-01,599277.94,29935.56
PAY-5791,INV-5902,2025-10-31,109496.90,0.00
PAY-7035,INV-7160,2026-08-22,70609.13,8600.50
PAY-2955,INV-2989,2025-07-07,1619069.89,0.00
PAY-6712,INV-6824,2026-10-19,495601.60,0.00
PAY-6135,INV-6244,2026-08-24,1483035.38,0.00
PAY-3022,INV-3058,2026-07-02,217961.98,1432.84
PAY-7081,INV-7201,2026-02-28,1451478.82,75135.18
PAY-4813,INV-4903,2026-11-29,559715.71,0.00
PAY-2036,INV-2063,2026-03-19,380513.27,37395.71
PAY-5628,INV-5732,2025-11-01,864547.86,27500.17
PAY-1287,INV-1297,2025-11-16,1121331.66,0.00
PAY-2612,INV-2631,2025-11-12,907486.39,0.00
PAY-4738,INV-4818,2025-09-22,1426024.14,0.00
PAY-4659,INV-4747,2026-08-28,256368.43,0.00
PAY-4067,INV-4131,2025-06-28,640668.88,0.00
PAY-4209,INV-4285,2026-03-30,134922.84,2321.46
PAY-7057,INV-7178,2026-03-13,1212271.02,0.00
PAY-7201,INV-7327,2026-03-02,356528.13,0.00
PAY-4548,INV-4637,10-01-2026,402091.95,67770.29
PAY-6894,INV-7015,2026-12-07,,5571.28
PAY-4016,INV-4081,2026-02-21,313472.34,9146.01
PAY-2207,INV-2228,2026-10-07,343551.97,15564.11
PAY-3840,INV-3903,2025-11-20,1535374.11,0.00
PAY-5853,INV-5966,2025-08-23,1930156.74,0.00
PAY-4604,INV-4691,2026-10-27,553024.72,0.00
PAY-5728,INV-5837,2026-06-09,296151.46,8419.75
PAY-3998,INV-4065,2026-06-21,1495905.03,6145.09
PAY-5748,INV-5861,2026-07-25,200945.43,0.00
PAY-3052,INV-3088,23-04-2026,369986.47,0.00
PAY-6377,INV-6492,2025-10-11,1981158.58,0.00
PAY-1381,INV-1392,2026-03-13,951231.18,0.00
PAY-3385,INV-3450,2025-10-18,194313.11,6877.39
PAY-1190,INV-1198,2025-09-05,166626.68,6988.66
PAY-6562,INV-6678,2025-08-16,495079.94,0.00
PAY-5586,INV-5690,2027-01-07,1684750.46,45964.21
PAY-2459,INV-2472,2026-02-02,295398.93,0.00
PAY-2515,INV-2528,2025-08-27,975255.54,0.00
PAY-2520,INV-2538,2025-09-14,124459.90,0.00
PAY-3775,INV-3839,2025-09-07,,20022.17
PAY-4107,INV-4178,2025-10-12,1881428.04,60348.99
PAY-3087,INV-3125,2025-10-21,1086825.51,
PAY-5568,INV-5671,2025-08-02,799816.25,0.00
PAY-5544,INV-5649,2026-08-24,266654.89,0.00
PAY-2620,INV-2641,2027-01-12,,0.00
PAY-2797,INV-2817,2026-06-24,1735158.86,0.00
PAY-2928,INV-2960,2025-07-01,1325554.59,15373.83
PAY-7132,INV-7251,2026-01-29,758927.97,0.00
PAY-3997,INV-4064,2025-07-12,184336.59,
PAY-5624,INV-5728,2027-01-14,1004832.70,0.00
PAY-3248,INV-3309,2025-09-21,657670.76,25392.28
PAY-7067,INV-7188,2026-07-04,,0.00
PAY-6925,INV-7045,2026-04-26,854897.25,0.00
PAY-5086,INV-5189,2025-09-08,246818.07,
PAY-6357,INV-6471,2025-07-24,131781.43,0.00
PAY-3696,INV-3755,2026-06-09,232537.01,0.00
PAY-3906,INV-3971,14-09-2026,183452.79,6436.00
PAY-4451,INV-4531,2026-12-01,131792.46,0.00
PAY-1099,INV-1101,2026-02-22,1869171.89,0.00
PAY-3604,INV-3666,2026-08-23,808676.09,0.00
PAY-3171,INV-3230,2026-06-07,576621.96,4624.06
PAY-4811,INV-4900,2026-09-01,1318460.53,5307.58
PAY-2348,INV-2375,12-09-2025,196297.00,0.00
PAY-1582,INV-1594,2025-05-23,807497.19,36455.07
PAY-4767,INV-4853,2026-01-30,1484744.21,18307.59
PAY-2127,INV-2147,2026-04-18,1103581.69,0.00
PAY-6154,INV-6264,2026-11-10,117329.96,2777.03
PAY-2966,INV-3000,2025-12-09,690461.49,0.00
PAY-1222,INV-1228,2026-08-24,249696.79,12476.83
PAY-3070,INV-3104,2025-07-12,277888.34,8677.77
PAY-4495,INV-4576,2025-10-04,106405.37,13514.76
PAY-1235,INV-1242,2026-01-05,257693.79,3118.55
PAY-1020,INV-1019,2026-10-12,1812914.98,-241.29
PAY-1141,INV-1148,2025-09-14,1082652.55,0.00
PAY-4801,INV-4890,2026-05-06,470592.53,32654.83
PAY-4384,INV-4462,2026-03-24,1826166.64,0.00
PAY-5030,INV-5126,2026-04-18,582160.16,0.00
PAY-7442,INV-9220,2025-10-03,340900.38,0.00
PAY-4358,INV-4434,2026-07-18,1089508.64,0.00
PAY-2341,INV-2366,2026-10-25,401550.74,18727.85
PAY-4676,INV-4760,2025-08-23,409434.39,52302.07
PAY-3392,INV-3457,2025-12-06,254650.05,0.00
PAY-7243,INV-7369,2025-11-18,326781.25,0.00
PAY-6595,INV-6712,2026-01-11,160338.59,5705.06
PAY-7199,INV-7325,2025-07-02,441466.08,18098.77
PAY-5432,INV-5535,2026-09-20,203997.84,
PAY-2004,INV-2032,2026-01-17,779312.63,0.00
PAY-3065,INV-3100,2025-08-10,326077.47,0.00
PAY-5813,INV-5923,2026-09-23,288766.76,0.00
PAY-7204,INV-7331,2025-10-26,1126497.49,0.00
PAY-6141,INV-6249,,1127099.47,0.00
PAY-4391,INV-4469,2026-07-01,1772062.66,49782.69
PAY-3974,INV-4037,2026-11-27,715973.88,0.00
PAY-2461,INV-2474,2026-05-05,204875.98,0.00
PAY-1637,INV-1653,2026-05-03,112919.08,14937.67
PAY-1426,INV-1438,2026-06-04,292059.60,0.00
PAY-6331,INV-6444,2026-07-28,171406.79,0.00
PAY-3244,INV-3304,2026-06-02,530273.38,62553.01
PAY-1040,INV-1043,2025-07-23,697636.10,
PAY-2115,INV-2134,2026-08-11,233811.02,0.00
PAY-6476,INV-6599,2026-05-19,110457.27,1937.69
PAY-3552,INV-3608,2025-07-25,1028620.50,0.00
PAY-2567,INV-2586,2026-03-28,494172.76,0.00
PAY-1579,INV-1592,2025-07-27,556331.68,9052.15
PAY-6809,INV-6923,2026-12-12,351911.72,30457.29
PAY-6308,INV-6419,2026-03-26,674992.83,0.00
PAY-5675,INV-5786,2025-07-12,1795768.06,0.00
PAY-5760,INV-5872,2025-12-13,915970.39,0.00
PAY-5884,INV-6002,2025-06-12,767900.74,7385.09
PAY-2409,INV-2434,2026-12-16,458524.62,0.00
PAY-6351,INV-6462,2025-07-21,1197079.04,0.00
PAY-4612,INV-4700,,784736.57,8711.49
PAY-2344,INV-2370,2025-06-16,199849.78,0.00
PAY-1551,INV-1558,2025-07-30,892308.97,
PAY-2413,INV-2437,2025-10-12,586828.93,0.00
PAY-2476,INV-2491,2026-05-06,1028199.50,0.00
PAY-1895,INV-1913,2025-05-17,1250621.93,16148.78
PAY-2488,INV-2505,2026-02-30,1950027.21,0.00
PAY-5480,INV-5586,2025-10-24,221507.82,1442.15
PAY-2017,INV-2046,2026-02-30,1821733.13,2597.33
PAY-4755,INV-4838,2025-11-20,951001.20,0.00
PAY-4791,INV-4878,2025-12-03,780793.99,0.00
PAY-5778,INV-5890,2026-04-02,868290.83,0.00
PAY-5283,INV-5387,2026-08-03,1044305.26,386.56
PAY-6345,INV-6456,2026-08-03,984172.30,0.00
PAY-1968,INV-1992,2025-11-06,237354.62,0.00
PAY-1989,INV-2015,2026-07-30,1450846.43,0.00
PAY-3125,INV-3166,2026-11-06,1343700.60,23785.20
PAY-2384,INV-2411,2025-05-15,36023.25,0.00
PAY-5578,INV-5682,2026-06-24,1715276.33,25741.26
PAY-6875,INV-6989,2026-08-10,459870.08,0.00
PAY-2787,INV-2807,2026-06-24,27450.95,0.00
PAY-4971,INV-5061,2026-05-09,378463.23,0.00
PAY-1048,INV-1048,2025-10-13,1902317.07,0.00
PAY-3853,INV-3916,04-03-2026,,
PAY-4802,INV-4891,2025-07-10,237489.51,-723.64
PAY-2981,INV-3013,2027-01-11,715449.58,0.00
PAY-4522,INV-4605,2026-03-14,759594.47,23062.47
PAY-1062,INV-1064,2026-02-18,477194.35,18038.00
PAY-1789,INV-1801,2026-06-08,643943.57,0.00
PAY-5310,INV-5415,2025-09-15,317509.32,0.00
PAY-1321,INV-1333,2026-01-01,475979.45,6703.32
PAY-2406,INV-2432,2026-08-12,482539.63,0.00
PAY-5824,INV-5935,2026-02-24,131889.26,0.00
PAY-2711,INV-2727,2025-09-24,1206030.68,0.00
PAY-7419,INV-9472,2026-06-13,297227.10,0.00
PAY-3848,INV-3911,2026-06-27,1961755.37,2326.56
PAY-5029,INV-5125,14-06-2025,328623.00,0.00
PAY-3863,INV-3926,2026-01-01,1692676.19,14618.32
PAY-4176,INV-4251,2026-05-07,748135.52,0.00
PAY-4762,INV-4847,2026-11-23,1655285.32,0.00
PAY-1465,INV-1476,2026-09-05,1231978.89,0.00
PAY-3508,INV-3569,2026-04-22,1966025.69,0.00
PAY-2894,INV-2924,2025-11-23,90261.38,0.00
PAY-3439,INV-3504,2026-05-20,1352782.42,39514.86
PAY-7139,INV-7260,2025-11-15,1845771.77,0.00
PAY-2467,INV-2482,2026-04-26,1855582.25,0.00
PAY-5484,INV-5590,2026-10-01,512035.67,0.00
PAY-3135,INV-3182,2026-11-23,59895.30,2552.35
PAY-6199,INV-6312,2026-04-03,1323304.25,0.00
PAY-5093,INV-5196,2026-01-07,464042.06,0.00
PAY-4715,INV-4795,2026-10-27,1782879.41,0.00
PAY-4183,INV-4258,2025-10-23,1106586.31,0.00
PAY-1663,INV-1679,2025-11-07,215618.02,9052.14
PAY-4656,INV-4745,2026-01-05,130460.74,3312.03
PAY-4919,INV-5009,2026-04-20,995297.38,0.00
PAY-6106,INV-6215,2026-12-23,606979.57,12517.34
PAY-1384,INV-1395,2026-01-30,331001.10,0.00
PAY-4807,INV-4896,2025-07-08,246632.86,0.00
PAY-1909,INV-1930,2025-07-31,-1566355.60,
PAY-3061,INV-3097,2026-07-02,305467.59,0.00
PAY-5684,INV-5795,2026-11-05,1860288.18,0.00
PAY-3821,INV-3885,2026-02-25,852431.66,26862.02
PAY-2681,INV-2701,2026-06-21,1419779.69,0.00
PAY-5246,INV-5352,2026-07-18,1220728.53,0.00
PAY-3419,INV-3484,2025-11-10,267847.93,0.00
PAY-3007,INV-3041,2025-10-07,1796876.39,0.00
PAY-6380,INV-6495,2026-06-25,226864.35,0.00
PAY-3140,INV-3189,2025-10-20,55048.91,1271.60
PAY-5986,INV-6099,2026-02-27,1394949.45,0.00
PAY-4581,INV-4666,2025-11-21,1370206.17,59774.40
PAY-1049,INV-1049,2026-11-29,604734.93,0.00
PAY-6713,INV-6825,2026-12-20,1217047.38,0.00
PAY-5503,INV-5610,2026-07-10,526807.54,0.00
PAY-7033,INV-7158,2027-01-10,1628012.48,39431.04
PAY-5834,INV-5948,2025-10-22,1182974.19,0.00
PAY-1507,INV-1513,2025-07-12,515013.52,0.00
PAY-2028,INV-2057,,445157.60,70706.32
PAY-6462,INV-6582,2026-11-25,301022.54,9859.90
PAY-3673,INV-3730,2026-02-28,927464.85,48378.45
PAY-4354,INV-4429,2026-06-04,147232.77,6829.05
PAY-5551,INV-5657,2026-09-05,266416.15,0.00
PAY-1346,INV-1357,2026-01-03,664889.67,29768.27
PAY-6669,INV-6784,2026-11-12,163761.12,0.00
PAY-6807,INV-6921,2026-11-07,1911384.14,0.00
PAY-6428,INV-6543,2025-09-03,1720596.98,0.00
PAY-1827,INV-1841,2025-11-18,1177231.80,5414.61
PAY-5175,INV-5281,2025-11-24,,15582.80
PAY-7373,INV-7497,2025-08-01,1756390.46,0.00
PAY-3500,INV-3563,2026-01-27,483168.57,0.00
PAY-2933,INV-2964,2025-11-18,654355.14,0.00
PAY-2729,INV-2745,2026-07-12,1987265.81,
PAY-3730,INV-3793,2025-09-26,1417985.42,56967.23
PAY-6142,INV-6250,2025-08-22,735112.98,0.00
PAY-7059,INV-7180,2026-11-20,509883.09,5479.17
PAY-4725,INV-4805,2025-12-08,983615.92,0.00
PAY-5270,INV-5375,2026-12-02,194658.98,0.00
PAY-2189,INV-2210,2025-06-28,585981.06,
PAY-3543,INV-3598,2025-10-19,792771.39,38264.63
PAY-3542,INV-3597,2026-02-30,1312168.25,0.00
PAY-1488,INV-1496,2025-06-19,676040.54,0.00
PAY-3190,INV-3251,2026-03-09,1282651.62,49365.40
PAY-2821,INV-2849,2025-10-13,600970.54,0.00
PAY-3092,INV-3128,2025-05-20,103247.89,0.00
PAY-4665,INV-4752,2026-07-15,494031.80,33019.16
PAY-4222,INV-4300,2025-09-05,1631993.12,0.00
PAY-7399,INV-9184,2026-10-18,363415.07,0.00
PAY-7034,INV-7159,2025-12-17,1209988.42,48360.06
PAY-1129,INV-1136,2025-07-03,1142618.37,0.00
PAY-3912,INV-3976,2026-08-10,1624157.24,17990.15
PAY-3200,INV-3261,2026-07-28,1595881.99,15439.15
PAY-6962,INV-7084,2026-10-04,,17064.24
PAY-4785,INV-4871,2026-10-22,1561942.34,39884.62
PAY-1107,INV-1111,2026-04-08,1422431.72,
PAY-6727,INV-6841,2026-01-16,375400.30,0.00
PAY-1173,INV-1180,,961933.53,83336.50
PAY-6431,INV-6546,2026-07-20,486248.79,0.00
PAY-5887,INV-6004,2025-07-20,1753348.95,12767.54
PAY-3634,INV-3694,2026-12-11,392721.59,0.00
PAY-2988,INV-3019,2026-08-23,130754.76,0.00
PAY-5811,INV-5922,2026-12-28,343967.32,0.00
PAY-4270,INV-4347,2026-09-09,1295133.45,0.00
PAY-1282,INV-1291,2027-01-20,177711.75,3398.27
PAY-3933,INV-3994,2026-01-24,193788.61,6908.25
PAY-2292,INV-2316,2025-10-14,1488930.02,
PAY-2474,INV-2489,,989039.93,33698.86
PAY-2835,INV-2861,2025-10-07,240052.46,0.00
PAY-2211,INV-2232,2025-11-17,1558121.21,0.00
PAY-4330,INV-4405,2026-04-01,1385432.60,11347.01
PAY-1031,INV-1030,2026-03-05,1256361.71,20570.62
PAY-1592,INV-1605,25-07-2025,103146.12,5092.82
PAY-4967,INV-5058,2026-02-05,,0.00
PAY-5621,INV-5724,2025-07-12,316679.68,12171.83
PAY-6823,INV-6937,2026-10-02,1387303.90,0.00
PAY-6005,INV-6116,2025-10-23,1123306.89,11341.99
PAY-3164,INV-3224,2026-07-27,1561892.56,0.00
PAY-6837,INV-6953,2025-10-02,1485483.56,
PAY-7128,INV-7246,23-10-2025,1913542.87,0.00
PAY-4283,INV-4360,2026-06-30,304441.39,0.00
PAY-3437,INV-3502,2025-10-12,1018912.64,155.00
PAY-3315,INV-3378,2025-08-10,1130378.40,0.00
PAY-4347,INV-4422,2025-08-24,792542.74,32806.35
PAY-3509,INV-3570,2025-07-31,1753334.05,0.00
PAY-1902,INV-1922,2026-05-20,779065.37,0.00
PAY-7351,INV-7471,2025-07-25,1006293.01,0.00
PAY-1599,INV-1612,2026-10-27,211004.28,8084.21
PAY-1068,INV-1071,2026-04-13,353952.98,3236.76
PAY-4864,INV-4956,2025-10-04,1429481.15,75091.93
PAY-3211,INV-3273,12-11-2025,658925.50,0.00
PAY-4411,INV-4486,2026-10-22,1393954.38,0.00
PAY-3331,INV-3390,2025-07-28,242037.88,6680.63
PAY-1671,INV-1686,2026-01-08,828005.14,41043.75
PAY-1397,INV-1408,2026-04-16,69148.28,0.00
PAY-1532,INV-1537,,1222381.46,
PAY-5308,INV-5413,2026-06-02,1716999.38,17604.01
PAY-3332,INV-3391,2026-03-15,1687933.90,4974.46
PAY-6192,INV-6304,2026-06-10,82300.68,2348.25
PAY-2710,INV-2726,2026-05-29,238792.26,0.00
PAY-5239,INV-5344,2025-07-20,563328.18,0.00
PAY-4708,INV-4790,2026-12-14,1645643.73,0.00
PAY-2793,INV-2813,2025-06-24,1406628.77,0.00
PAY-3025,INV-3060,2025-07-08,1165749.07,0.00
PAY-7329,INV-7452,01-01-2026,895052.34,0.00
PAY-3230,INV-3291,2026-02-10,1922590.73,0.00
PAY-3721,INV-3781,2025-09-20,661972.75,0.00
PAY-1247,INV-1255,2025-09-05,348219.67,27718.79
PAY-6099,INV-6209,2026-06-03,,90497.66
PAY-4625,INV-4715,,956033.15,0.00
PAY-5678,INV-5790,2026-12-18,1965471.82,0.00
PAY-2779,INV-2800,2026-04-24,74716.37,2755.45
PAY-3375,INV-3439,2026-09-12,1534815.13,0.00
PAY-5893,INV-6009,2026-08-16,504730.49,0.00
PAY-2220,INV-2240,2026-11-09,669832.23,20197.80
PAY-4655,INV-4744,2026-02-09,1082671.36,0.00
PAY-2363,INV-2393,2025-10-23,-1355851.77,55542.94
PAY-1096,INV-1098,2025-10-08,723136.94,1198.09
PAY-2650,INV-2672,2025-08-26,,0.00
PAY-2118,INV-2138,2026-03-24,170100.35,0.00
PAY-2255,INV-2278,2026-01-26,730388.39,0.00
PAY-3800,INV-3864,2026-09-29,612310.07,0.00
PAY-1082,INV-1084,2026-06-26,1617548.95,0.00
PAY-2497,INV-2513,2026-03-11,993840.14,0.00
PAY-1618,INV-1631,2026-08-09,582346.97,0.00
PAY-6502,INV-6626,2026-08-30,120082.95,
PAY-1451,INV-1464,2026-06-06,699793.17,12966.50
PAY-3419,INV-3484,,1888654.04,87833.06
PAY-2854,INV-2881,2026-09-17,176269.93,0.00
PAY-6053,INV-6162,2026-05-27,315205.84,0.00
PAY-4036,INV-4100,2025-12-22,474286.43,0.00
PAY-5082,INV-5184,2026-06-21,445969.10,0.00
PAY-1203,INV-1208,2025-08-22,726821.67,0.00
PAY-6086,INV-6199,2026-06-10,909898.33,76489.19
PAY-3441,INV-3506,2026-03-02,107283.68,0.00
PAY-2087,INV-2104,2026-10-01,942375.20,0.00
PAY-7311,INV-7435,2026-01-19,484190.91,0.00
PAY-3626,INV-3685,2026-11-24,1295667.75,0.00
PAY-4046,INV-4111,,612233.86,27511.40
PAY-6313,INV-6423,2027-01-27,1800158.88,74609.43
PAY-2771,INV-2790,2026-05-05,237115.38,0.00
PAY-2871,INV-2898,2026-12-05,1794643.11,0.00
PAY-5106,INV-5209,,1260495.72,0.00
PAY-4497,INV-4578,2026-01-27,422397.10,3034.08
PAY-4217,INV-4294,2026-07-17,169122.29,0.00
PAY-1277,INV-1286,2026-12-09,1636163.39,0.00
PAY-1194,INV-1201,2026-02-04,233116.81,0.00
PAY-5914,INV-6028,2026-11-18,1488596.24,76846.00
PAY-4462,INV-4545,2026-01-20,430174.93,4009.82
PAY-2159,INV-2181,2026-12-08,1107940.97,0.00
PAY-1733,INV-1744,24-12-2026,317680.41,0.00
PAY-7408,INV-9499,2025-08-12,38311.34,0.00
PAY-2957,INV-2992,,728538.75,28711.34
PAY-4570,INV-4656,29-08-2025,86937.34,0.00
PAY-2514,INV-2527,2026-12-12,985619.63,0.00
PAY-6430,INV-6545,2026-05-07,1573935.05,79513.74
PAY-1371,INV-1383,03-08-2026,1002195.88,0.00
PAY-6159,INV-6269,2025-08-02,96305.06,10002.69
PAY-1549,INV-1556,2026-12-25,1266807.54,57518.56
PAY-1802,INV-1815,2026-07-21,1247674.47,0.00
PAY-6620,INV-6734,2026-12-31,169504.16,0.00
PAY-3370,INV-3433,2025-07-20,136335.60,0.00
PAY-1787,INV-1798,2025-10-29,1772151.28,0.00
PAY-1050,INV-1050,2025-07-25,831784.02,0.00
PAY-1937,INV-1960,2026-06-23,222157.61,0.00
PAY-1863,INV-1879,2025-08-16,1707005.50,7200.90
PAY-6831,INV-6946,2026-07-30,701895.01,2783.29
PAY-2047,INV-2070,2026-12-01,1089760.74,0.00
PAY-2279,INV-2303,2026-04-09,28773.48,0.00
PAY-2403,INV-2429,2026-11-13,334792.83,10162.95
PAY-1280,INV-1288,2026-08-01,1826672.66,0.00
PAY-2556,INV-2574,2026-04-19,787494.63,0.00
PAY-7299,INV-7422,2026-07-19,1752060.27,70657.66
PAY-5128,INV-5228,13-10-2026,1187575.42,0.00
PAY-7437,INV-9220,2026-01-08,68181.11,0.00
PAY-5345,INV-5454,2026-10-07,339878.30,0.00
PAY-6287,INV-6402,2026-05-21,1177682.99,0.00
PAY-2696,INV-2716,2025-10-09,1704976.07,25393.00
PAY-4212,INV-4288,2026-10-13,961242.03,0.00
PAY-1284,INV-1293,2025-11-20,1269625.66,
PAY-3361,INV-3423,2026-09-29,,0.00
PAY-4091,INV-4160,2026-03-15,1698164.27,0.00
PAY-2905,INV-2935,2026-04-23,669520.91,32379.02
PAY-1470,INV-1481,2026-10-03,1281233.65,38494.66
PAY-2041,INV-2066,2025-12-20,534028.13,0.00
PAY-3814,INV-3879,2026-07-28,570688.28,0.00
PAY-6560,INV-6676,2025-08-13,425416.77,36895.66
PAY-4724,INV-4804,2025-09-28,1896772.97,
PAY-4627,INV-4719,2026-11-16,1025406.84,811.08
PAY-5021,INV-5116,2026-02-24,1949465.60,0.00
PAY-2530,INV-2548,21-06-2026,789727.06,0.00
PAY-1412,INV-1426,2026-05-26,1879840.67,0.00
PAY-1207,INV-1213,2025-09-27,115941.38,0.00
PAY-3862,INV-3925,2025-12-02,240568.61,0.00
PAY-3666,INV-3724,2026-07-12,253594.82,0.00
PAY-3271,INV-3332,2025-11-26,1630298.04,78720.16
PAY-2579,INV-2596,2025-07-31,1458426.04,0.00
PAY-7392,INV-9336,2026-10-15,230004.19,0.00
PAY-6393,INV-6505,2026-02-01,87857.12,93.47
PAY-6078,INV-6192,2026-12-05,232700.67,0.00
PAY-7172,INV-7296,20-11-2026,138145.57,0.00
PAY-1567,INV-1576,2026-04-10,221499.06,0.00
PAY-3829,INV-3892,2026-12-26,1982846.46,0.00
PAY-6955,INV-7077,2026-11-16,1805700.73,11750.63
PAY-1396,INV-1407,2025-12-08,1115426.50,0.00
PAY-1258,INV-1268,2025-08-26,1152930.42,45159.37
PAY-7117,INV-7236,2026-07-10,909521.22,25631.83
PAY-4229,INV-4307,2025-11-26,1862387.62,0.00
PAY-6381,INV-6496,2025-07-29,761261.69,0.00
PAY-4130,INV-4200,2026-06-04,568298.76,20872.05
PAY-4260,INV-4337,2026-08-13,1322590.35,46703.20
PAY-1490,INV-1498,2025-09-12,882832.69,0.00
PAY-3635,INV-3695,02-02-2026,331735.56,0.00
PAY-7306,INV-7430,2026-10-22,1660345.74,22941.52
PAY-1485,INV-1494,25-09-2025,431645.62,28849.36
PAY-2780,INV-2801,14-05-2025,1912069.18,0.00
PAY-2637,INV-2658,2026-08-10,,0.00
PAY-1904,INV-1924,2025-08-17,878018.66,0.00
PAY-4374,INV-4451,2025-10-09,340832.16,0.00
PAY-4831,INV-4920,2026-02-15,1018723.49,0.00
PAY-1719,INV-1732,2026-07-07,667205.16,
PAY-5645,INV-5749,2025-10-16,1770038.49,
PAY-5063,INV-5164,2026-03-09,682323.20,1219.79
PAY-1289,INV-1299,2025-12-08,1214191.09,0.00
PAY-2709,INV-2725,2025-12-07,322000.58,13043.21
PAY-3121,INV-3162,2026-01-13,827385.63,0.00
PAY-1849,INV-1863,2026-04-10,,0.00
PAY-6915,INV-7035,2026-03-19,401976.77,0.00
PAY-1357,INV-1365,2025-07-07,983873.38,2940.90
PAY-4365,INV-4442,16-08-2025,851420.13,16946.68
PAY-6094,INV-6204,2026-04-01,1916484.60,0.00
PAY-5339,INV-5448,2026-05-14,1440690.52,31168.51
PAY-6702,INV-6815,2026-10-27,1029744.20,0.00
PAY-4929,INV-5016,2026-08-12,1304311.62,0.00
PAY-1912,INV-1934,2025-12-30,232444.25,52.72
PAY-1092,INV-1095,2025-07-11,365416.14,4958.55
PAY-1230,INV-1237,2025-08-24,1275698.75,0.00
PAY-5759,INV-5871,2025-05-26,650185.30,-60631.62
PAY-4125,INV-4192,2026-11-04,447752.35,13470.36
PAY-5557,INV-5663,2025-11-07,977658.51,0.00
PAY-6376,INV-6491,2026-12-08,1332210.58,0.00
PAY-7120,INV-7239,2026-11-25,161456.16,0.00
PAY-5541,INV-5646,2025-08-10,172669.97,0.00
PAY-2963,INV-2998,2026-02-21,1221760.02,0.00
PAY-3728,INV-3790,2025-12-05,648103.04,2692.88
PAY-1093,INV-1095,2025-08-05,805448.56,32265.98
PAY-6959,INV-7082,2026-12-12,1183415.03,54091.41
PAY-2421,INV-2444,2025-10-21,698987.21,0.00
PAY-1267,INV-1276,2026-07-24,380768.26,0.00
PAY-4100,INV-4169,,1692940.44,7390.35
PAY-5257,INV-5362,2027-01-20,221113.39,0.00
PAY-5203,INV-5307,2026-08-21,658467.21,53040.87
PAY-5504,INV-5611,2026-10-04,634383.44,0.00
PAY-3272,INV-3333,2026-05-12,1002704.88,0.00
PAY-1537,INV-1540,2026-04-22,146044.62,0.00
PAY-5101,INV-5204,2026-09-14,534402.54,0.00
PAY-5431,INV-5534,2025-08-27,1091948.92,0.00
PAY-6895,INV-7016,2025-12-27,1265682.13,0.00
PAY-4638,INV-4728,2026-08-30,266286.01,0.00
PAY-4426,INV-4502,2025-06-14,1016122.61,0.00
PAY-7393,INV-9185,2026-07-22,74370.83,0.00
PAY-1698,INV-1712,2025-11-21,1871968.32,72549.39
PAY-5349,INV-5458,2026-04-17,1109607.61,0.00
PAY-6073,INV-6186,2025-02-30,524094.53,0.00
PAY-6464,INV-6584,2026-12-19,783161.97,6218.47
PAY-3631,INV-3692,2026-11-06,817199.82,0.00
PAY-5171,INV-5278,2026-07-18,1088085.52,25757.64
PAY-3623,INV-3682,2025-11-11,394474.69,0.00
PAY-1294,INV-1304,2025-06-13,805297.94,3436.56
PAY-5370,INV-5477,18-04-2026,835269.93,26855.18
PAY-1941,INV-1962,2025-11-27,200023.65,4278.53
PAY-6156,INV-6266,2026-03-22,1342302.71,0.00
PAY-5945,INV-6057,2026-10-25,1894063.53,0.00
PAY-6662,INV-6778,2025-11-11,1934581.63,0.00
PAY-4128,INV-4198,2026-04-18,1382601.22,0.00
PAY-5355,INV-5463,2026-06-03,1082887.98,0.00
PAY-2147,INV-2167,2025-08-30,-33531.06,0.00
PAY-4422,INV-4498,13-08-2025,326853.62,33290.56
PAY-5454,INV-5561,2026-05-05,1334854.31,5475.82
PAY-6658,INV-6773,2026-04-21,417166.09,0.00
PAY-1825,INV-1839,2025-07-19,1391281.93,0.00
PAY-7452,INV-9439,2026-03-27,452942.57,0.00
PAY-6330,INV-6442,2026-03-20,1061002.53,-30970.02
PAY-7250,INV-7376,2026-08-19,577780.82,0.00
PAY-6441,INV-6560,2026-01-11,1491038.44,11164.42
PAY-1011,INV-1011,2025-09-13,425160.21,0.00
PAY-5877,INV-5993,2025-08-01,209673.39,0.00
PAY-6288,INV-6403,2025-07-14,930642.84,0.00
PAY-4335,INV-4410,2026-04-21,1385300.06,0.00
PAY-6512,INV-6634,2026-09-10,701482.38,0.00
PAY-5623,INV-5727,2026-02-24,586726.97,0.00
PAY-4710,INV-4791,2025-06-13,158444.39,16939.25
PAY-4593,INV-4681,2026-08-29,1958006.87,0.00
PAY-3139,INV-3188,2025-06-02,48377.96,214.50
PAY-5599,INV-5702,2026-02-01,1624646.46,-312.49
PAY-2570,INV-2589,2025-06-04,1991957.04,0.00
PAY-6264,INV-6377,2025-12-27,1725869.81,34613.11
PAY-3866,INV-3930,2025-12-03,987130.63,
PAY-2972,INV-3006,2026-10-23,377123.35,0.00
PAY-6767,INV-6879,2025-08-12,1128971.30,0.00
PAY-6787,INV-6899,2026-02-30,737646.33,0.00
PAY-3504,INV-3565,2025-07-31,222845.58,0.00
PAY-7413,INV-9207,2025-11-30,7585.39,0.00
PAY-5120,INV-5222,2026-06-09,675774.63,6977.79
PAY-1743,INV-1756,2025-09-28,395688.55,895.64
PAY-4157,INV-4232,2027-01-20,617319.70,0.00
PAY-4501,INV-4584,2026-03-20,1420277.89,49170.53
PAY-6388,INV-6501,2026-12-10,151150.60,0.00
PAY-4722,INV-4802,2025-12-24,736540.06,0.00
PAY-2775,INV-2795,2026-08-27,154947.38,0.00
PAY-6764,INV-6875,2026-03-11,809218.06,8688.82
PAY-5049,INV-5145,2026-09-20,625966.17,0.00
PAY-3907,INV-3972,09-11-2025,832598.30,0.00
PAY-2480,INV-2495,2025-10-23,817295.85,0.00
PAY-1441,INV-1454,2026-05-25,426900.69,0.00
PAY-4760,INV-4845,2026-11-26,165180.34,3622.61
PAY-1013,INV-1012,2025-06-04,1736073.36,6149.89
PAY-1443,INV-1456,2025-10-03,178709.77,0.00
PAY-1630,INV-1646,2026-08-23,153762.55,0.00
PAY-2164,INV-2184,2026-07-02,1773177.86,1060.41
PAY-4449,INV-4530,2025-09-21,86417.64,2668.27
PAY-2827,INV-2852,2026-04-07,184804.14,0.00
PAY-6466,INV-6588,2025-11-20,614868.87,0.00
PAY-6561,INV-6678,2025-08-05,1003269.28,0.00
PAY-3173,INV-3234,2025-08-07,1214901.82,42068.05
PAY-4580,INV-4665,2025-11-25,1884661.82,0.00
PAY-4786,INV-4872,2026-07-20,600472.66,0.00
PAY-5647,INV-5752,2026-11-06,,0.00
PAY-4453,INV-4533,2027-01-24,604721.02,0.00
PAY-5494,INV-5601,2026-08-31,81286.56,0.00
PAY-5236,INV-5340,2026-05-10,1829475.49,0.00
PAY-1391,INV-1401,08-11-2025,,27161.94
PAY-5975,INV-6087,2026-10-19,1714074.58,0.00
PAY-7095,INV-7214,2026-06-20,1236523.82,0.00
PAY-2442,INV-2461,2026-05-01,1761881.62,41667.92
PAY-6136,INV-6245,2026-01-04,1453612.59,0.00
PAY-1887,INV-1907,2026-10-10,986652.08,0.00
PAY-2764,INV-2783,2025-12-31,542198.46,19952.20
PAY-6204,INV-6317,2026-02-26,1204647.51,0.00
PAY-1675,INV-1689,2026-05-15,1050702.22,0.00
PAY-2676,INV-2696,2025-09-25,620627.91,0.00
PAY-1269,INV-1278,2026-08-16,687502.44,0.00
PAY-7354,INV-7475,2026-03-09,48640.30,0.00
PAY-3222,INV-3283,2026-10-23,1610361.41,0.00
PAY-4132,INV-4202,2027-01-01,919205.84,0.00
PAY-5847,INV-5960,2026-07-07,421158.91,-6875.74
PAY-1423,INV-1434,2026-01-18,64192.66,548.09
PAY-5184,INV-5288,2027-01-14,902609.96,34883.84
PAY-4698,INV-4779,2025-08-08,974205.91,
PAY-1297,INV-1307,2027-01-24,1350624.51,10990.03
PAY-4841,INV-4931,2025-06-25,630533.09,0.00
PAY-2393,INV-2420,2026-05-25,104122.38,
PAY-7466,INV-9136,2026-09-28,277834.53,0.00
PAY-1098,INV-1100,2026-03-23,1500291.15,0.00
PAY-1543,INV-1550,2025-12-28,410462.64,0.00
PAY-6091,INV-6202,2025-07-06,222760.02,6447.64
PAY-6314,INV-6424,2026-10-06,857927.66,30250.64
PAY-5762,INV-5874,2025-06-17,1815901.53,0.00
PAY-3351,INV-3410,2025-11-20,79351.87,4647.00
PAY-2399,INV-2426,2027-01-23,603718.07,0.00
PAY-4846,INV-4935,2026-09-24,629858.36,0.00
PAY-4179,INV-4254,2025-09-06,963440.67,31981.97
PAY-6904,INV-7026,2026-04-22,130557.51,5151.80
PAY-1484,INV-1493,2026-03-28,1230812.37,19590.13
PAY-3783,INV-3847,2026-05-17,395189.68,14142.77
PAY-6976,INV-7098,2025-07-25,778508.02,0.00
PAY-7417,INV-9340,2026-02-10,104644.77,0.00
PAY-4246,INV-4323,2025-12-17,676163.84,16010.30
PAY-5776,INV-5888,2026-10-18,654874.55,0.00
PAY-4239,INV-4317,2026-03-10,194738.18,0.00
PAY-2185,INV-2206,2026-09-23,77116.05,0.00
PAY-6332,INV-6445,2026-02-09,1576982.14,24951.00
PAY-1431,INV-1444,2026-03-11,1481035.88,0.00
PAY-3630,INV-3691,2026-09-17,1537518.14,35185.71
PAY-1510,INV-1518,2026-10-29,1323406.31,10326.24
PAY-4147,INV-4221,2026-12-17,415615.61,19808.49
PAY-7084,INV-7204,2026-02-16,1760953.50,0.00
PAY-5757,INV-5870,2026-04-06,428338.47,0.00
PAY-1652,INV-1667,2026-02-17,233993.12,5801.73
PAY-4034,INV-4099,2025-08-18,1297713.52,0.00
PAY-1820,INV-1835,2025-07-06,497963.73,5265.68
PAY-6233,INV-6350,2026-06-19,616418.31,0.00
PAY-4371,INV-4447,2025-07-24,1753301.08,0.00
PAY-1349,INV-1359,2026-05-26,1373110.09,0.00
PAY-6085,INV-6199,2026-06-01,,63887.03
PAY-6108,INV-6217,2026-09-04,1450091.14,0.00
PAY-4424,INV-4500,2026-10-17,457570.85,2090.18
PAY-1182,INV-1190,2025-11-17,348190.25,0.00
PAY-6711,INV-6823,2026-10-14,379066.22,10016.84
PAY-4743,INV-4823,2025-10-20,742335.97,0.00
PAY-7068,INV-7189,2026-06-18,1918689.13,52491.84
PAY-2184,INV-2204,2026-07-14,479941.59,0.00
PAY-6993,INV-7115,2025-08-22,551355.44,7099.59
PAY-2975,INV-3008,2025-02-30,1676887.44,0.00
PAY-3914,INV-3978,2025-02-30,949350.19,47825.16
PAY-4105,INV-4174,2026-11-04,1632856.06,0.00
PAY-7187,INV-7312,2026-02-01,1035947.97,39557.91
PAY-4891,INV-4980,2026-09-22,1601170.64,31594.36
PAY-1205,INV-1210,2026-04-11,866430.13,0.00
PAY-6101,INV-6211,2026-07-30,684112.32,0.00
PAY-5084,INV-5187,2025-12-19,261314.09,9989.15
PAY-2452,INV-2467,2026-03-27,153843.86,0.00
PAY-6080,INV-6195,2025-11-07,163988.03,0.00
PAY-1379,INV-1390,2025-12-20,648577.65,0.00
PAY-6765,INV-6876,2026-08-26,-1089127.45,0.00
PAY-5673,INV-5784,2026-08-10,226203.36,0.00
PAY-3787,INV-3852,2025-07-28,997161.45,0.00
PAY-7386,INV-9489,2025-10-05,264394.85,0.00
PAY-4602,INV-4689,2025-09-12,988671.77,0.00
PAY-1721,INV-1733,,299994.17,0.00
PAY-4531,INV-4618,2026-04-25,457470.89,0.00
PAY-4647,INV-4736,2025-07-03,1015553.75,31453.31
PAY-1702,INV-1716,2025-12-29,354075.69,850.18
PAY-3185,INV-3246,,1637427.94,0.00
PAY-2881,INV-2910,,1256793.49,16325.58
PAY-5952,INV-6064,2025-08-22,1467811.36,14235.23
PAY-6176,INV-6286,2026-06-16,1137715.95,0.00
PAY-4023,INV-4089,2026-12-07,999443.98,0.00
PAY-4508,INV-4591,2027-01-28,1374497.18,41369.09
PAY-5587,INV-5691,2026-09-20,1323233.75,27444.95
PAY-2156,INV-2177,2025-08-22,737580.75,0.00
PAY-6054,INV-6163,2026-01-10,977783.08,9745.97
PAY-5216,INV-5321,2025-11-03,1875545.49,0.00
PAY-2552,INV-2571,25-03-2026,417501.17,0.00
PAY-4904,INV-4996,2026-01-26,1939994.95,0.00
PAY-7310,INV-7434,2025-11-30,816651.23,0.00
PAY-2385,INV-2412,2026-02-30,672605.65,0.00
PAY-5180,INV-5285,2027-01-11,1317758.65,0.00
PAY-5522,INV-5626,2026-08-19,121393.09,4344.09
PAY-6132,INV-6240,2025-11-24,153021.92,0.00
PAY-4666,INV-4752,2026-08-21,256951.47,863.90
PAY-3527,INV-3584,2026-05-10,16959.21,274.38
PAY-1873,INV-1892,2026-10-04,974769.52,
PAY-4291,INV-4369,2026-02-12,1250949.25,8828.51
PAY-6878,INV-6994,2025-09-14,663537.04,0.00
PAY-5740,INV-5854,2026-11-12,1807615.32,52338.38
PAY-1541,INV-1548,2026-12-08,336571.59,0.00
PAY-3192,INV-3253,2025-07-03,161553.85,5002.32
PAY-5674,INV-5785,2025-11-18,754382.59,0.00
PAY-2907,INV-2937,2026-08-06,153533.74,0.00
PAY-6573,INV-6692,2026-10-09,416944.32,0.00
PAY-1788,INV-1799,2026-10-01,770980.48,0.00
PAY-2475,INV-2490,2025-11-16,1920630.92,46224.06
PAY-7061,INV-7182,2026-04-15,443943.92,14664.64
PAY-2478,INV-2493,2026-07-27,1955182.39,0.00
PAY-6940,INV-7061,2026-01-02,1486984.99,0.00
PAY-6789,INV-6900,2027-01-27,1439936.71,1123.17
PAY-7094,INV-7214,2026-06-04,652170.72,0.00
PAY-5482,INV-5589,2026-04-19,1169801.03,
PAY-3716,INV-3776,2026-05-23,419493.85,12967.21
PAY-2408,INV-2433,2026-06-14,1079942.57,0.00
PAY-5936,INV-6047,2026-05-22,,0.00
PAY-2161,INV-2182,2025-10-31,343034.56,0.00
PAY-1033,INV-1032,2026-09-28,1169140.76,0.00
PAY-4254,INV-4330,2026-05-02,159860.37,0.00
PAY-6257,INV-6371,08-09-2026,1682840.35,0.00
PAY-3593,INV-3654,2026-08-21,,0.00
PAY-2009,INV-2037,2025-12-16,741944.37,5153.68
PAY-6556,INV-6674,2025-08-14,1894244.05,99653.96
PAY-3609,INV-3672,2026-09-16,45765.90,0.00
PAY-6832,INV-6947,2025-06-26,1650315.70,0.00
PAY-4146,INV-4219,2026-10-19,277516.53,13245.47
PAY-4323,INV-4399,2026-05-18,1381722.22,0.00
PAY-5448,INV-5556,2026-12-03,244978.56,0.00
PAY-1667,INV-1681,2025-09-24,,0.00
PAY-3084,INV-3121,2025-08-10,1761682.93,
PAY-2181,INV-2201,2026-03-20,1290220.47,0.00
PAY-1091,INV-1093,2025-10-11,204030.89,1817.42
PAY-5773,INV-5886,,121407.16,8094.62
PAY-3122,INV-3163,17-07-2026,208556.58,4546.09
PAY-1024,INV-1024,2026-04-21,1167117.06,8805.68
PAY-4673,INV-4758,2025-11-04,724756.83,0.00
PAY-1010,INV-1010,2026-04-13,,0.00
PAY-6321,INV-6431,2026-11-14,1385188.43,0.00
PAY-5127,INV-5227,2026-02-20,136762.63,0.00
PAY-6320,INV-6430,2025-07-31,285161.15,13120.89
PAY-6370,INV-6485,2025-07-05,503883.33,0.00
PAY-5144,INV-5247,2026-02-04,152712.73,0.00
PAY-4643,INV-4732,2026-05-21,996119.26,0.00
PAY-1550,INV-1557,2025-08-14,1421791.10,0.00
PAY-4099,INV-4168,2025-06-23,382263.96,0.00
PAY-4193,INV-4269,2026-02-08,261610.41,0.00
PAY-7000,INV-7121,2026-01-15,1748441.27,0.00
PAY-2642,INV-2663,2026-07-24,1216091.70,24293.28
PAY-3776,INV-3840,2025-06-10,306478.44,0.00
PAY-4958,INV-5048,2027-01-01,403903.40,0.00
PAY-3789,INV-3854,18-11-2025,697457.57,
PAY-4028,INV-4094,2026-07-14,1408976.65,0.00
PAY-3713,INV-3773,2026-12-03,1978774.91,0.00
PAY-6356,INV-6469,2026-07-01,826164.89,0.00
PAY-6650,INV-6765,,1441207.71,0.00
PAY-2192,INV-2212,16-06-2026,908473.89,0.00
PAY-3580,INV-3644,2026-06-15,1083125.28,5958.51
PAY-4196,INV-4271,2026-09-09,1324694.27,29658.43
PAY-1678,INV-1692,2026-11-12,1025342.98,0.00
PAY-2137,INV-2157,2026-10-29,1532939.52,0.00
PAY-4605,INV-4692,2025-09-02,1558929.68,
PAY-1633,INV-1648,2026-12-13,8133.75,0.00
PAY-4101,INV-4170,2025-12-31,591301.62,0.00
PAY-1848,INV-1861,,237406.73,4140.47
PAY-6790,INV-6901,2026-10-01,213884.13,0.00
PAY-1479,INV-1489,2026-08-16,358281.39,0.00
PAY-4417,INV-4495,2025-08-08,1621833.71,68736.30
PAY-5275,INV-5380,2026-06-21,1438480.68,19352.10
PAY-7188,INV-7313,2025-12-30,771973.21,0.00
PAY-4117,INV-4186,2026-04-19,600623.08,0.00
PAY-6326,INV-6438,2026-09-25,835511.18,0.00
PAY-6146,INV-6256,2026-10-06,1228379.65,53904.60
PAY-1317,INV-1326,2026-11-18,959190.51,31258.87
PAY-3099,INV-3134,2026-01-07,702390.83,
PAY-5512,INV-5619,2026-06-11,400541.20,0.00
PAY-4317,INV-4393,2026-05-14,1156094.98,44744.58
PAY-7091,INV-7211,2026-02-08,323643.85,11844.01
PAY-1005,INV-1005,2025-10-07,140105.95,0.00
PAY-3258,INV-3318,2026-02-30,777432.15,0.00
PAY-7443,INV-9099,2025-07-03,294964.09,0.00
PAY-4331,INV-4406,2026-04-23,1513624.35,0.00
PAY-5396,INV-5503,2025-09-13,245463.65,0.00
PAY-7110,INV-7230,06-12-2026,95235.41,0.00
PAY-1877,INV-1897,2026-04-09,304675.82,0.00
PAY-4423,INV-4499,2026-03-31,762300.71,0.00
PAY-4477,INV-4559,2026-09-19,979556.58,0.00
PAY-6205,INV-6318,2026-05-22,490112.24,9924.05
PAY-4771,INV-4856,,1678944.82,82962.56
PAY-4700,INV-4781,2026-06-17,43283.46,0.00
PAY-2224,INV-2244,2026-12-13,1348423.18,31305.75
PAY-7397,INV-9245,2026-02-13,195029.22,0.00
PAY-7262,INV-7389,2025-12-05,283909.77,16868.60
PAY-6947,INV-7068,2026-05-12,-29703.28,437.59
PAY-1319,INV-1329,2025-11-10,1462301.45,67641.00
PAY-7114,INV-7234,2026-12-07,107857.17,0.00
PAY-4761,INV-4846,22-11-2025,1160466.21,75.87
PAY-2362,INV-2392,2025-10-07,770182.02,0.00
PAY-3389,INV-3454,2026-10-02,1127201.16,0.00
PAY-3147,INV-3201,2026-12-06,404465.15,-106.23
PAY-7254,INV-7380,2025-09-01,333045.21,0.00
PAY-3558,INV-3613,2026-10-22,66821.32,3434.67
PAY-5959,INV-6072,2026-08-14,989313.48,0.00
PAY-7202,INV-7328,2026-04-09,1661648.68,0.00
PAY-3060,INV-3096,2026-01-26,739957.50,27102.23
PAY-7401,INV-9341,2026-01-01,332926.58,0.00
PAY-7412,INV-9049,2026-08-24,423934.12,0.00
PAY-4868,INV-4960,2025-09-28,1702228.94,27259.71
PAY-3020,INV-3056,2025-10-10,546573.26,0.00
PAY-3812,INV-3877,2025-08-08,1340911.10,49067.38
PAY-6015,INV-6129,2025-08-22,1061685.45,0.00
PAY-1661,INV-1676,2026-08-02,124066.72,0.00
PAY-6299,INV-6412,2025-10-28,520479.85,0.00
PAY-3722,INV-3782,2026-09-24,276491.03,0.00
PAY-1972,INV-1996,2025-11-23,879983.55,0.00
PAY-2063,INV-2084,2026-03-24,863130.01,0.00
PAY-5706,INV-5815,2026-08-15,1630417.13,0.00
PAY-1209,INV-1215,2025-09-07,75031.56,0.00
PAY-1196,INV-1202,2025-06-09,708813.27,0.00
PAY-1477,INV-1488,2026-08-13,999848.10,0.00
PAY-3872,INV-3937,2025-06-06,106885.50,0.00
PAY-3700,INV-3759,2026-08-02,1006220.46,0.00
PAY-5745,INV-5858,07-03-2026,53120.70,0.00
PAY-3723,INV-3784,2026-04-16,480034.68,0.00
PAY-3199,INV-3260,2025-08-15,692401.97,0.00
PAY-4243,INV-4321,2026-01-14,1288137.24,36972.77
PAY-4566,INV-4653,2025-07-24,1058016.60,0.00
PAY-6703,INV-6817,2026-05-31,1871633.42,0.00
PAY-1513,INV-1521,2025-09-28,1572251.03,32522.53
PAY-4928,INV-5015,,700499.47,34455.62
PAY-3790,INV-3855,2026-11-29,852857.52,0.00
PAY-5147,INV-5251,2025-05-18,1529325.13,68598.96
PAY-5121,INV-5223,2025-07-31,97306.53,2925.68
PAY-2766,INV-2785,2025-07-18,621793.09,0.00
PAY-3802,INV-3866,2026-10-02,104734.30,0.00
PAY-1028,INV-1028,2025-10-03,206396.17,1805.33
PAY-4252,INV-4328,2026-08-15,552881.57,10054.52
PAY-6047,INV-6158,28-09-2026,232160.50,0.00
PAY-4005,INV-4071,2026-09-07,1964745.60,0.00
PAY-3478,INV-3541,2026-07-08,110519.40,15952.49
PAY-6636,INV-6751,2026-03-17,1060751.50,19105.39
PAY-2433,INV-2454,2026-02-27,1188052.15,
PAY-1147,INV-1155,2026-08-21,1049756.61,
PAY-7378,INV-9129,2026-06-05,495350.82,0.00
PAY-4851,INV-4941,2025-10-28,1812924.47,59976.16
PAY-7312,INV-7436,2026-03-29,391896.13,441.83
PAY-1642,INV-1658,2026-07-05,930654.59,0.00
PAY-3168,INV-3228,07-08-2025,1006477.67,26396.88
PAY-5694,INV-5804,2025-08-11,448052.66,0.00
PAY-2715,INV-2731,2026-05-25,239225.90,0.00
PAY-1587,INV-1599,2026-07-15,544739.37,0.00
PAY-3214,INV-3276,2026-02-05,163558.21,6283.55
PAY-3695,INV-3754,2025-10-25,1157330.07,55048.08
PAY-1167,INV-1176,2026-08-01,1033587.60,0.00
PAY-3376,INV-3440,2026-10-21,561757.82,0.00
PAY-6999,INV-7120,2026-10-23,304919.50,0.00
PAY-6418,INV-6533,2025-08-03,32409.05,0.00
PAY-3932,INV-3993,,1723742.81,0.00
PAY-5155,INV-5259,2026-01-29,1658786.30,0.00
PAY-2753,INV-2768,2026-06-08,498361.12,
PAY-4727,INV-4808,2026-07-15,,0.00
PAY-6048,INV-6159,2025-12-30,1136483.85,10683.20
PAY-7024,INV-7150,2026-09-03,1646261.60,12228.25
PAY-4131,INV-4201,2025-12-21,971223.21,0.00
PAY-4525,INV-4608,2025-02-30,1708947.15,
PAY-1707,INV-1721,2026-03-31,824719.36,0.00
PAY-7046,INV-7170,2025-08-31,953195.27,0.00
PAY-4372,INV-4448,2026-06-25,169884.90,0.00
PAY-6372,INV-6486,2026-02-30,418971.62,18209.00
PAY-2326,INV-2350,21-05-2025,1943260.84,0.00
PAY-2023,INV-2052,2025-10-15,1938567.68,0.00
PAY-5072,INV-5176,2025-09-20,446272.82,0.00
PAY-2035,INV-2063,2026-03-25,387839.35,
PAY-2651,INV-2673,03-10-2026,444501.18,0.00
PAY-6943,INV-7064,2025-12-11,1480919.38,56105.52
PAY-7160,INV-7281,2026-10-01,1082423.16,0.00
PAY-3287,INV-3352,2026-07-08,1097685.99,0.00
PAY-6182,INV-6293,2026-08-23,1108574.88,0.00
PAY-1664,INV-1679,2025-12-14,194295.82,6780.50
PAY-7335,INV-7457,2026-12-05,1752006.36,0.00
PAY-5565,INV-5668,2026-05-22,1902111.99,43160.51
PAY-4348,INV-4423,2026-09-18,1024494.65,15702.39
PAY-7038,INV-7162,2025-11-05,623882.82,0.00
PAY-3669,INV-3726,2025-12-18,1898893.17,0.00
PAY-2157,INV-2178,2026-10-07,1377709.12,50432.96
PAY-3206,INV-3267,12-03-2026,1479783.43,26453.83
PAY-4352,INV-4427,2026-12-11,1157557.54,10539.62
PAY-6475,INV-6597,2026-05-12,191841.03,6603.45
PAY-5356,INV-5464,2026-09-20,1264529.96,0.00
PAY-1983,INV-2010,2025-10-08,963095.04,46924.39
PAY-3709,INV-3768,2025-05-16,1909692.56,87850.16
PAY-3145,INV-3198,2025-10-15,880770.62,30643.63
PAY-7272,INV-7399,2026-10-20,1032551.51,0.00
PAY-4796,INV-4884,2026-02-17,1491513.54,0.00
PAY-3981,INV-4047,2025-12-23,1311574.04,40011.28
PAY-4636,INV-4727,2026-07-22,113348.17,3159.16
PAY-2277,INV-2301,2026-04-01,1143967.74,0.00
PAY-6483,INV-6605,2026-07-03,540312.42,0.00
PAY-3018,INV-3054,2025-07-05,465325.23,15285.12
PAY-6913,INV-7034,29-11-2025,226865.42,0.00
PAY-7252,INV-7377,2026-03-18,1343043.43,
PAY-2429,INV-2451,2026-11-11,1491917.31,0.00
PAY-5213,INV-5319,2026-11-11,1700070.13,0.00
PAY-2088,INV-2105,2026-10-03,255121.55,0.00
PAY-2457,INV-2471,2026-08-20,1281245.18,0.00
PAY-2059,INV-2079,2026-10-15,-365192.72,
PAY-5935,INV-6046,2026-02-01,763062.78,
PAY-2251,INV-2274,2026-07-07,765744.58,0.00
PAY-1798,INV-1811,2026-08-02,656384.83,66759.64
PAY-1260,INV-1270,2025-10-19,486320.89,19384.36
PAY-6124,INV-6232,2026-05-17,669200.57,45503.63
PAY-5630,INV-5735,2026-08-04,217239.19,0.00
PAY-4020,INV-4085,2026-03-06,1475503.53,37972.84
PAY-6612,INV-6726,2026-01-07,857992.27,0.00
PAY-4792,INV-4879,2026-08-30,1047211.05,54629.04
PAY-6719,INV-6832,2025-05-29,930590.78,0.00
PAY-2566,INV-2585,2025-12-11,536647.34,6472.93
PAY-3939,INV-4002,01-10-2026,469121.28,0.00
PAY-3257,INV-3318,2026-01-11,359080.92,0.00
PAY-2682,INV-2702,2026-08-06,555157.66,0.00
PAY-4972,INV-5062,2026-02-03,,0.00
PAY-2301,INV-2328,2026-03-16,313560.80,0.00
PAY-3186,INV-3247,2025-12-16,409110.46,18845.91
PAY-4991,INV-5084,2026-04-18,1933575.36,0.00
PAY-2123,INV-2142,2026-11-17,1187492.75,61791.39
PAY-3784,INV-3849,2026-12-10,821540.30,0.00
PAY-6968,INV-7090,28-11-2026,1827913.40,15362.09
PAY-6039,INV-6149,2026-04-12,1382701.99,0.00
PAY-6829,INV-6942,2026-03-18,848258.70,0.00
PAY-3545,INV-3599,2025-12-04,328555.38,0.00
PAY-1687,INV-1700,2026-02-12,185343.20,0.00
PAY-6752,INV-6865,2025-07-26,1541865.87,66919.87
PAY-3920,INV-3983,2026-02-20,974467.14,0.00
PAY-2844,INV-2874,2026-10-21,745341.36,38767.84
PAY-2768,INV-2786,2025-09-12,77377.74,0.00
PAY-6497,INV-6620,2026-02-08,852657.69,28299.60
PAY-6077,INV-6192,2026-11-28,272828.61,
PAY-4678,INV-4761,2025-12-21,241799.55,0.00
PAY-5692,INV-5802,2026-03-06,227230.60,0.00
PAY-7153,INV-7276,2026-10-18,796941.56,19620.72
PAY-6061,INV-6173,2026-02-12,1074148.93,0.00
PAY-2762,INV-2780,2026-09-15,98081.00,0.00
PAY-2720,INV-2736,2026-02-08,843532.24,0.00
PAY-6730,INV-6843,2025-11-13,241722.76,
PAY-4528,INV-4613,2025-12-10,1538445.48,0.00
PAY-1833,INV-1846,2025-11-22,658428.04,0.00
PAY-2100,INV-2117,2026-05-07,403412.65,0.00
PAY-6609,INV-6724,2026-05-12,686596.82,18891.36
PAY-4115,INV-4185,2027-01-15,32526.97,1847.99
PAY-6938,INV-7059,2026-04-30,986850.80,49525.27
PAY-7147,INV-7269,2026-07-04,154171.11,0.00
PAY-7249,INV-7375,2026-03-08,1354213.99,0.00
PAY-2998,INV-3031,2026-05-16,539163.13,
PAY-7240,INV-7367,2026-01-29,,0.00
PAY-5047,INV-5143,2025-07-15,1934952.74,5810.87
PAY-2638,INV-2659,2025-08-31,,0.00
PAY-3112,INV-3151,2026-03-07,935984.26,48107.63
PAY-5199,INV-5304,2025-10-19,535694.62,24917.54
PAY-4824,INV-4914,2026-03-11,989986.47,11671.05
PAY-7323,INV-7447,2025-11-05,807938.10,27996.12
PAY-7126,INV-7244,2026-06-01,83825.11,7103.33
PAY-5566,INV-5669,2026-11-24,545365.81,0.00
PAY-2954,INV-2987,2026-07-13,539350.87,6912.17
PAY-5483,INV-5589,2026-03-07,695339.12,0.00
PAY-7391,INV-9416,2026-04-26,426828.53,0.00
PAY-3068,INV-3103,2027-01-07,773646.38,0.00
PAY-6459,INV-6580,2026-07-18,379785.31,2114.56
PAY-3854,INV-3917,2025-07-28,248921.80,11956.02
PAY-6749,INV-6862,2026-04-11,104461.87,3026.77
PAY-5859,INV-5973,2025-11-22,101697.98,0.00
PAY-1403,INV-1414,2025-10-25,1222705.54,27255.14
PAY-4541,INV-4631,2025-07-24,650312.02,0.00
PAY-4897,INV-4988,24-09-2025,863150.81,16930.24
PAY-4920,INV-5009,2026-04-28,724162.79,0.00
PAY-3129,INV-3172,2026-07-05,1328402.18,0.00
PAY-7424,INV-9322,2025-09-13,496991.96,0.00
PAY-3913,INV-3977,01-09-2026,,40211.12
PAY-2734,INV-2749,2026-12-06,1642921.11,60190.87
PAY-3809,INV-3873,2025-12-08,1515340.71,0.00
PAY-4018,INV-4083,2026-10-10,758216.72,24515.19
PAY-4012,INV-4078,2025-10-01,867831.19,0.00
PAY-1879,INV-1899,2026-12-15,1255866.36,35598.82
PAY-2732,INV-2748,2026-09-10,1003616.58,0.00
PAY-2603,INV-2620,2026-01-15,688745.82,0.00
PAY-6534,INV-6654,2025-07-20,,2903.89
PAY-5129,INV-5230,2026-02-30,646284.06,0.00
PAY-3745,INV-3807,2026-03-09,61369.74,0.00
PAY-5651,INV-5755,2025-11-16,35074.43,0.00
PAY-4055,INV-4119,2026-11-10,842088.17,34755.39
PAY-3522,INV-3579,2025-12-06,393625.80,47888.91
PAY-7469,INV-9198,2026-06-03,56322.21,0.00
PAY-6994,INV-7116,2026-12-09,946587.06,0.00
PAY-2371,INV-2400,2025-12-17,158408.92,4091.66
PAY-2138,INV-2159,2025-02-30,41681.07,0.00
PAY-1161,INV-1171,2026-06-19,367349.24,0.00
PAY-6693,INV-6808,2026-11-15,966685.18,22678.91
PAY-2747,INV-2764,2026-07-14,1002799.62,32212.24
PAY-2052,INV-2074,2025-11-29,467110.16,0.00
PAY-6245,INV-6360,2027-01-04,379841.94,14998.35
PAY-5061,INV-5161,2025-08-07,1245597.70,43470.18
PAY-4266,INV-4344,2025-12-27,1143617.66,0.00
PAY-5145,INV-5248,2026-05-18,358253.08,6929.49
PAY-7237,INV-7364,2025-05-24,831615.19,3703.15
PAY-2698,INV-2717,2025-12-11,449652.37,40833.89
PAY-2846,INV-2875,2026-01-24,794686.43,41975.66
PAY-6269,INV-6383,2026-08-12,1516494.66,6565.82
PAY-3897,INV-3962,2026-07-20,40880.49,0.00
PAY-3037,INV-3071,2026-10-25,1224278.90,39890.46
PAY-4599,INV-4686,2025-12-21,1854764.12,0.00
PAY-2959,INV-2994,2026-11-18,1044208.28,0.00
PAY-3231,INV-3293,2025-07-11,396660.72,0.00
PAY-1682,INV-1696,2026-03-28,1803541.69,0.00
PAY-1930,INV-1954,2026-08-27,1133174.25,12822.99
PAY-6916,INV-7036,2026-05-17,1681434.17,34608.82
PAY-6974,INV-7096,2026-08-16,1496433.73,0.00
PAY-5392,INV-5500,2025-11-20,1906815.88,
PAY-4596,INV-4684,2025-05-23,395644.68,0.00
PAY-2908,INV-2938,2026-08-06,1136698.77,4700.83
PAY-1065,INV-1067,22-10-2025,1751301.73,0.00
PAY-2591,INV-2609,2025-08-26,1100565.92,29122.68
PAY-4014,INV-4079,2025-08-29,819625.19,614.28
PAY-1658,INV-1674,2025-10-24,417966.73,29064.81
PAY-7040,INV-7163,2026-05-13,196949.74,0.00
PAY-6405,INV-6520,2026-12-18,994644.40,20354.82
PAY-6110,INV-6220,2026-07-26,838936.07,29086.35
PAY-6115,INV-6225,2025-12-15,353838.11,0.00
PAY-2915,INV-2944,2025-12-18,1804853.36,3570.90
PAY-2400,INV-2427,2026-12-13,400888.30,23458.71
PAY-3988,INV-4056,2025-12-05,936434.86,7729.45
PAY-5891,INV-6008,2026-01-02,1469247.87,0.00
PAY-6285,INV-6401,2027-01-27,488017.86,46168.15
PAY-5526,INV-5632,,242660.70,25349.87
PAY-6472,INV-6594,2025-08-15,1202347.57,7281.64
PAY-5974,INV-6086,2025-10-03,1822232.15,37678.27
PAY-2469,INV-2484,2026-04-13,347283.86,16715.65
PAY-2152,INV-2174,,41825.46,0.00
PAY-1976,INV-2001,2025-06-18,85778.44,0.00
PAY-5571,INV-5674,2026-01-05,1186957.57,19543.46
PAY-7008,INV-7131,2026-07-06,1810748.02,0.00
PAY-5204,INV-5308,2026-05-14,655909.94,0.00
PAY-2308,INV-2335,2025-09-02,1492030.49,16300.81
PAY-4047,INV-4113,2025-05-28,157231.40,0.00
PAY-2595,INV-2613,27-11-2026,1385094.70,0.00
PAY-6708,INV-6821,,153651.23,0.00
PAY-2560,INV-2579,18-10-2026,1015361.40,0.00
PAY-4118,INV-4186,2026-05-07,1026376.17,83643.85
PAY-2918,INV-2947,2026-12-20,1972258.23,0.00
PAY-5296,INV-5402,2026-12-08,505062.07,0.00
PAY-6018,INV-6132,2026-02-30,1578855.38,18535.06
PAY-5369,INV-5476,2026-01-03,1005889.59,0.00
PAY-1686,INV-1700,2026-01-23,120871.73,3773.28
PAY-3548,INV-3603,,814592.01,11951.37
PAY-3978,INV-4043,2025-10-26,454203.68,19917.06
PAY-1366,INV-1377,2026-09-16,706529.22,0.00
PAY-6732,INV-6844,2025-10-05,,0.00
PAY-3557,INV-3612,2025-12-02,1391604.02,0.00
PAY-4114,INV-4184,2025-10-27,476157.13,29013.41
PAY-6710,INV-6822,2025-08-09,,0.00
PAY-6668,INV-6783,2025-10-31,350097.94,0.00
PAY-3884,INV-3949,2026-05-24,1261940.22,0.00
PAY-4458,INV-4537,2025-12-22,1915140.24,75364.70
PAY-7175,INV-7298,2026-12-15,1205896.74,0.00
PAY-2865,INV-2890,2026-05-11,744370.66,51016.10
PAY-4736,INV-4816,2026-05-05,,60716.38
PAY-6386,INV-6500,2025-10-10,376340.29,0.00
PAY-6272,INV-6386,2026-11-20,48405.32,558.39
PAY-5863,INV-5978,2026-04-27,900389.97,0.00
PAY-3496,INV-3561,2026-08-18,849947.47,33206.65
PAY-5173,INV-5280,2026-06-20,95199.49,0.00
PAY-4316,INV-4392,2026-02-30,1889106.76,0.00
PAY-4338,INV-4413,2025-09-21,30500.16,0.00
PAY-1238,INV-1245,2026-03-01,127270.15,0.00
PAY-1008,INV-1009,2025-05-22,1078962.48,0.00
PAY-2218,INV-2238,2026-01-03,1664105.43,62415.62
PAY-2686,INV-2705,2026-09-27,1772273.43,
PAY-5518,INV-5623,2025-12-14,248009.61,9174.94
PAY-5556,INV-5661,14-12-2026,1817815.74,0.00
PAY-6990,INV-7112,2026-05-09,967075.59,8074.29
PAY-5881,INV-5999,2026-01-03,1544237.61,0.00
PAY-1251,INV-1259,2026-02-17,,0.00
PAY-3279,INV-3342,2026-11-23,1661684.21,57156.10
PAY-7453,INV-9017,2026-03-01,321261.39,0.00
PAY-3243,INV-3304,2026-04-25,662695.71,37301.80
PAY-3531,INV-3586,2026-02-09,606226.25,0.00
PAY-5146,INV-5249,2027-01-27,206146.47,0.00
PAY-3817,INV-3882,2027-01-12,841452.48,-385.43
PAY-6744,INV-6858,2026-05-29,528421.54,0.00
PAY-1883,INV-1903,2026-09-13,663097.13,10858.25
PAY-4585,INV-4671,2026-11-17,105465.40,0.00
PAY-3159,INV-3216,2027-01-30,804964.87,39707.12
PAY-4633,INV-4725,2026-03-02,693855.72,55677.92
PAY-6637,INV-6752,2026-09-01,487135.14,0.00
PAY-2366,INV-2396,2025-07-19,515438.41,15987.24
PAY-6180,INV-6292,02-10-2026,921054.74,29798.94
PAY-5205,INV-5309,,337642.17,0.00
PAY-5713,INV-5823,2026-11-18,491989.68,
PAY-6592,INV-6710,2026-11-14,1750642.96,0.00
PAY-4908,INV-4999,2025-09-11,162381.30,1644.39
PAY-2840,INV-2868,2026-11-08,,0.00
PAY-1323,INV-1334,2025-07-25,955454.34,14939.19
PAY-6065,INV-6179,2025-06-17,1793605.33,0.00
PAY-7414,INV-9052,2026-03-09,93503.95,0.00
PAY-6768,INV-6881,2025-11-26,46729.84,0.00
PAY-2943,INV-2973,05-05-2026,1071279.57,42889.08
PAY-2068,INV-2089,2025-11-17,274398.77,0.00
PAY-2691,INV-2711,2025-05-14,369832.76,0.00
PAY-5421,INV-5524,2026-09-03,34191.11,0.00
PAY-2897,INV-2928,2025-08-28,542463.96,15052.31
PAY-5930,INV-6042,2026-05-01,207076.01,0.00
PAY-5574,INV-5677,2026-11-17,1591716.66,0.00
PAY-6513,INV-6635,2026-06-14,1127872.88,0.00
PAY-7158,INV-7280,2026-06-02,819517.96,0.00
PAY-5665,INV-5773,2026-05-16,1087545.58,2703.50
PAY-6378,INV-6493,2026-06-02,248798.29,0.00
PAY-5109,INV-5212,2026-03-10,342923.56,0.00
PAY-5110,INV-5212,2026-03-24,505728.93,35492.13
PAY-5932,INV-6044,2026-05-25,385280.76,0.00
PAY-6221,INV-6336,2026-02-08,949375.51,46459.12
PAY-3395,INV-3462,2026-01-14,1544640.94,72920.47
PAY-4294,INV-4372,2026-01-21,1071255.60,38806.16
PAY-4203,INV-4278,22-05-2025,570085.01,0.00
PAY-4893,INV-4983,2026-02-08,138085.88,0.00
PAY-3620,INV-3680,2026-10-19,447282.58,5306.29
PAY-6301,INV-6413,2026-04-05,925949.23,2739.33
PAY-1160,INV-1170,2025-09-01,,0.00
PAY-3197,INV-3259,2025-12-13,1041171.65,27589.27
PAY-6305,INV-6417,2026-12-22,1641853.02,0.00
PAY-5314,INV-5419,2026-02-30,703878.57,0.00
PAY-1508,INV-1515,2025-08-03,724698.26,29924.05
PAY-2724,INV-2739,2026-06-10,322675.81,0.00
PAY-6967,INV-7089,2025-08-09,535658.50,3740.06
PAY-2303,INV-2329,2025-07-03,423119.84,3078.86
PAY-1153,INV-1163,2026-02-06,1211260.19,47130.83
PAY-7113,INV-7233,2026-07-12,625075.12,33641.10
PAY-6891,INV-7012,2026-06-18,1710887.82,31253.94
PAY-7071,INV-7191,2025-06-18,944440.59,0.00
PAY-7063,INV-7184,2026-04-11,1491363.41,0.00
PAY-4258,INV-4335,2026-02-04,275892.98,0.00
PAY-6058,INV-6168,2026-06-25,492995.04,0.00
PAY-5604,INV-5707,2025-09-17,505658.44,0.00
PAY-5168,INV-5275,2026-11-20,376014.76,0.00
PAY-4339,INV-4413,2025-09-07,23381.18,1586.79
PAY-2810,INV-2834,20-07-2025,1922079.59,
PAY-1795,INV-1810,2026-10-08,755881.55,0.00
PAY-4763,INV-4848,,80347.81,
PAY-2982,INV-3013,2026-11-29,876634.47,0.00
PAY-6690,INV-6804,2026-02-30,,29205.11
PAY-5005,INV-5099,2026-12-05,1059497.40,8998.23
PAY-2516,INV-2530,2025-09-07,847468.06,
PAY-5817,INV-5928,2026-11-03,467882.93,
PAY-1524,INV-1531,2025-09-19,1726790.48,1128.68
PAY-1308,INV-1317,2026-07-13,1063256.22,32702.09
PAY-1621,INV-1634,2026-08-27,619180.06,23401.50
PAY-5552,INV-5658,2025-11-15,1970932.92,0.00
PAY-2946,INV-2975,2025-09-23,303137.07,23494.31
PAY-6849,INV-6965,2026-03-21,794646.45,
PAY-3882,INV-3947,2026-07-28,1751995.48,44571.88
PAY-4821,INV-4911,2026-06-06,953002.27,37151.79
PAY-5838,INV-5951,2025-10-29,73164.67,1418.63
PAY-7123,INV-7243,2026-07-20,719629.18,0.00
PAY-4956,INV-5045,2026-10-22,753912.37,0.00
PAY-3397,INV-3464,2026-12-25,1926961.85,0.00
PAY-3053,INV-3089,2025-11-01,371023.54,30454.69
PAY-2903,INV-2934,2026-07-26,921087.94,0.00
PAY-3322,INV-3383,2026-05-17,1021037.71,73206.78
PAY-1481,INV-1491,2026-04-05,134724.58,0.00
PAY-1492,INV-1500,2026-12-18,1918571.49,0.00
PAY-1154,INV-1164,2026-06-26,1666642.73,10172.86
PAY-3156,INV-3213,2025-09-29,1127036.59,0.00
PAY-5032,INV-5129,2026-09-16,515246.83,0.00
PAY-6554,INV-6673,2026-04-17,844735.02,0.00
PAY-5639,INV-5744,2026-05-11,1117291.87,0.00
PAY-1597,INV-1610,2026-06-20,491803.15,0.00
PAY-2394,INV-2421,2026-05-17,755167.84,0.00
PAY-2836,INV-2862,2026-06-24,75470.14,0.00
PAY-1660,INV-1675,2025-10-01,1429014.99,0.00
PAY-1125,INV-1132,2025-07-15,717780.02,0.00
PAY-6242,INV-6357,2026-01-26,1109446.68,
PAY-6307,INV-6418,2025-07-01,704276.47,0.00
PAY-3299,INV-3364,2026-07-26,284763.58,0.00
PAY-7054,INV-7176,2025-06-16,308653.57,
PAY-4614,INV-4702,,1688939.37,53350.15
PAY-6105,INV-6214,2026-10-29,1557257.50,68317.47
PAY-2658,INV-2679,2026-08-22,1695491.72,0.00
PAY-3048,INV-3084,2025-12-19,954527.72,24625.30
PAY-2162,INV-2182,2025-09-13,290659.43,4216.66
PAY-6676,INV-6791,2026-04-02,638098.64,0.00
PAY-6158,INV-6268,2026-04-01,325077.64,0.00
PAY-7232,INV-7359,2025-10-01,1754357.59,14303.32
PAY-2105,INV-2124,2026-06-07,46903.23,966.85
PAY-5220,INV-5325,09-01-2026,306869.75,21529.88
PAY-1151,INV-1160,2026-04-10,865164.41,0.00
PAY-6095,INV-6206,2026-04-22,1380814.81,50191.98
PAY-4486,INV-4567,2026-08-11,1460015.08,497.04
PAY-5309,INV-5414,2025-12-06,526237.68,8188.46
PAY-7326,INV-7450,2025-07-21,870558.64,0.00
PAY-1799,INV-1812,2026-06-13,772774.78,-549.41
PAY-1897,INV-1915,2025-12-17,547303.50,2126.47
PAY-6683,INV-6800,2026-07-15,288512.70,33416.09
PAY-1359,INV-1367,2026-10-16,682786.28,0.00
PAY-1337,INV-1347,2025-08-05,322256.99,0.00
PAY-3058,INV-3094,2026-04-30,53280.81,0.00
PAY-4616,INV-4704,2026-09-04,999801.21,0.00
PAY-2630,INV-2651,2025-07-24,269170.64,3154.82
PAY-1498,INV-1507,2026-03-21,1907665.52,0.00
PAY-4805,INV-4894,2025-08-14,819478.44,20856.71
PAY-2661,INV-2681,2026-07-28,417162.93,0.00
PAY-1408,INV-1419,2025-05-09,705264.61,18201.93
PAY-6012,INV-6126,2025-09-08,1062716.24,
PAY-5686,INV-5796,2025-10-03,463956.14,26745.62
PAY-4483,INV-4563,2025-08-18,306704.53,36872.87
PAY-4809,INV-4898,2026-01-11,1578710.99,
PAY-4245,INV-4322,2026-04-03,1501409.50,1073.71
PAY-2377,INV-2405,2025-06-08,792027.58,40603.90
PAY-1061,INV-1062,2026-02-30,1336948.81,43284.00
PAY-2534,INV-2551,22-07-2025,1446211.53,0.00
PAY-4798,INV-4887,,84976.54,0.00
PAY-5926,INV-6039,2025-10-27,33602.59,1348.58
PAY-4293,INV-4371,2025-12-13,-265435.53,2354.26
PAY-7356,INV-7478,2026-02-08,428813.67,0.00
PAY-3756,INV-3819,2027-01-04,685278.85,0.00
PAY-4080,INV-4147,2026-07-09,488222.48,5767.79
PAY-1405,INV-1416,26-10-2026,360176.66,-932.25
PAY-3383,INV-3448,16-01-2027,114486.97,3671.64
PAY-4441,INV-4520,2026-07-16,332788.83,0.00
PAY-4888,INV-4977,2025-12-13,493048.98,0.00
PAY-4387,INV-4464,2026-02-23,580023.68,
PAY-5765,INV-5878,,40521.75,1322.35
PAY-1860,INV-1876,2026-03-06,558758.04,0.00
PAY-2571,INV-2590,,907595.54,40810.03
PAY-2611,INV-2629,2025-10-01,770209.99,10452.06
PAY-6125,INV-6232,2026-05-23,276788.40,35076.94
PAY-4561,INV-4650,2025-09-09,729225.26,41840.83
PAY-2089,INV-2106,2026-06-12,833063.91,38598.65
PAY-1138,INV-1144,2025-05-14,1876104.89,23133.66
PAY-1274,INV-1284,2026-08-13,372523.02,12861.15
PAY-4210,INV-4286,2026-07-02,1093196.26,0.00
PAY-5495,INV-5602,2025-06-12,1448391.42,18079.89
PAY-1649,INV-1664,2025-10-26,685702.05,52443.55
PAY-4392,INV-4470,2026-04-12,1658100.76,55960.33
PAY-6863,INV-6978,2026-11-29,62324.91,0.00
PAY-2662,INV-2681,20-08-2026,471751.98,0.00
PAY-4966,INV-5057,2026-12-11,1838534.79,0.00
PAY-4653,INV-4742,2026-01-26,1482155.02,0.00
PAY-6118,INV-6227,2026-05-28,626274.58,0.00
PAY-5538,INV-5642,2026-07-27,978499.70,54867.33
PAY-1046,INV-1046,23-02-2026,1745311.33,40235.56
PAY-5529,INV-5636,2026-05-03,445953.35,0.00
PAY-6202,INV-6315,2025-10-09,,35372.32
PAY-4454,INV-4534,2026-04-21,1283731.44,0.00
PAY-6724,INV-6838,2026-07-04,5290.39,0.00
PAY-1738,INV-1749,2026-04-05,875799.88,37518.01
PAY-3090,INV-3127,2025-12-18,175068.87,0.00
PAY-5068,INV-5171,2027-01-11,1517525.71,0.00
PAY-2751,INV-2767,2026-09-05,327712.80,9605.65
PAY-1818,INV-1832,2027-01-21,91902.64,0.00
PAY-3880,INV-3945,2026-01-01,1486573.16,46503.70
PAY-5534,INV-5640,2026-02-05,172091.78,0.00
PAY-2965,INV-2999,2025-09-07,154201.30,9635.32
PAY-6868,INV-6983,2026-09-11,84782.53,1377.61
PAY-7320,INV-7444,2025-11-15,1122933.33,26561.43
PAY-5066,INV-5169,2026-07-11,1504587.44,0.00
PAY-7072,INV-7192,,855319.07,0.00
PAY-3941,INV-4004,2027-01-23,385976.80,0.00
PAY-5217,INV-5322,2026-11-29,258173.44,0.00
PAY-5039,INV-5135,2025-10-22,232375.53,
PAY-6223,INV-6338,2025-12-20,1788992.89,-59809.47
PAY-5427,INV-5531,2026-03-08,1788847.52,2435.60
PAY-3436,INV-3501,02-10-2026,1233559.77,0.00
PAY-7045,INV-7169,2026-03-12,67906.42,408.51
PAY-2423,INV-2446,2026-06-03,662354.93,4119.87
PAY-5772,INV-5885,2026-03-17,831345.36,0.00
PAY-4823,INV-4913,2025-11-07,172762.42,4378.60
PAY-5024,INV-5120,2026-08-13,781767.17,0.00
PAY-4691,INV-4772,2026-09-25,1591860.42,
PAY-4621,INV-4710,2026-12-10,1571319.82,22512.37
PAY-7242,INV-7368,2025-10-17,447199.94,
PAY-2712,INV-2728,2026-09-07,412706.52,0.00
PAY-1584,INV-1596,2026-11-08,1179961.72,0.00
PAY-4495,INV-4576,2026-09-27,406154.18,0.00
PAY-3267,INV-3328,2025-10-13,861496.72,0.00
PAY-2745,INV-2760,2025-08-17,358966.01,0.00
PAY-1387,INV-1398,2026-09-05,536801.43,0.00
PAY-2872,INV-2899,2026-08-08,566196.85,0.00
PAY-7019,INV-7144,2026-12-07,1059797.74,0.00
PAY-6782,INV-6894,2026-12-05,450046.33,0.00
PAY-1542,INV-1549,2025-06-08,1760345.71,0.00
PAY-3951,INV-4013,2026-04-04,516870.75,0.00
PAY-1231,INV-1238,2026-04-03,-347186.13,0.00
PAY-5804,INV-5915,2026-04-04,365369.78,0.00
PAY-4320,INV-4396,2025-06-07,1005129.73,46588.38
PAY-6226,INV-6341,2026-03-13,1090359.29,-498.70
PAY-5303,INV-5409,2026-04-20,212410.21,0.00
PAY-3455,INV-3521,2025-08-03,527697.37,0.00
PAY-1114,INV-1120,2025-09-20,391085.00,0.00
PAY-6003,INV-6114,2026-05-22,1295184.30,0.00
PAY-3712,INV-3772,2026-02-23,1656527.18,0.00
PAY-2815,INV-2840,2025-11-20,866206.40,20489.83
PAY-3021,INV-3057,2025-07-17,1347158.82,0.00
PAY-3526,INV-3583,2026-01-16,73701.83,0.00
PAY-5603,INV-5707,2025-08-12,907616.91,0.00
PAY-3796,INV-3860,2025-08-12,181792.07,0.00
PAY-2523,INV-2540,2026-04-17,310465.31,0.00
PAY-2155,INV-2176,2026-04-06,883399.26,0.00
PAY-1413,INV-1427,2026-03-23,120987.27,0.00
PAY-6853,INV-6969,2025-09-16,863180.08,10527.90
PAY-6236,INV-6352,2026-11-26,440814.00,6663.65
PAY-2816,INV-2842,2025-12-23,351053.89,0.00
PAY-5489,INV-5596,2025-08-09,659004.88,33826.07
PAY-1413,INV-1427,2026-08-15,,0.00
PAY-7044,INV-7168,2025-11-12,694924.29,8662.01
PAY-1987,INV-2014,2026-10-17,411703.49,0.00
PAY-2898,INV-2929,2026-09-21,514369.92,0.00
PAY-2668,INV-2688,2026-12-30,1482920.09,0.00
PAY-4120,INV-4187,2025-10-27,414543.47,0.00
PAY-5944,INV-6056,2026-11-25,175018.44,0.00
PAY-1245,INV-1254,2026-06-08,250515.05,8396.17
PAY-4140,INV-4211,2026-06-16,1297258.26,13178.39
PAY-3410,INV-3476,2026-09-15,,15385.11
PAY-4731,INV-4811,2026-07-13,1937422.50,0.00
PAY-4520,INV-4603,2026-09-26,871061.02,36086.53
PAY-6010,INV-6123,2025-10-05,9507.42,0.00
PAY-7032,INV-7157,2025-12-09,1375879.99,0.00
PAY-6604,INV-6719,2026-05-11,509208.39,18859.52
PAY-5993,INV-6106,2026-12-15,1239213.27,0.00
PAY-1434,INV-1447,2026-12-07,1151689.08,
PAY-1628,INV-1644,2025-09-26,1865769.93,31046.62
PAY-1263,INV-1273,2026-10-24,787839.94,11117.11
PAY-6469,INV-6590,2026-01-30,118316.07,2295.16
PAY-5178,INV-5283,2026-02-22,267265.70,0.00
PAY-2462,INV-2474,2026-05-02,,0.00
PAY-3493,INV-3559,2026-05-26,1711223.16,0.00
PAY-1518,INV-1526,2026-07-16,145121.56,0.00
PAY-3167,INV-3227,2026-09-08,751620.28,0.00
PAY-1665,INV-1680,2026-05-01,1022712.99,21014.21
PAY-1356,INV-1364,2026-10-29,187915.82,16478.10
PAY-7142,INV-7264,2026-07-19,,0.00
PAY-6056,INV-6165,2026-11-13,1906480.67,0.00
PAY-6499,INV-6622,2026-03-22,1190782.85,0.00
PAY-3180,INV-3242,2026-01-25,948584.80,0.00
PAY-6882,INV-6998,2026-11-20,512729.58,0.00
PAY-3536,INV-3591,2026-09-19,210991.90,-624.10
PAY-4200,INV-4274,2026-05-01,1247260.44,
PAY-1086,INV-1088,2025-08-20,857140.32,0.00
PAY-4618,INV-4706,,63451.78,2661.45
PAY-5741,INV-5855,2026-07-28,352934.21,4250.57
PAY-5099,INV-5202,24-04-2026,336550.41,0.00
PAY-2395,INV-2423,2026-04-04,776646.09,0.00
PAY-6557,INV-6675,,699459.92,775.03
PAY-1418,INV-1431,2025-05-22,774586.18,0.00
PAY-4745,INV-4826,2025-10-23,1839571.78,0.00
PAY-7136,INV-7257,2026-08-25,508500.05,19542.52
PAY-3283,INV-3346,2026-09-15,683853.98,0.00
PAY-4795,INV-4882,2026-04-29,1299071.83,0.00
PAY-3036,INV-3070,2025-09-26,28513.17,660.47
PAY-3297,INV-3362,2026-04-19,1683528.19,
PAY-6438,INV-6557,10-01-2027,1952838.69,0.00
PAY-3466,INV-3530,18-11-2026,1641160.16,0.00
PAY-4113,INV-4184,20-09-2025,1002473.64,0.00
PAY-6682,INV-6798,20-09-2026,524400.05,11777.97
PAY-4285,INV-4363,2026-05-07,174300.86,0.00
PAY-4413,INV-4489,2026-11-06,686390.07,0.00
PAY-2888,INV-2915,,608070.50,14922.85
PAY-5428,INV-5532,2026-11-16,492232.49,24706.38
PAY-6912,INV-7033,2025-02-30,1678373.32,0.00
PAY-1428,INV-1439,2026-09-08,1526905.56,0.00
PAY-6134,INV-6242,2025-07-05,842204.22,0.00
PAY-1923,INV-1943,2026-11-02,115377.90,2312.49
PAY-5875,INV-5990,2026-05-16,1880465.97,0.00
PAY-7104,INV-7225,2025-06-25,,24847.38
PAY-2015,INV-2044,2026-04-24,1158819.85,0.00
PAY-3132,INV-3178,2026-10-07,151604.47,0.00
PAY-3387,INV-3452,2025-07-06,23391.77,818.28
PAY-6536,INV-6657,2026-06-30,1818327.79,0.00
PAY-3685,INV-3744,2026-07-09,-627180.64,0.00
PAY-1548,INV-1555,2026-06-16,1703412.98,11197.39
PAY-7370,INV-7492,2027-01-09,1668657.97,0.00
PAY-5292,INV-5396,2026-05-02,557845.87,
PAY-4495,INV-4576,2026-10-14,97971.08,0.00
PAY-3398,INV-3465,2026-09-03,1109494.97,5639.17
PAY-1769,INV-1780,2026-01-15,927195.91,36283.03
PAY-5335,INV-5445,2025-09-25,70898.53,1822.84
PAY-6395,INV-6508,2025-11-07,1874231.93,66431.91
PAY-2930,INV-2962,2026-08-22,228153.68,7862.89
PAY-6231,INV-6346,2026-10-17,409167.49,0.00
PAY-5016,INV-5111,2026-04-13,1617064.90,29888.01
PAY-6113,INV-6223,2026-01-13,172077.74,13707.50
PAY-6102,INV-6211,2026-05-29,802806.37,0.00
PAY-3066,INV-3102,2026-04-07,1487418.04,48536.71
PAY-6775,INV-6888,2026-04-06,1505936.11,0.00
PAY-3386,INV-3450,2025-10-30,300720.19,
PAY-5077,INV-5181,2026-08-12,122642.54,4010.00
PAY-1761,INV-1773,2026-03-11,545611.82,0.00
PAY-7056,INV-7177,2025-06-27,496337.35,0.00
PAY-1962,INV-1987,2026-07-04,904539.19,0.00
PAY-7182,INV-7306,2026-09-20,182919.27,
PAY-3614,INV-3675,24-08-2025,452217.44,16219.54
PAY-5235,INV-5339,2026-12-28,133989.05,0.00
PAY-7207,INV-7335,2025-09-17,663148.27,0.00
PAY-4797,INV-4886,2026-11-23,1765928.09,0.00
PAY-5969,INV-6082,2026-06-29,49989.08,
PAY-3702,INV-3761,2026-10-28,1796783.30,0.00
PAY-5825,INV-5936,2026-10-10,611637.32,21479.02
PAY-3566,INV-3624,2025-11-20,1448849.49,0.00
PAY-5761,INV-5873,2025-09-12,1543306.15,9117.27
PAY-4434,INV-4512,,48684.32,
PAY-4313,INV-4389,2026-09-25,1368453.02,18926.49
PAY-5729,INV-5840,2025-10-14,228925.78,0.00
PAY-7256,INV-7382,2025-11-14,377362.33,18754.77
PAY-1180,INV-1188,2026-03-06,1232792.21,24603.60
PAY-7031,INV-7156,28-12-2025,1404400.57,0.00
PAY-7340,INV-7462,2025-11-06,1401854.29,43162.31
PAY-3023,INV-3059,,,33076.41
PAY-6247,INV-6362,2026-02-10,99645.62,10082.46
PAY-3000,INV-3033,2026-08-08,110833.58,0.00
PAY-6060,INV-6171,2026-12-09,416923.73,0.00
PAY-6229,INV-6344,2026-04-01,160187.88,0.00
PAY-1515,INV-1522,2026-01-09,325658.38,0.00
PAY-3645,INV-3704,2026-10-14,684837.80,33130.08
PAY-2054,INV-2076,2025-12-14,1495741.70,45960.68
PAY-6002,INV-6113,02-08-2026,19891.40,231.54
PAY-5980,INV-6093,2026-09-17,536083.40,0.00
PAY-4963,INV-5053,2026-05-13,691648.34,-365.97
PAY-2789,INV-2809,2026-02-05,126391.16,0.00
PAY-5429,INV-5533,2025-07-18,485853.49,15833.32
PAY-5340,INV-5449,2026-01-28,917980.28,33793.84
PAY-1945,INV-1966,2025-10-23,604139.91,0.00
PAY-1152,INV-1161,2026-03-22,1996693.01,0.00
PAY-4471,INV-4554,2026-01-03,1194642.18,0.00
PAY-4079,INV-4146,2026-02-02,287593.50,0.00
PAY-3507,INV-3568,2026-08-17,876709.01,0.00
PAY-3833,INV-3896,2026-03-28,858725.74,43488.40
PAY-3869,INV-3934,2026-04-09,714091.15,5322.34
PAY-5485,INV-5591,2026-04-13,1385146.99,0.00
PAY-5717,INV-5827,2026-04-09,1767703.32,0.00
PAY-1406,INV-1418,2026-06-02,936432.30,0.00
PAY-7101,INV-7221,2025-09-20,984289.62,9866.23
PAY-6239,INV-6355,2026-08-12,1168058.39,87269.61
PAY-3777,INV-3841,03-07-2026,254544.78,1227.32
PAY-2071,INV-2091,2026-11-10,626294.44,0.00
PAY-2210,INV-2231,2026-05-23,923398.13,0.00
PAY-1444,INV-1457,2026-07-28,1261860.99,66393.84
PAY-2640,INV-2661,2026-09-27,1994448.82,0.00
PAY-3873,INV-3939,2026-10-19,528369.36,0.00
PAY-4774,INV-4858,2026-01-24,,2099.24
PAY-5596,INV-5700,2026-01-20,894722.73,0.00
PAY-6382,INV-6497,2026-01-22,1462555.68,72883.33
PAY-6695,INV-6810,2027-01-01,976364.44,0.00
PAY-1029,INV-1028,2025-09-02,291508.75,0.00
PAY-1545,INV-1552,2026-06-07,400505.65,17496.67
PAY-3426,INV-3491,2026-09-28,149509.45,0.00
PAY-5092,INV-5195,2026-01-08,1318223.28,54638.41
PAY-5249,INV-5354,2026-02-24,1679962.35,18281.20
PAY-2121,INV-2140,2025-07-29,358279.34,0.00
PAY-2863,INV-2888,2026-02-27,,0.00
PAY-2504,INV-2520,2025-06-12,1130659.33,0.00
PAY-4297,INV-4374,2026-02-30,424735.24,
PAY-3803,INV-3867,2026-11-24,733785.99,29397.25
PAY-5222,INV-5326,2025-11-29,1432783.70,0.00
PAY-1688,INV-1701,2026-01-29,531527.61,4295.52
PAY-4167,INV-4243,2026-10-03,36432.58,0.00
PAY-5153,INV-5257,2025-06-16,1420833.68,49014.55
PAY-5282,INV-5386,2026-10-28,1909097.46,0.00
PAY-5379,INV-5486,2025-11-21,422756.17,21596.96
PAY-6687,INV-6802,2025-10-04,393873.53,0.00
PAY-1870,INV-1886,2025-10-26,455823.75,0.00
PAY-1540,INV-1547,2026-06-14,1284140.60,0.00
PAY-1796,INV-1810,2026-09-04,1151493.24,0.00
PAY-2273,INV-2297,2025-11-30,24191.42,0.00
PAY-5025,INV-5122,2026-08-24,1135930.21,0.00
PAY-2044,INV-2068,,1148893.82,12307.62
PAY-1038,INV-1041,2025-11-18,1290467.22,0.00
PAY-7375,INV-7499,,848203.94,64914.06
PAY-2635,INV-2656,2026-02-30,829245.97,0.00
PAY-2725,INV-2740,2025-11-30,884167.52,
PAY-5224,INV-5329,2026-03-21,1605267.87,0.00
PAY-3247,INV-3307,2025-06-30,783362.67,0.00
PAY-6271,INV-6385,2025-07-28,654723.17,
PAY-2859,INV-2885,2025-08-28,211050.97,
PAY-5837,INV-5950,2025-06-09,292124.46,30891.03
PAY-3773,INV-3837,2025-10-30,22951.09,0.00
PAY-5194,INV-5298,2026-01-08,962731.89,7431.58
PAY-4687,INV-4768,2025-12-27,583269.80,17847.98
PAY-2107,INV-2127,2026-05-29,,0.00
PAY-3062,INV-3097,2026-07-10,,
PAY-5886,INV-6003,2026-04-11,133469.53,5677.67
PAY-1603,INV-1617,2025-05-29,1643720.77,76617.90
PAY-2339,INV-2365,2026-12-02,696870.28,0.00
PAY-2512,INV-2526,2025-07-09,777478.38,0.00
PAY-3879,INV-3944,2025-10-25,60064.41,3.21
PAY-5933,INV-6044,2026-06-12,458277.10,0.00
PAY-6390,INV-6503,2026-09-21,,5668.41
PAY-4726,INV-4806,17-08-2026,923384.72,40298.52
PAY-4984,INV-5077,2025-06-09,949845.71,0.00
PAY-1358,INV-1366,2026-08-18,1266862.40,35708.73
PAY-6948,INV-7069,2025-09-11,58199.04,1393.21
PAY-4341,INV-4415,2026-03-23,1730576.00,0.00
PAY-2878,INV-2907,2026-10-20,806672.86,0.00
PAY-6400,INV-6514,,1868337.28,0.00
PAY-1893,INV-1911,31-07-2025,368498.67,0.00
PAY-4968,INV-5059,2026-02-30,1489058.64,0.00
PAY-4772,INV-4857,2025-08-20,159866.55,0.00
PAY-3041,INV-3074,2026-09-20,1789033.69,35806.52
PAY-3889,INV-3954,2026-05-20,,45549.05
PAY-7383,INV-9272,2025-06-17,289094.26,0.00
PAY-4084,INV-4153,06-12-2026,1111505.71,0.00
PAY-6448,INV-6568,2026-08-30,727546.06,
PAY-2784,INV-2804,2025-07-19,1948396.97,0.00
PAY-2841,INV-2869,2026-10-22,1164432.94,41311.26
PAY-2099,INV-2116,2025-12-11,608302.08,0.00
PAY-3162,INV-3221,2026-06-23,655388.32,8312.51
PAY-3819,INV-3883,2025-07-12,239430.82,0.00
PAY-5179,INV-5284,2025-07-01,652670.76,0.00
PAY-1265,INV-1274,2026-10-04,56874.75,166.29
PAY-6394,INV-6507,2025-11-26,302529.95,5346.11
PAY-6312,INV-6422,2026-09-09,1511485.63,0.00
PAY-4343,INV-4417,2026-04-04,1971288.60,0.00
PAY-4573,INV-4660,2026-02-28,1531455.62,48393.67
PAY-1714,INV-1728,2025-09-19,218906.99,0.00
PAY-4122,INV-4189,2026-11-11,1103263.81,6185.93
PAY-4455,INV-4535,2026-09-14,535752.23,9459.49
PAY-2280,INV-2303,2026-05-09,56426.10,0.00
PAY-4234,INV-4312,2026-05-29,1884421.70,0.00
PAY-1970,INV-1994,2026-08-03,131409.74,2307.91
PAY-3556,INV-3611,2026-05-25,1701736.83,0.00
PAY-1762,INV-1774,2026-09-28,77237.45,0.00
PAY-4847,INV-4936,2026-11-18,49610.39,-690.95
PAY-7349,INV-7470,2025-12-07,449832.10,0.00
PAY-4375,INV-4452,2026-09-03,265885.17,0.00
PAY-4208,INV-4284,2026-06-20,1800232.46,
PAY-5069,INV-5172,2026-12-12,10694.78,537.78
PAY-6209,INV-6323,2026-08-18,,
PAY-5850,INV-5963,2026-12-12,1217120.70,0.00
PAY-3539,INV-3594,2026-10-17,833381.31,10607.06
PAY-4137,INV-4208,2025-09-29,731937.37,31714.54
PAY-6873,INV-6987,2025-08-08,1359400.59,0.00
PAY-3718,INV-3778,2026-11-29,1800333.21,40402.79
PAY-1459,INV-1469,2025-12-12,261257.89,0.00
PAY-7291,INV-7414,2026-05-07,309393.04,0.00
PAY-2546,INV-2565,2026-11-06,849295.15,0.00
PAY-3447,INV-3512,,1525003.89,0.00
PAY-3581,INV-3645,2025-07-13,362135.11,224.43
PAY-3026,INV-3061,2025-10-31,,0.00
PAY-2449,INV-2465,2025-09-05,458272.48,0.00
PAY-5584,INV-5688,2026-08-24,1846798.46,4483.51
PAY-4980,INV-5073,2027-01-10,199451.56,4011.59
PAY-6980,INV-7101,2026-11-23,1919227.21,80002.98
PAY-2545,INV-2563,2026-01-30,441169.29,0.00
PAY-5010,INV-5103,2026-04-24,968712.61,0.00
PAY-7229,INV-7355,2025-10-08,378250.29,8029.36
PAY-6280,INV-6395,2025-09-14,683162.49,0.00
PAY-1393,INV-1403,2025-09-22,117759.21,
PAY-4989,INV-5082,2025-12-25,173105.36,0.00
PAY-1753,INV-1765,2025-10-25,1680932.31,0.00
PAY-4397,INV-4475,2026-05-12,1023192.58,0.00
PAY-3927,INV-3988,2025-09-10,1757195.56,0.00
PAY-1239,INV-1246,2026-02-15,101942.28,
PAY-4781,INV-4866,2026-05-09,257629.96,1945.09
PAY-5107,INV-5210,2026-07-06,517164.71,0.00
PAY-1192,INV-1199,2026-06-25,315236.99,881.48
PAY-2018,INV-2047,2026-03-25,971439.52,0.00
PAY-2505,INV-2521,2026-05-08,1086304.87,0.00
PAY-4577,INV-4663,2026-09-24,963177.17,33585.68
PAY-2677,INV-2697,2025-08-20,-1585292.85,0.00
PAY-3856,INV-3919,2025-08-26,266825.03,0.00
PAY-4768,INV-4854,2026-01-23,32179.13,0.00
PAY-4307,INV-4383,2026-11-11,1535555.15,78487.31
PAY-1487,INV-1495,2025-08-02,410204.87,5316.25
PAY-4321,INV-4397,2026-09-20,,18772.19
PAY-3807,INV-3871,2025-08-29,238679.61,2415.73
PAY-2991,INV-3023,,646084.63,0.00
PAY-1703,INV-1717,2026-01-24,1552380.95,25331.73
PAY-6966,INV-7089,2025-06-26,494839.80,0.00
PAY-1894,INV-1912,2025-08-20,219821.86,0.00
PAY-5479,INV-5585,2026-04-20,702874.36,0.00
PAY-5989,INV-6102,2025-08-04,1002748.70,0.00
PAY-5210,INV-5315,2027-01-19,250021.22,
PAY-2631,INV-2652,2026-05-19,,0.00
PAY-1163,INV-1172,2025-05-16,874503.38,70896.61
PAY-5085,INV-5188,2025-09-09,424429.13,4144.20
PAY-2055,INV-2077,2026-11-24,257841.23,0.00
PAY-2346,INV-2373,,1981882.98,-693.32
PAY-6074,INV-6188,2025-08-20,1214606.95,0.00
PAY-1268,INV-1277,2025-07-20,89311.23,2246.76
PAY-5542,INV-5647,2026-02-03,846511.06,0.00
PAY-5463,INV-5570,2025-09-13,1016489.60,0.00
PAY-3732,INV-3794,2026-04-13,945318.95,0.00
PAY-4499,INV-4581,2025-08-13,,100.15
PAY-2427,INV-2449,2026-01-11,1108701.27,0.00
PAY-6184,INV-6295,2026-06-03,116511.13,7357.72
PAY-1936,INV-1959,2026-05-21,867421.60,6866.26
PAY-5583,INV-5687,2025-10-11,1128473.28,0.00
PAY-3656,INV-3714,2025-11-07,1126363.94,22923.59
PAY-4693,INV-4773,2026-10-29,751145.83,0.00
PAY-4923,INV-5012,2026-11-14,825404.15,0.00
PAY-6072,INV-6185,2026-04-12,720490.76,0.00
PAY-1473,INV-1485,2026-01-26,550353.67,16128.90
PAY-7415,INV-9011,2026-04-06,175351.38,0.00
PAY-2547,INV-2566,2025-08-01,1787412.63,0.00
PAY-1866,INV-1882,2026-02-23,7807.09,
PAY-6021,INV-6135,2026-07-22,935910.90,33237.82
PAY-2484,INV-2500,2025-12-25,411153.34,0.00
PAY-2045,INV-2069,2026-12-10,1905054.56,0.00
PAY-7171,INV-7295,2026-04-12,402128.99,0.00
PAY-4286,INV-4364,2026-04-01,468666.45,0.00
PAY-4174,INV-4249,2026-12-21,354325.43,0.00
PAY-4607,INV-4695,2025-08-20,1600890.90,53257.35
PAY-3354,INV-3415,2026-01-28,171072.70,0.00
PAY-6770,INV-6883,2025-09-02,1819672.41,0.00
PAY-5649,INV-5753,2025-11-20,465301.85,0.00
PAY-1529,INV-1535,2026-05-12,886475.68,18368.05
PAY-3532,INV-3587,2026-10-19,1831856.13,0.00
PAY-5176,INV-5282,2026-11-13,831890.00,31513.46
PAY-4568,INV-4655,2026-09-16,574778.22,0.00
PAY-3537,INV-3591,2026-11-29,378127.38,0.00
PAY-2120,INV-2139,2025-11-12,381655.26,0.00
PAY-4645,INV-4734,2026-08-25,194779.25,0.00
PAY-4879,INV-4969,2026-10-29,246971.27,0.00
PAY-1341,INV-1352,2026-03-04,1124338.34,
PAY-1734,INV-1745,2026-05-20,422339.73,0.00
PAY-4134,INV-4204,23-04-2026,1457528.27,0.00
PAY-6009,INV-6121,2026-02-25,474247.74,0.00
PAY-2171,INV-2191,2025-10-25,231143.65,0.00
PAY-7127,INV-7245,2026-03-31,691679.84,0.00
PAY-3664,INV-3722,2026-08-30,121660.05,0.00
PAY-3937,INV-4000,2026-10-08,1680056.77,0.00
PAY-5539,INV-5644,2026-02-24,1615839.62,0.00
PAY-7102,INV-7222,2025-07-28,1523657.18,0.00
PAY-3409,INV-3475,2025-06-11,89612.06,3616.15
PAY-3390,INV-3455,,1792112.15,0.00
PAY-5867,INV-5981,,179595.10,0.00
PAY-3749,INV-3810,2026-10-12,,0.00
PAY-4578,INV-4664,24-09-2026,782555.56,59413.71
PAY-6791,INV-6902,2025-10-28,322677.59,0.00
PAY-1828,INV-1842,2026-08-17,198940.62,0.00
PAY-6531,INV-6650,2026-06-02,,3643.59
PAY-5276,INV-5381,2025-12-13,309320.75,0.00
PAY-2030,INV-2058,2026-03-03,1844476.58,46663.53
PAY-3589,INV-3650,2026-02-19,1247294.54,0.00
PAY-3665,INV-3723,2025-09-22,1605569.66,68262.03
PAY-3661,INV-3719,2026-02-19,428992.43,9762.07
PAY-7211,INV-7340,2025-09-09,236784.18,28801.92
PAY-2256,INV-2279,2025-09-27,361986.18,0.00
PAY-4178,INV-4252,2025-07-17,855941.88,0.00
PAY-5376,INV-5484,2025-11-17,1527499.03,0.00
PAY-4315,INV-4391,2025-10-30,165841.95,876.69
PAY-7261,INV-7387,2025-06-16,178741.31,0.00
PAY-7152,INV-7275,2025-07-16,1809323.70,84369.41
PAY-6303,INV-6415,2026-01-10,650680.55,0.00
PAY-5294,INV-5399,2025-07-29,1820695.42,24070.38
PAY-6879,INV-6995,2026-01-29,591203.60,13034.29
PAY-1338,INV-1349,31-08-2025,357563.37,2443.78
PAY-4859,INV-4950,2026-12-01,267202.05,12480.52
PAY-2801,INV-2821,2025-05-29,18896.78,0.00
PAY-6616,INV-6730,2025-10-25,156065.83,
PAY-1622,INV-1635,2025-07-04,459591.86,20671.18
PAY-5042,INV-5137,2026-01-29,1146163.49,75484.15
PAY-1975,INV-1999,2026-07-28,940804.50,
PAY-4509,INV-4592,2026-11-28,,17363.34
PAY-1814,INV-1825,2026-10-25,1249847.12,
PAY-5449,INV-5556,2026-11-21,366834.83,32147.13
PAY-1838,INV-1852,2026-10-24,1701988.54,0.00
PAY-4822,INV-4912,2025-06-22,156157.70,5464.05
PAY-3420,INV-3485,2026-05-04,1708328.31,23918.08
PAY-2503,INV-2519,2025-10-30,1515226.50,35159.11
PAY-3194,INV-3255,2026-03-12,107945.94,0.00
PAY-5065,INV-5166,03-04-2026,1554414.54,0.00
PAY-3896,INV-3962,2026-05-17,19976.75,0.00
PAY-2962,INV-2996,2025-08-12,550658.51,0.00
PAY-2639,INV-2660,2025-09-15,1875709.40,0.00
PAY-2438,INV-2459,2026-07-27,571414.19,0.00
PAY-5002,INV-5096,2025-11-15,451630.63,16568.73
PAY-6403,INV-6517,2026-03-25,1766160.55,51302.76
PAY-3894,INV-3960,2026-03-31,567258.67,0.00
PAY-2449,INV-2465,2025-07-04,1712482.26,0.00
PAY-1670,INV-1685,2026-09-25,1566864.51,0.00
PAY-5851,INV-5964,2026-01-03,543703.79,0.00
PAY-7025,INV-7151,2026-02-13,533072.52,8054.32
PAY-2216,INV-2236,2026-04-09,187386.53,1011.73
PAY-6026,INV-6140,2026-06-29,41967.32,0.00
PAY-2349,INV-2376,2026-12-15,1644618.68,9048.69
PAY-6149,INV-6259,2026-04-16,1363670.62,0.00
PAY-1931,INV-1955,2026-07-21,79846.47,0.00
PAY-1986,INV-2013,2026-09-06,1925819.65,42722.69
PAY-1456,INV-1468,2025-12-07,544387.45,0.00
PAY-3701,INV-3759,2026-08-10,915584.29,-11654.76
PAY-6763,INV-6874,2026-12-31,320400.46,15696.13
PAY-3909,INV-3973,2026-05-04,393285.22,20649.23
PAY-2985,INV-3016,2026-05-21,807788.08,0.00
PAY-6389,INV-6502,2026-09-04,1795529.37,
PAY-6222,INV-6337,2025-08-18,1210793.64,6937.36
PAY-1014,INV-1014,2026-10-18,,0.00
PAY-7431,INV-9159,2025-10-24,389338.66,0.00
PAY-5137,INV-5240,2026-04-03,487805.17,0.00
PAY-4240,INV-4318,2026-09-05,333350.75,0.00
PAY-6322,INV-6433,07-12-2026,,0.00
PAY-7119,INV-7238,2026-06-06,235172.45,8118.02
PAY-5992,INV-6105,2026-10-10,1404208.71,45894.28
PAY-2259,INV-2280,2026-01-23,636318.58,0.00
PAY-2587,INV-2605,2026-03-04,608025.89,0.00
PAY-6391,INV-6503,2026-10-20,100412.08,3943.60
PAY-6360,INV-6474,2026-06-20,961600.16,32987.76
PAY-4484,INV-4564,2025-10-06,1412870.05,0.00
PAY-5126,INV-5227,,427474.78,36647.21
PAY-2010,INV-2038,2026-08-21,412356.29,0.00
PAY-2258,INV-2280,2026-01-02,337544.03,0.00
PAY-6111,INV-6221,2026-03-23,1860817.72,0.00
PAY-5991,INV-6104,2026-05-28,919660.21,377.18
PAY-7396,INV-9390,2025-10-11,16318.49,0.00
PAY-4702,INV-4783,15-07-2026,303149.32,0.00
PAY-5957,INV-6070,2025-07-21,405076.76,19949.37
PAY-5328,INV-5434,2026-10-04,917103.05,24377.96
PAY-5323,INV-5429,2026-05-26,947830.05,0.00
PAY-5532,INV-5638,2026-04-19,1660687.22,31846.10
PAY-3624,INV-3683,2026-03-30,1708024.46,32775.42
PAY-3341,INV-3400,2026-01-28,1345945.02,0.00
PAY-6601,INV-6716,2026-03-11,856100.16,18051.09
PAY-6615,INV-6729,2026-07-11,1890779.99,0.00
PAY-1596,INV-1609,2026-02-23,884850.72,0.00
PAY-2473,INV-2488,2025-10-03,422068.66,0.00
PAY-4887,INV-4977,2026-01-22,558284.80,0.00
PAY-3024,INV-3059,2026-01-06,469968.81,0.00
PAY-3091,INV-3128,2025-07-03,126235.73,4035.52
PAY-7372,INV-7495,2026-04-11,811090.54,20952.79
PAY-6581,INV-6699,2026-06-19,1087764.44,48617.80
PAY-5617,INV-5720,2025-10-20,424646.79,0.00
PAY-6793,INV-6904,2025-05-14,1686614.05,49699.98
PAY-1864,INV-1880,2026-03-19,1919605.50,0.00
PAY-4532,INV-4619,2026-07-09,304132.18,15844.96
PAY-5499,INV-5606,2026-02-17,439385.63,18837.78
PAY-1380,INV-1391,2025-12-16,1274041.39,0.00
PAY-1591,INV-1604,2025-07-19,1487181.79,68641.61
PAY-2092,INV-2109,,1858107.57,93276.03
PAY-1276,INV-1285,2026-05-28,74655.38,0.00
PAY-3204,INV-3266,2026-09-30,210852.72,0.00
PAY-7303,INV-7427,2026-09-01,531924.74,13569.35
PAY-7359,INV-7480,2025-12-22,586212.81,0.00
PAY-5815,INV-5925,2026-06-09,1390357.35,0.00
PAY-3738,INV-3800,2026-07-02,1146341.08,0.00
PAY-2794,INV-2814,2026-07-09,287517.79,0.00
PAY-4783,INV-4868,2026-03-20,1684089.58,0.00
PAY-2194,INV-2215,2026-03-10,477533.24,7154.41
PAY-1052,INV-1052,2025-06-27,629424.20,
PAY-7285,INV-7408,2026-05-13,759210.35,0.00
PAY-2717,INV-2732,26-02-2026,895923.05,54960.02
PAY-6760,INV-6871,2026-02-26,554894.12,26488.97
PAY-5689,INV-5799,2026-02-09,421921.71,20218.63
PAY-5262,INV-5366,2026-08-14,1688566.84,0.00
PAY-5405,INV-5511,2025-08-09,430820.10,0.00
PAY-5750,INV-5862,2025-07-10,439895.93,5569.06
PAY-4649,INV-4738,2026-08-22,1617591.14,0.00
PAY-4615,INV-4703,2025-11-21,1089319.63,3517.74
PAY-6057,INV-6168,2026-06-11,950175.88,6159.91
PAY-7284,INV-7407,2027-01-01,-1842561.91,0.00
PAY-5970,INV-6083,2026-05-12,718574.76,32278.95
PAY-5612,INV-5715,2026-07-23,1745309.59,32748.62
PAY-2636,INV-2657,2026-03-05,903681.42,0.00
PAY-2472,INV-2487,2026-05-29,150567.39,0.00
PAY-5592,INV-5696,2025-10-26,577752.13,63204.26
PAY-3004,INV-3037,2025-09-05,566478.30,0.00
PAY-1078,INV-1081,2026-06-06,1887065.80,11201.50
PAY-2026,INV-2055,2026-09-08,271278.48,8590.61
PAY-1608,INV-1622,2026-11-26,1671204.26,-12674.76
PAY-2296,INV-2320,2025-12-27,432500.67,0.00
PAY-2418,INV-2440,,447710.86,0.00
PAY-4690,INV-4771,2026-04-01,783870.91,0.00
PAY-2853,INV-2880,2026-10-07,294306.79,10567.89
PAY-1491,INV-1499,2026-02-30,614890.77,0.00
PAY-6661,INV-6777,2025-07-21,-1600614.78,52689.47
PAY-2667,INV-2687,2026-01-24,503035.46,12615.10
PAY-4278,INV-4354,2025-07-09,1399060.43,0.00
PAY-4474,INV-4556,2026-02-01,821521.88,0.00
PAY-5327,INV-5433,2026-04-02,908601.34,0.00
PAY-5359,INV-5465,2026-04-23,521189.27,
PAY-4071,INV-4135,17-10-2025,84133.90,0.00
PAY-6852,INV-6968,2025-07-27,1036153.43,0.00
PAY-3559,INV-3614,2027-01-18,642071.88,14419.88
PAY-3367,INV-3430,2025-08-15,1502100.06,22358.11
PAY-5397,INV-5504,14-02-2026,1563250.60,55726.27
PAY-6517,INV-6638,2026-04-01,220531.61,0.00
PAY-3471,INV-3535,2026-10-07,914927.19,0.00
PAY-2487,INV-2504,2026-03-28,165396.14,7259.84
PAY-3357,INV-3418,2026-09-16,37222.29,0.00
PAY-1876,INV-1896,2026-01-06,858598.28,58997.01
PAY-1560,INV-1569,2025-09-11,1580424.32,0.00
PAY-5227,INV-5331,2026-05-20,402872.14,3417.93
PAY-4253,INV-4329,11-02-2026,359290.22,11441.71
PAY-3877,INV-3942,2025-06-08,966903.21,44635.64
PAY-5743,INV-5856,2026-10-06,236590.62,8491.25
PAY-3842,INV-3905,2026-09-13,53994.41,0.00
PAY-1911,INV-1933,2026-12-10,951724.78,0.00
PAY-6847,INV-6963,2025-06-01,1758270.81,53147.63
PAY-3612,INV-3674,2025-10-27,732571.87,0.00
PAY-6928,INV-7049,2026-09-04,288943.60,0.00
PAY-5444,INV-5551,2026-01-07,901558.91,0.00
PAY-6227,INV-6342,2026-03-04,624729.13,0.00
PAY-6130,INV-6238,2025-11-01,998149.57,0.00
PAY-5821,INV-5932,2026-11-18,70294.42,1653.59
PAY-4872,INV-4964,2026-01-11,1489980.39,0.00
PAY-1376,INV-1388,2026-03-24,604028.15,0.00
PAY-2188,INV-2209,2026-04-19,1806796.06,56243.88
PAY-1948,INV-1969,2026-05-24,1932751.76,64675.83
PAY-6194,INV-6307,2025-08-18,250606.08,2491.62
PAY-2770,INV-2789,2025-12-24,1174925.86,49085.55
PAY-4355,INV-4430,2025-12-20,,51373.06
PAY-6034,INV-6146,2026-04-30,782200.71,0.00
PAY-1950,INV-1971,2026-05-27,1638555.50,0.00
PAY-6862,INV-6977,2025-09-10,623640.93,0.00
PAY-2740,INV-2756,2025-12-22,637105.81,
PAY-3955,INV-4016,2025-08-27,,0.00
PAY-4264,INV-4342,2026-01-05,868418.50,6152.48
PAY-7224,INV-7351,2025-09-21,1143838.72,6598.29
PAY-1290,INV-1300,2026-04-11,1394112.21,39904.60
PAY-5890,INV-6007,2026-05-26,563974.55,0.00
PAY-3177,INV-3238,27-09-2026,-691723.41,0.00
PAY-5727,INV-5836,2026-06-28,749411.47,0.00
PAY-5794,INV-5905,2025-10-10,1206831.13,0.00
PAY-3870,INV-3935,2026-12-24,,0.00
PAY-3944,INV-4007,2026-10-10,520492.81,
PAY-1892,INV-1910,2026-08-29,358814.69,1107.30
PAY-3643,INV-3702,2026-01-31,395700.22,0.00
PAY-3510,INV-3571,2026-08-14,1467136.02,37288.36
PAY-1202,INV-1207,2025-07-07,145954.35,7352.91
PAY-1875,INV-1896,2025-11-30,436893.28,12038.01
PAY-5260,INV-5364,2026-10-05,1750142.66,0.00
PAY-4085,INV-4154,2026-04-26,598601.64,
PAY-4322,INV-4397,2026-08-15,1124529.21,62300.72
PAY-4488,INV-4569,2026-02-11,47800.91,892.05
PAY-5822,INV-5933,2026-01-01,334748.56,17516.29
PAY-5764,INV-5877,2026-07-01,774438.30,0.00
PAY-4576,INV-4662,2026-03-10,1398986.18,0.00
PAY-4380,INV-4458,2026-12-21,643181.06,0.00
PAY-7454,INV-9216,2025-08-10,112733.55,0.00
PAY-3899,INV-3965,2026-11-09,1568389.51,59830.36
PAY-7374,INV-7498,2027-01-05,1481948.71,10840.09
PAY-3295,INV-3360,2025-02-30,1605027.72,50643.40
PAY-4837,INV-4926,2026-10-21,96638.98,0.00
PAY-4978,INV-5071,2025-09-19,948125.16,34218.11
PAY-2553,INV-2572,2026-09-21,1173015.29,-485.39
PAY-4594,INV-4682,2026-12-22,1041652.66,0.00
PAY-3113,INV-3152,2025-11-21,1002053.51,0.00
PAY-2701,INV-2719,2026-01-31,1044874.99,44838.82
PAY-6456,INV-6578,2025-02-30,12035.02,0.00
PAY-4654,INV-4743,2025-12-05,564117.38,0.00
PAY-3003,INV-3036,2026-07-17,408382.29,19458.73
PAY-7099,INV-7218,2026-09-13,913015.90,0.00
PAY-4775,INV-4859,2026-03-01,1622948.31,0.00
PAY-4295,INV-4373,02-12-2026,670558.72,0.00
PAY-2561,INV-2580,2026-01-04,1000654.39,0.00
PAY-4482,INV-4563,2025-08-06,488391.95,0.00
PAY-4696,INV-4777,2026-06-10,1899781.43,17055.15
PAY-6699,INV-6813,2026-03-11,1759242.80,0.00
PAY-1363,INV-1374,2026-03-20,62247.90,1545.16
PAY-2337,INV-2363,2026-09-16,351096.97,
PAY-1845,INV-1858,2026-11-28,1787224.40,0.00
PAY-4832,INV-4921,2026-11-08,980724.13,4228.21
PAY-3720,INV-3780,2025-12-17,466093.53,0.00
PAY-5353,INV-5461,2026-09-22,799497.92,0.00
PAY-6211,INV-6326,2026-07-31,1628519.25,68867.34
PAY-4778,INV-4863,2025-10-02,1345994.50,16304.20
PAY-4057,INV-4121,2026-01-24,1590340.50,10034.08
PAY-2169,INV-2189,2025-08-19,1300810.55,0.00
PAY-1606,INV-1620,2026-08-09,1035445.56,51326.11
PAY-4782,INV-4867,2026-10-12,1806486.42,0.00
PAY-5732,INV-5843,2026-06-15,1846983.91,0.00
PAY-1302,INV-1312,2026-03-17,937732.95,40511.09
PAY-6884,INV-7000,2025-05-20,421492.96,0.00
PAY-5570,INV-5673,2026-02-17,158224.33,7331.12
PAY-3494,INV-3560,2025-08-28,1112508.56,0.00
PAY-6548,INV-6669,2026-01-16,1288487.35,55644.94
PAY-3762,INV-3825,2025-10-26,1932869.20,0.00
PAY-3246,INV-3307,2025-07-05,367074.17,
PAY-2006,INV-2034,02-01-2027,1755454.30,0.00
PAY-2550,INV-2570,2025-07-14,1233588.22,63228.38
PAY-3083,INV-3120,2025-07-26,1109012.52,0.00
PAY-1004,INV-1004,2025-09-06,1903910.90,0.00
PAY-5229,INV-5335,2026-06-27,654973.94,0.00
PAY-5625,INV-5729,2025-11-10,314815.73,0.00
PAY-1324,INV-1335,2026-03-03,1204790.12,5978.30
PAY-6335,INV-6447,2026-07-01,50835.69,0.00
PAY-6479,INV-6603,2025-07-23,529475.16,0.00
PAY-7296,INV-7419,2025-07-23,1615102.27,0.00
PAY-2735,INV-2750,2025-08-11,1473540.31,0.00
PAY-4184,INV-4259,2025-12-23,778017.83,0.00
PAY-4613,INV-4701,2026-12-22,349086.66,
PAY-3009,INV-3043,02-08-2026,376089.38,0.00
PAY-7331,INV-7454,2026-04-10,376516.01,0.00
PAY-5767,INV-5879,22-03-2026,661454.02,0.00
PAY-3858,INV-3921,2025-08-31,1754812.36,15009.05
PAY-4828,INV-4918,03-11-2026,1298753.69,0.00
PAY-1422,INV-1434,2026-02-05,,2456.31
PAY-6638,INV-6753,2025-12-08,1305576.62,0.00
PAY-3780,INV-3844,2025-07-02,1344849.05,11211.84
PAY-3467,INV-3531,2026-07-17,1005729.52,27816.08
PAY-3947,INV-4010,2025-10-11,90090.78,2344.67
PAY-4937,INV-5024,2025-09-06,73904.30,0.00
PAY-2374,INV-2402,2026-02-25,438388.06,0.00
PAY-4059,INV-4122,2025-10-13,1162786.32,38429.00
PAY-6088,INV-6200,2025-06-20,584374.33,0.00
PAY-5514,INV-5620,2026-05-30,496832.60,0.00
PAY-5871,INV-5985,2026-02-13,603205.65,
PAY-7118,INV-7237,2026-02-08,1606406.11,0.00
PAY-3128,INV-3171,2027-01-13,1653087.84,0.00
PAY-7138,INV-7259,2026-02-05,92040.54,0.00
PAY-1187,INV-1195,2026-09-22,1049131.44,0.00
PAY-7268,INV-7394,2025-11-26,1925223.89,
PAY-3142,INV-3192,2025-11-22,1420698.12,
PAY-1858,INV-1874,2025-06-09,1650844.06,84912.08
PAY-1914,INV-1935,2026-02-03,885208.23,52326.25
PAY-2538,INV-2557,2026-07-01,635610.67,0.00
PAY-6185,INV-6296,10-03-2026,253336.25,0.00
PAY-7290,INV-7414,2026-07-06,716476.82,0.00
PAY-4567,INV-4654,2025-06-14,823306.96,26695.43
PAY-1681,INV-1695,2025-08-29,402506.99,0.00
PAY-5888,INV-6005,2025-12-30,509425.65,0.00
PAY-3670,INV-3727,2025-08-26,993049.36,0.00
PAY-2909,INV-2938,2026-07-17,760560.53,14334.73
PAY-1713,INV-1727,2026-03-14,510003.80,0.00
PAY-1088,INV-1090,2026-10-22,871608.54,0.00
PAY-5561,INV-5665,03-05-2026,,9324.88
PAY-1684,INV-1699,2025-09-10,459531.07,0.00
PAY-4267,INV-4345,2026-11-21,992307.36,51732.59
PAY-2236,INV-2256,06-02-2027,1950015.34,0.00
PAY-2653,INV-2675,2025-07-24,1420136.49,0.00
PAY-4437,INV-4515,2026-06-22,358813.73,0.00
PAY-2104,INV-2123,2025-09-11,520868.40,3012.58
PAY-6597,INV-6714,2026-12-04,719249.87,20878.72
PAY-6035,INV-6147,2025-08-14,371802.85,0.00
PAY-6160,INV-6269,2025-08-04,165032.00,0.00
PAY-3432,INV-3496,2026-05-01,5994.12,175.95
PAY-5718,INV-5828,22-08-2026,671749.00,33689.32
PAY-6151,INV-6260,2026-11-22,50982.73,750.97
PAY-6392,INV-6504,25-01-2027,737316.04,15588.59
PAY-6619,INV-6733,2025-07-24,1306899.15,0.00
PAY-5458,INV-5564,2026-05-17,202792.41,0.00
PAY-5632,INV-5737,2026-11-21,1525609.32,50581.32
PAY-2290,INV-2315,2025-08-18,948742.57,0.00
PAY-6830,INV-6944,2026-02-03,1926745.93,947.94
PAY-1051,INV-1051,2026-10-12,1006650.95,0.00
PAY-2307,INV-2334,2026-08-14,602806.07,13883.84
PAY-3585,INV-3647,,614827.67,9964.37
PAY-4921,INV-5010,2025-08-27,1493265.10,0.00
PAY-2072,INV-2092,2025-09-02,566229.26,0.00
PAY-4408,INV-4483,2026-06-19,448272.70,25551.51
PAY-1918,INV-1938,2026-08-30,772309.40,20436.81
PAY-6953,INV-7075,2025-07-17,862131.20,20361.71
PAY-6116,INV-6226,2025-08-05,1840854.65,0.00
PAY-3975,INV-4040,2026-12-02,1011409.33,37611.81
PAY-1726,INV-1737,2025-06-09,1252174.02,0.00
PAY-1786,INV-1797,2026-06-03,-1131752.28,
PAY-6901,INV-7022,2025-09-19,1888981.64,0.00
PAY-2754,INV-2769,2026-11-19,614191.23,27420.91
PAY-3462,INV-3526,2026-06-28,894995.66,9238.29
PAY-3642,INV-3701,2025-12-10,678093.83,0.00
PAY-6814,INV-6927,2026-12-23,722760.34,33154.35
PAY-3547,INV-3602,2026-04-29,-38014.61,-1777.34
PAY-1060,INV-1061,2026-02-20,493896.72,0.00
PAY-4669,INV-4755,2026-07-31,270498.14,0.00
PAY-6369,INV-6484,2026-11-08,1752037.85,61764.49
PAY-6624,INV-6738,2026-07-02,1758381.27,8418.60
PAY-6419,INV-6534,2026-09-08,286723.10,13003.82
PAY-1843,INV-1856,2025-11-23,1755628.00,0.00
PAY-5364,INV-5471,2026-08-30,82946.03,0.00
PAY-4557,INV-4646,2026-09-01,243659.60,0.00
PAY-4173,INV-4248,2026-05-27,916233.57,0.00
PAY-3923,INV-3985,2025-09-01,1034151.49,0.00
PAY-3852,INV-3915,2026-09-11,181271.91,10233.61
PAY-4674,INV-4758,2025-11-28,1142314.76,0.00
PAY-6930,INV-7053,2026-10-25,1494271.30,0.00
PAY-5726,INV-5834,2026-03-11,1406964.95,0.00
PAY-7409,INV-9430,2026-04-05,336690.93,0.00
PAY-4719,INV-4800,2026-04-24,719734.89,1474.07
PAY-2284,INV-2309,2026-11-03,44291.96,1540.00
PAY-3438,INV-3503,2026-11-25,836068.08,0.00
PAY-5346,INV-5454,2026-09-30,717620.07,0.00
PAY-2526,INV-2542,2025-05-25,467664.41,30935.68
PAY-4395,INV-4473,2025-10-22,1790047.83,55844.19
PAY-3961,INV-4023,2027-01-19,953940.31,0.00
PAY-2066,INV-2087,2025-10-27,1590512.83,6819.39
PAY-3553,INV-3609,2025-05-29,997739.53,0.00
PAY-2432,INV-2453,2025-08-26,947299.29,0.00
PAY-4620,INV-4709,2026-09-12,621722.23,0.00
PAY-2886,INV-2913,2026-02-27,552148.38,0.00
PAY-2609,INV-2627,2026-12-13,884653.58,0.00
PAY-3864,INV-3927,2026-05-20,1090164.21,35461.74
PAY-4181,INV-4256,2026-12-07,1101923.99,37841.40
PAY-1303,INV-1313,2025-11-23,1640975.10,0.00
PAY-2158,INV-2179,2025-09-11,325836.98,4776.26
PAY-2396,INV-2424,2026-09-22,1514958.26,0.00
PAY-1325,INV-1336,2026-08-08,1238335.81,34694.01
PAY-1504,INV-1511,2025-09-11,65193.72,0.00
PAY-4420,INV-4497,2026-06-02,404105.47,45504.32
PAY-5022,INV-5117,2025-08-22,1201744.98,16796.50
PAY-7115,INV-7234,2026-11-22,104581.18,0.00
PAY-6969,INV-7091,2026-03-09,1805968.85,46890.11
PAY-5839,INV-5952,2025-02-30,673281.48,0.00
PAY-3141,INV-3191,2025-11-06,914848.92,0.00
PAY-6112,INV-6222,2026-05-12,1185254.38,0.00
PAY-6754,INV-6866,2026-05-25,418455.23,17081.82
PAY-3514,INV-3574,2025-08-05,653721.30,71138.24
PAY-6093,INV-6203,2025-07-01,684875.38,22976.33
PAY-6844,INV-6961,2025-11-05,465734.70,0.00
PAY-6796,INV-6908,2026-06-24,1995089.43,0.00
PAY-1512,INV-1520,2026-03-08,199999.54,
PAY-3971,INV-4033,11-02-2026,1712516.99,0.00
PAY-4848,INV-4938,2026-06-30,1005683.44,0.00
PAY-5671,INV-5782,2025-10-04,409810.24,0.00
PAY-5009,INV-5103,2026-05-18,552183.32,
PAY-6375,INV-6489,2026-03-14,1821955.70,0.00
PAY-6685,INV-6801,2026-05-19,305941.81,0.00
PAY-7388,INV-9037,2025-12-30,310443.13,0.00
PAY-6795,INV-6906,2026-07-03,29656.76,680.18
PAY-6684,INV-6800,2026-08-23,747131.23,0.00
PAY-2974,INV-3007,2025-10-02,699590.94,20075.02
PAY-1313,INV-1322,2026-04-04,182983.19,17514.00
PAY-6207,INV-6321,2025-08-08,1731333.37,0.00
PAY-5889,INV-6005,2025-12-22,886985.26,0.00
PAY-6434,INV-6551,2025-07-11,1726371.25,0.00
PAY-1043,INV-1044,09-09-2025,512748.52,1134.73
PAY-1847,INV-1860,2026-06-21,731328.64,0.00
PAY-1505,INV-1512,2026-12-17,,49338.41
PAY-4940,INV-5028,2025-10-12,1106419.71,28845.87
PAY-4309,INV-4385,2026-08-03,91476.11,-4110.72
PAY-3308,INV-3374,2025-08-12,694422.99,0.00
PAY-6250,INV-6364,2025-12-24,901928.23,0.00
PAY-6543,INV-6663,2026-02-30,352683.97,11184.89
PAY-1440,INV-1452,2027-01-09,972065.74,0.00
PAY-6183,INV-6295,2026-06-05,244734.22,-661.41
PAY-5111,INV-5213,2026-06-26,408583.29,18482.33
PAY-7157,INV-7279,2025-11-03,666840.54,0.00
PAY-1250,INV-1259,2026-02-16,223407.88,
PAY-2714,INV-2730,2026-11-13,726423.67,0.00
PAY-3958,INV-4020,2025-09-17,-324301.86,0.00
PAY-5013,INV-5108,2025-08-21,1101088.71,34720.59
PAY-6777,INV-6890,2026-07-22,563639.89,0.00
PAY-7457,INV-9481,2025-08-11,203392.86,0.00
PAY-4436,INV-4514,2026-11-17,171869.77,0.00
PAY-3637,INV-3696,2026-07-16,125429.37,0.00
PAY-2507,INV-2522,2026-11-01,435900.47,0.00
PAY-6126,INV-6233,2025-06-24,468326.21,18092.88
PAY-4617,INV-4705,2026-02-25,29184.32,999.82
PAY-6337,INV-6449,2025-07-23,365305.13,0.00
PAY-3002,INV-3035,2025-11-08,1776050.51,0.00
PAY-6656,INV-6771,2026-05-03,417087.00,16908.84
PAY-6498,INV-6621,2026-09-10,1137383.94,0.00
PAY-2727,INV-2743,2026-06-21,120268.99,5403.40
PAY-2191,INV-2211,2026-11-24,1279754.01,0.00
PAY-2079,INV-2097,2025-05-22,677128.99,15502.64
PAY-4694,INV-4774,2025-06-10,1323384.63,0.00
PAY-4825,INV-4915,15-11-2026,1914348.62,0.00
PAY-2069,INV-2090,2026-07-30,495822.91,1005.47
PAY-6514,INV-6636,2026-05-13,538117.63,0.00
PAY-7376,INV-7499,2025-09-10,715350.89,0.00
PAY-3046,INV-3081,2026-02-15,1650264.34,0.00
PAY-6175,INV-6285,2026-05-12,1302409.79,0.00
PAY-2016,INV-2045,2026-10-11,,0.00
PAY-2783,INV-2803,2026-06-29,57126.21,2182.48
PAY-1988,INV-2014,2026-09-05,766335.92,0.00
PAY-5708,INV-5817,2025-11-08,1052919.97,-478.49
PAY-1108,INV-1112,13-06-2026,663291.46,12739.59
PAY-7005,INV-7127,2025-05-24,968826.23,2685.95
PAY-5797,INV-5909,2026-06-08,663550.60,6381.57
PAY-1521,INV-1529,2026-03-11,1119668.96,28012.75
PAY-5034,INV-5131,2027-01-30,6796.16,0.00
PAY-6107,INV-6216,2026-04-05,1003752.21,24308.55
PAY-6675,INV-6790,2026-11-29,1043037.20,23294.07
PAY-5447,INV-5555,2026-09-17,1826190.93,0.00
PAY-1969,INV-1993,2026-03-03,1829977.16,88606.38
PAY-3400,INV-3467,2025-06-23,758596.54,
PAY-6902,INV-7024,2025-07-18,193970.16,6071.57
PAY-1111,INV-1116,2026-05-24,1359946.03,0.00
PAY-6033,INV-6145,2025-11-18,295422.33,20319.02
PAY-3486,INV-3551,03-10-2026,1967947.94,23328.36
PAY-4221,INV-4298,2026-03-13,73696.45,1474.21
PAY-3737,INV-3799,2026-01-15,800610.77,14305.46
PAY-5279,INV-5384,2026-04-14,1152480.67,0.00
PAY-7239,INV-7366,2026-01-22,1194429.18,46735.62
PAY-3456,INV-3522,2026-07-04,1731881.32,0.00
PAY-2281,INV-2304,2026-06-29,513465.69,0.00
PAY-5972,INV-6085,2026-10-23,741690.88,0.00
PAY-4007,INV-4073,2025-09-19,1832062.06,78223.44
PAY-5141,INV-5243,2026-01-17,327780.04,0.00
PAY-2607,INV-2624,2026-02-08,1413141.25,15878.67
PAY-2961,INV-2996,2025-08-04,581207.46,0.00
PAY-1054,INV-1055,2026-02-02,1316250.72,0.00
PAY-3688,INV-3749,2026-08-19,254928.27,0.00
PAY-5710,INV-5819,2026-06-17,61682.42,0.00
PAY-3433,INV-3497,2026-07-03,1524637.46,67239.72
PAY-1657,INV-1673,2026-10-10,604329.74,15831.89
PAY-7194,INV-7320,2025-08-11,1344563.42,0.00
PAY-3570,INV-3631,08-03-2026,1032637.66,0.00
PAY-2335,INV-2362,2026-08-17,1159080.66,-15825.19
PAY-3618,INV-3679,2025-08-02,664351.72,0.00
PAY-6496,INV-6619,04-04-2026,1899967.93,38728.84
PAY-6648,INV-6762,2026-05-22,123652.73,0.00
PAY-1003,INV-1002,,1286217.08,62080.51
PAY-6694,INV-6809,2026-09-20,1736639.29,0.00
PAY-2489,INV-2506,2027-01-11,722760.82,16718.18
PAY-1792,INV-1804,2026-07-31,1631996.84,
PAY-3608,INV-3671,2026-06-24,100208.43,0.00
PAY-6803,INV-6916,2026-07-28,1783634.61,0.00
PAY-3430,INV-3495,2026-07-15,573565.54,0.00
PAY-1076,INV-1079,2025-11-14,21199.11,0.00
PAY-5052,INV-5151,2026-05-19,498492.49,0.00
PAY-3393,INV-3460,2026-08-23,1301131.53,0.00
PAY-5265,INV-5370,2026-10-28,1092926.51,0.00
PAY-6424,INV-6540,10-09-2025,464076.26,0.00
PAY-4652,INV-4741,2026-11-16,828093.47,10400.20
PAY-6812,INV-6925,2025-08-14,1211862.25,45365.52
PAY-6423,INV-6537,2026-05-19,467418.58,
PAY-1193,INV-1200,2026-08-26,1487222.91,17688.84
PAY-6530,INV-6649,04-02-2026,576282.35,0.00
PAY-1720,INV-1733,,142154.08,0.00
PAY-4516,INV-4597,2026-03-30,1557149.55,11128.82
PAY-3388,INV-3453,2026-06-03,1071014.00,849.39
PAY-1236,INV-1243,2025-07-01,33311.45,603.08
PAY-4187,INV-4262,2025-10-27,958360.18,0.00
PAY-2951,INV-2981,2026-11-30,686614.77,26725.20
PAY-1429,INV-1442,2026-11-04,329132.51,14179.40
PAY-6436,INV-6555,2025-11-09,1376764.97,0.00
PAY-4158,INV-4232,2027-01-20,421064.78,0.00
PAY-1165,INV-1174,2026-02-03,63765.74,2732.43
PAY-4918,INV-5008,2026-06-06,731607.45,0.00
PAY-1741,INV-1753,2025-12-26,1891886.83,0.00
PAY-1170,INV-1179,2025-10-23,1009558.85,0.00
PAY-4386,INV-4464,,328378.44,2515.98
PAY-5301,INV-5408,,223323.44,4420.96
PAY-6133,INV-6241,2026-11-26,1801259.33,-387.16
PAY-4552,INV-4640,2025-12-21,760987.13,21802.72
PAY-4298,INV-4375,2025-11-08,680767.87,19674.39
PAY-3380,INV-3444,2026-12-08,988672.59,5253.21
PAY-4732,INV-4812,2026-09-25,1341404.46,-965.85
PAY-4160,INV-4236,2025-06-16,203271.69,0.00
PAY-3750,INV-3812,2026-05-03,1465070.28,0.00
PAY-6214,INV-6330,2026-07-08,653278.99,4801.57
PAY-6643,INV-6759,2025-10-17,761442.10,9931.16
PAY-2969,INV-3004,2027-01-20,652880.77,13599.57
PAY-2178,INV-2199,2026-02-27,637621.76,0.00
PAY-6566,INV-6682,2025-11-16,28287.47,0.00
PAY-4830,INV-4920,2026-01-11,771002.59,68579.40
PAY-7465,INV-9471,2026-06-03,253127.03,0.00
PAY-4651,INV-4740,10-11-2026,379127.71,0.00
PAY-5100,INV-5203,12-09-2025,526963.39,0.00
PAY-4753,INV-4835,29-05-2025,1014793.22,13572.15
PAY-5626,INV-5730,2025-08-31,115297.49,0.00
PAY-7129,INV-7248,2026-02-08,617223.96,0.00
PAY-2920,INV-2951,2026-09-25,585490.70,26029.64
PAY-5436,INV-5539,2025-08-05,1606209.88,72206.76
PAY-4584,INV-4670,2025-10-01,1273747.97,0.00
PAY-5611,INV-5714,2026-08-15,571293.15,0.00
PAY-6164,INV-6273,2026-12-22,378922.14,0.00
PAY-6667,INV-6782,2025-08-12,169955.77,0.00
PAY-5027,INV-5124,2025-07-20,346547.00,0.00
PAY-6820,INV-6934,14-10-2025,1863325.88,0.00
PAY-1055,INV-1056,2025-08-18,1510751.56,0.00
PAY-2116,INV-2136,2025-11-01,1116520.43,0.00
PAY-5545,INV-5650,2026-02-23,810828.46,0.00
PAY-5095,INV-5198,2025-07-06,1734414.29,0.00
PAY-3705,INV-3765,2026-07-24,369101.88,0.00
PAY-2716,INV-2732,2026-02-13,413565.69,0.00
PAY-4898,INV-4989,2025-11-24,837776.58,0.00
PAY-1777,INV-1788,2025-09-30,95111.01,3138.04
PAY-3288,INV-3353,2026-06-03,87472.88,0.00
PAY-5785,INV-5896,,56422.28,114.10
PAY-5117,INV-5219,2025-11-19,1522722.55,0.00
PAY-2785,INV-2805,2025-11-01,758842.82,0.00
PAY-1070,INV-1073,2027-02-02,1555552.39,77970.39
PAY-6295,INV-6408,2025-12-14,635913.01,0.00
PAY-3887,INV-3952,2026-04-13,,0.00
PAY-5588,INV-5692,2027-01-21,,0.00
PAY-5848,INV-5961,2026-12-02,946519.77,
PAY-4911,INV-5002,2025-12-18,1361664.86,71380.29
PAY-1364,INV-1375,2026-02-17,1310466.63,39977.46
PAY-6103,INV-6212,2026-08-24,369272.90,1605.55
PAY-2759,INV-2776,2025-12-07,1485483.59,74761.49
PAY-1446,INV-1459,2026-05-31,125080.58,1385.59
PAY-4947,INV-5035,2025-10-31,903039.34,0.00
PAY-3568,INV-3628,2027-02-01,1872808.53,1043.24
PAY-3734,INV-3796,2025-09-01,683738.15,0.00
PAY-2937,INV-2967,2026-07-23,1519498.70,0.00
PAY-5330,INV-5437,2026-07-01,855294.34,0.00
PAY-1409,INV-1420,2025-09-10,503308.31,22567.38
PAY-7151,INV-7273,2026-08-09,1155633.24,0.00
PAY-4239,INV-4317,2025-08-29,365211.09,0.00
PAY-1668,INV-1682,2025-07-19,563540.12,27019.09
PAY-5560,INV-5665,2026-04-30,113105.90,8501.98
PAY-2931,INV-2963,2025-09-14,542581.56,84857.34
PAY-2996,INV-3028,2026-10-24,-927028.27,0.00
PAY-2830,INV-2855,2025-10-02,1490634.37,0.00
PAY-3579,INV-3643,2026-02-02,1231447.63,0.00
PAY-2496,INV-2512,2026-06-02,1538189.98,0.00
PAY-4640,INV-4730,2025-07-14,1448948.33,5710.48
PAY-4152,INV-4228,2025-12-17,209089.29,1194.68
PAY-1954,INV-1977,2026-01-07,484085.02,4177.59
PAY-6359,INV-6473,2026-09-13,1773753.50,16045.40
PAY-4042,INV-4106,2025-09-04,526770.86,0.00
PAY-5416,INV-5518,2026-03-22,1614596.80,0.00
PAY-1122,INV-1129,2026-01-24,936809.96,0.00
PAY-5243,INV-5349,2026-03-08,869270.65,42800.62
PAY-2231,INV-2251,2026-12-20,545813.12,15631.11
PAY-3327,INV-3387,2025-06-19,667601.93,0.00
PAY-4390,INV-4468,2026-08-14,12439.13,0.00
PAY-1171,INV-1179,2025-10-06,868030.66,
PAY-5951,INV-6063,2026-11-19,1982365.92,0.00
PAY-5381,INV-5488,2025-11-18,337051.36,-1553.00
PAY-6587,INV-6705,2027-01-02,1110483.34,39502.43
PAY-2443,INV-2462,2026-08-10,233853.16,0.00
PAY-2666,INV-2686,2026-12-25,907375.58,0.00
PAY-4192,INV-4269,2025-11-29,131856.01,12360.67
PAY-3827,INV-3891,2025-12-06,424478.94,0.00
PAY-5895,INV-6012,2026-04-20,464871.56,0.00
PAY-6284,INV-6400,2026-01-07,388070.51,0.00
PAY-2126,INV-2145,2026-09-28,264445.51,10246.56
PAY-1557,INV-1566,2026-04-24,535982.90,42028.71
PAY-3969,INV-4030,2026-11-07,120415.76,0.00
PAY-6122,INV-6229,2025-08-21,1085417.44,0.00
PAY-5036,INV-5132,02-10-2025,353029.36,2764.48
PAY-4154,INV-4229,2026-09-11,30181.28,0.00
PAY-2322,INV-2347,2026-04-06,635007.65,0.00
PAY-6210,INV-6324,2026-04-10,1017452.93,0.00
PAY-4521,INV-4604,2027-01-12,200304.69,0.00
PAY-3601,INV-3662,2026-06-13,1929225.23,0.00
PAY-5508,INV-5614,2025-07-21,1957869.73,0.00
PAY-1823,INV-1837,2025-10-01,32093.95,0.00
PAY-5872,INV-5986,2026-04-09,35685.08,0.00
PAY-6296,INV-6409,30-11-2025,1916187.36,6599.57
PAY-6552,INV-6671,2026-11-25,389835.02,25363.46
PAY-2737,INV-2753,2025-12-03,598272.22,0.00
PAY-2862,INV-2887,2027-02-07,810076.76,0.00
PAY-7282,INV-7405,2025-09-22,85030.58,3934.51
PAY-6918,INV-7038,2025-10-14,410873.25,0.00
PAY-3931,INV-3992,2026-11-17,584393.49,
PAY-3714,INV-3774,2026-12-05,158564.76,0.00
PAY-4995,INV-5089,2025-12-31,562172.11,0.00
PAY-4583,INV-4668,2026-08-29,756721.39,0.00
PAY-4149,INV-4223,2025-12-19,660956.76,3982.14
PAY-6663,INV-6780,2026-05-10,1045575.71,30072.64
PAY-6440,INV-6559,2026-04-14,1805762.14,0.00
PAY-2858,INV-2885,2025-09-18,220893.95,0.00
PAY-3280,INV-3343,2026-12-11,418409.65,0.00
PAY-7416,INV-9330,2026-03-30,218574.58,0.00
PAY-1957,INV-1982,2026-10-04,1763346.32,9360.14
PAY-4368,INV-4445,2026-10-31,226587.46,0.00
PAY-6759,INV-6870,2025-09-27,1424729.30,0.00
PAY-5987,INV-6100,2025-12-03,457352.10,26759.14
PAY-2895,INV-2925,2025-08-24,202534.98,235.23
PAY-1066,INV-1068,2025-08-01,519379.76,0.00
PAY-1388,INV-1399,2026-07-28,1447058.73,0.00
PAY-1624,INV-1638,2026-11-03,686499.31,0.00
PAY-3032,INV-3066,2026-12-23,,0.00
PAY-6349,INV-6460,2025-09-03,1904690.69,0.00
PAY-1552,INV-1559,2026-06-11,850678.01,0.00
PAY-5026,INV-5123,25-10-2025,754141.92,0.00
PAY-2778,INV-2799,2026-10-09,,2727.18
PAY-4982,INV-5075,2025-12-21,1836225.43,20862.17
PAY-7428,INV-9030,2026-03-26,409053.31,0.00
PAY-1211,INV-1217,2026-06-14,950031.83,48782.74
PAY-4829,INV-4919,2025-10-24,-921106.99,3444.08
PAY-2078,INV-2096,2025-06-14,280770.84,0.00
PAY-3846,INV-3909,2026-12-18,454636.75,20126.10
PAY-6550,INV-6670,2025-08-30,244438.00,0.00
PAY-3590,INV-3651,2025-12-21,187217.66,9358.43
PAY-5098,INV-5201,2025-10-03,1110487.37,0.00
PAY-1216,INV-1223,2026-01-30,1850461.91,96424.81
PAY-7088,INV-7208,2026-08-13,239169.87,
PAY-4751,INV-4832,2026-02-03,1092777.91,30222.68
PAY-6404,INV-6518,2025-07-13,1005319.04,0.00
PAY-1724,INV-1735,2026-12-20,121990.35,0.00
PAY-3202,INV-3263,2025-10-28,1254045.61,16740.89
PAY-1996,INV-2024,2026-08-29,1104535.47,0.00
PAY-7051,INV-7174,2025-08-08,123284.94,
PAY-6274,INV-6389,2026-12-11,946883.40,
PAY-6975,INV-7097,2025-09-17,1996370.09,0.00
PAY-7421,INV-9419,2025-12-25,269470.65,0.00
PAY-4037,INV-4102,2026-08-27,1102828.74,0.00
PAY-3301,INV-3365,2025-08-08,202672.25,6332.60
PAY-7267,INV-7393,2026-05-30,1320319.82,36445.08
PAY-5677,INV-5788,2025-08-06,684420.57,6176.75
PAY-5836,INV-5950,13-07-2025,484405.80,14849.30
PAY-6731,INV-6843,2025-12-24,118062.62,0.00
PAY-5500,INV-5606,2026-02-13,220313.07,0.00
PAY-1844,INV-1857,2025-06-29,1694804.65,0.00
PAY-5962,INV-6075,2026-11-19,,27921.61
PAY-4095,INV-4164,2025-11-25,292233.12,4080.34
PAY-2736,INV-2753,2025-10-11,998925.93,0.00
PAY-3905,INV-3970,2026-06-07,1657067.43,
PAY-6622,INV-6736,2027-01-07,1273490.53,0.00
PAY-6445,INV-6565,2026-03-16,244045.04,0.00
PAY-1728,INV-1739,10-08-2026,968886.62,0.00
PAY-6352,INV-6463,2026-04-27,1698276.23,0.00
PAY-1841,INV-1855,,,25085.02
PAY-5589,INV-5693,2025-12-02,1566926.37,0.00
PAY-7436,INV-9351,2026-11-16,259768.54,0.00
PAY-2140,INV-2161,2026-08-12,363612.46,11644.85
PAY-2884,INV-2912,2026-01-01,22538.31,2337.29
PAY-4040,INV-4104,2026-12-18,118170.21,0.00
PAY-6339,INV-6450,2025-08-09,859143.84,
PAY-2343,INV-2368,2026-11-09,240742.11,1556.50
PAY-5844,INV-5957,2025-08-18,1372383.35,66763.61
PAY-6334,INV-6446,2026-09-03,,0.00
PAY-6220,INV-6335,2026-08-22,1982961.79,0.00
PAY-6243,INV-6358,2025-11-18,258582.51,0.00
PAY-7218,INV-7346,2026-12-06,1260780.49,0.00
PAY-1722,INV-1734,2025-12-03,530316.47,0.00
PAY-7435,INV-9325,2025-10-24,319175.01,0.00
PAY-2588,INV-2606,2026-10-24,246598.18,0.00
PAY-3861,INV-3924,2026-08-16,936584.80,0.00
PAY-6613,INV-6727,2026-01-29,987831.06,0.00
PAY-6518,INV-6639,2025-07-15,912142.71,0.00
PAY-3752,INV-3814,2026-03-17,722058.83,36138.91
PAY-3110,INV-3147,2025-12-10,419280.31,15573.32
PAY-1254,INV-1262,2026-01-17,902421.87,46520.90
PAY-2820,INV-2848,2025-02-30,865442.10,28552.55
PAY-5362,INV-5469,31-07-2025,303202.27,0.00
PAY-6843,INV-6961,2025-10-17,569837.66,43660.58
PAY-1201,INV-1207,2025-06-10,134470.41,0.00
PAY-6631,INV-6746,2026-04-07,1853422.87,0.00
PAY-6355,INV-6469,2026-05-13,748302.55,0.00
PAY-3098,INV-3134,09-01-2026,-688814.11,40413.15
PAY-3815,INV-3880,2026-11-30,1521482.01,33314.50
PAY-4949,INV-5037,2026-04-17,464965.52,13138.68
PAY-2756,INV-2771,2025-07-17,-1819712.51,52570.15
PAY-4730,INV-4810,2025-12-24,,58261.63
PAY-1243,INV-1251,2026-05-25,180360.52,2579.53
PAY-5259,INV-5363,,614431.66,0.00
PAY-3871,INV-3937,2025-06-22,96488.18,0.00
PAY-7196,INV-7321,2025-07-31,848299.65,0.00
PAY-4405,INV-4481,2026-04-01,236649.40,0.00
PAY-4537,INV-4626,2025-11-20,,21727.08
PAY-5105,INV-5208,2026-04-12,591395.30,14525.28
PAY-6836,INV-6949,2026-01-05,363923.31,0.00
PAY-3839,INV-3902,2025-06-20,1173346.77,43026.59
PAY-5609,INV-5712,2026-10-14,836991.10,66557.84
PAY-2450,INV-2466,2025-12-08,1029297.46,0.00
PAY-7075,INV-7195,,467553.92,4324.51
PAY-4143,INV-4216,2026-09-29,698528.56,6827.23
PAY-5655,INV-5760,2025-10-15,195990.58,0.00
PAY-3360,INV-3422,2025-06-18,1111580.25,0.00
PAY-1075,INV-1078,2025-09-08,124752.53,0.00
PAY-3967,INV-4029,2026-11-02,1417333.37,17240.22
PAY-2925,INV-2957,2026-01-11,1169858.61,8306.90
PAY-1439,INV-1452,2026-12-04,777706.71,0.00
PAY-3679,INV-3737,2025-07-21,1592336.80,
PAY-4284,INV-4361,2025-12-06,156670.01,0.00
PAY-2695,INV-2715,2025-08-29,69882.61,1913.58
PAY-3263,INV-3323,2026-02-21,755048.08,0.00
PAY-1598,INV-1611,2025-07-29,1274273.50,0.00
PAY-6067,INV-6180,2026-02-27,824900.40,0.00
PAY-4927,INV-5014,2025-07-16,732003.25,0.00
PAY-6241,INV-6356,2026-09-06,755444.99,13523.50
PAY-5833,INV-5947,2025-10-26,1159870.22,0.00
PAY-2445,INV-2463,2026-09-04,317165.95,31163.79
PAY-5244,INV-5350,2026-09-25,1726769.42,53616.62
PAY-6046,INV-6157,2025-07-11,1025933.25,0.00
PAY-1226,INV-1234,2026-04-08,451873.54,0.00
PAY-6069,INV-6182,2025-07-09,495490.03,0.00
PAY-1064,INV-1066,2026-05-26,595555.99,
PAY-2056,INV-2077,2026-11-02,454696.19,0.00
PAY-5420,INV-5523,2026-06-12,1894242.39,0.00
PAY-1925,INV-1945,2025-12-26,1491677.66,39792.16
PAY-5245,INV-5351,2026-10-27,1384846.97,0.00
PAY-5719,INV-5829,2026-05-14,50576.34,5590.01
PAY-5954,INV-6068,2026-02-26,1096764.55,0.00
PAY-6745,INV-6859,2027-01-16,1238315.16,23074.84
PAY-4305,INV-4381,2025-10-13,1995200.34,0.00
PAY-3506,INV-3567,2026-09-17,1572277.07,0.00
PAY-2968,INV-3003,2026-02-24,1223847.29,0.00
PAY-4198,INV-4272,2026-03-23,457301.62,0.00
PAY-1449,INV-1462,2026-10-08,665049.52,0.00
PAY-4939,INV-5027,2025-10-06,727932.64,0.00
PAY-5738,INV-5852,2026-07-25,186747.24,9844.77
PAY-3183,INV-3244,2026-09-01,481144.18,0.00
PAY-3544,INV-3599,11-11-2025,392274.29,0.00
PAY-3921,INV-3983,2026-03-14,759373.14,0.00
PAY-2232,INV-2252,2025-10-25,332130.86,13077.72
PAY-2130,INV-2151,2026-08-29,429256.72,8030.11
PAY-1808,INV-1819,2026-08-11,54786.51,0.00
PAY-3597,INV-3659,2025-08-12,362230.86,0.00
PAY-5722,INV-5831,2026-09-08,909094.17,20292.05
PAY-3055,INV-3091,2025-09-09,424084.26,22222.47
PAY-4112,INV-4183,2026-06-17,1679825.23,81745.34
PAY-6723,INV-6837,2025-10-07,538392.96,0.00
PAY-5269,INV-5374,2026-01-10,1776292.43,0.00
PAY-6697,INV-6812,2025-07-26,364054.97,0.00
PAY-4912,INV-5003,2026-12-07,1820560.96,0.00
PAY-2845,INV-2874,2026-10-04,416820.99,0.00
PAY-5163,INV-5269,2026-06-21,903966.13,24616.45
PAY-6984,INV-7105,2026-11-23,896006.02,0.00
PAY-4574,INV-4661,2026-12-26,290819.85,14102.31
PAY-3865,INV-3928,2025-10-27,323439.85,0.00
PAY-3414,INV-3480,2027-01-21,1380389.93,0.00
PAY-3103,INV-3138,2025-08-18,1526057.73,67005.73
PAY-2254,INV-2278,2025-12-31,721315.93,2458.25
PAY-3983,INV-4049,2026-09-04,1362973.87,0.00
PAY-1377,INV-1388,2026-03-12,506777.19,1656.71
PAY-5816,INV-5926,07-08-2026,1979802.89,0.00
PAY-3798,INV-3862,2026-05-09,1102740.43,0.00
PAY-1816,INV-1829,2026-09-03,1806380.51,0.00
PAY-4274,INV-4352,2026-12-25,88213.83,4052.93
PAY-4388,INV-4466,2025-08-31,698368.32,0.00
PAY-3349,INV-3408,,1874006.15,0.00
PAY-5921,INV-6034,2026-10-23,1049373.39,0.00
PAY-2426,INV-2448,2025-08-24,952900.64,25866.90
PAY-4363,INV-4440,2025-09-23,711730.32,12888.90
PAY-7198,INV-7324,2026-11-17,1622062.09,0.00
PAY-6147,INV-6257,2025-12-31,166742.93,0.00
PAY-4865,INV-4957,2026-03-03,1444266.74,0.00
PAY-2580,INV-2597,2026-09-27,1208175.41,0.00
PAY-1208,INV-1215,2025-09-26,140749.58,5664.83
PAY-6338,INV-6450,2025-08-15,668100.09,0.00
PAY-6818,INV-6932,2026-05-29,1496828.37,0.00
PAY-3663,INV-3721,2026-07-13,71208.76,0.00
PAY-3810,INV-3874,2025-06-21,1378070.49,0.00
PAY-6964,INV-7087,2026-01-24,1647322.66,10514.85
PAY-2669,INV-2689,,,66548.88
PAY-4279,INV-4356,2026-07-17,943522.84,0.00
PAY-5968,INV-6081,2026-03-08,850311.96,0.00
PAY-5683,INV-5794,2026-03-24,1445287.75,0.00
PAY-3513,INV-3573,2026-03-15,288318.63,0.00
PAY-2293,INV-2317,2025-07-03,805030.98,1960.15
PAY-6068,INV-6181,2026-08-23,1475579.91,0.00
PAY-3096,INV-3132,2025-12-09,587181.25,0.00
PAY-2823,INV-2850,2026-09-07,186185.19,7955.57
PAY-3724,INV-3786,2025-08-13,690356.80,35818.82
PAY-3555,INV-3610,2026-10-25,118754.27,3770.08
PAY-2604,INV-2621,2025-07-31,108439.45,0.00
PAY-4022,INV-4088,2026-06-30,967161.65,0.00
PAY-1517,INV-1524,2026-12-07,982322.34,0.00
PAY-2057,INV-2078,2026-02-30,979123.61,0.00
PAY-3144,INV-3195,2026-02-30,414111.65,0.00
PAY-3340,INV-3399,2025-12-31,261016.09,0.00
PAY-3429,INV-3494,2026-06-26,1642456.52,0.00
PAY-5189,INV-5294,2025-11-19,899985.99,0.00
PAY-3826,INV-3890,22-07-2025,1602676.84,0.00
PAY-4680,INV-4762,2025-07-09,71987.19,3729.42
PAY-1104,INV-1108,2025-11-09,269781.90,0.00
PAY-2288,INV-2313,2025-08-23,863441.83,17747.09
PAY-2206,INV-2227,2026-05-20,125508.27,0.00
PAY-5348,INV-5457,2026-05-11,1249658.69,0.00
PAY-4620,INV-4709,2026-11-20,355799.87,0.00
PAY-1347,INV-1357,2025-12-07,1047176.74,8137.69
PAY-1629,INV-1645,2026-03-17,940808.80,14456.06
PAY-6341,INV-6452,2026-06-08,13430.51,0.00
PAY-6401,INV-6515,2026-04-19,60549.79,0.00
PAY-6364,INV-6477,2025-11-06,729136.04,0.00
PAY-4961,INV-5051,2025-06-10,697606.05,0.00
PAY-3676,INV-3734,2026-06-25,71006.54,0.00
PAY-7355,INV-7476,2025-08-03,1327485.26,45612.14
PAY-3837,INV-3900,2026-02-06,446279.87,20645.93
PAY-5812,INV-5922,2026-12-25,687953.62,0.00
PAY-1760,INV-1770,2026-08-10,421602.20,11334.35
PAY-1696,INV-1710,2025-11-20,149088.76,0.00
PAY-2327,INV-2351,2026-06-09,1953433.15,45942.29
PAY-3830,INV-3893,2025-08-15,1075107.98,15226.31
PAY-3343,INV-3402,2026-11-25,1179291.22,44967.04
PAY-3187,INV-3249,2026-08-06,399657.95,0.00
PAY-6317,INV-6427,2025-12-23,842201.60,0.00
PAY-5466,INV-5572,2026-07-10,1528219.38,28989.19
PAY-3538,INV-3593,2025-07-06,1573421.56,0.00
PAY-2070,INV-2091,2026-10-05,1114152.66,57966.74
PAY-6546,INV-6666,2025-06-19,584738.89,0.00
PAY-4740,INV-4820,2025-10-07,857281.81,0.00
PAY-3427,INV-3492,2026-04-13,1445020.84,61741.38
PAY-4987,INV-5080,2026-12-19,1782140.99,0.00
PAY-3130,INV-3173,2026-05-23,850715.67,0.00
PAY-1361,INV-1372,2026-04-03,1653701.99,0.00
PAY-4866,INV-4958,2025-08-02,1828132.98,3706.44
PAY-5493,INV-5599,2025-12-25,875689.15,24515.52
PAY-3757,INV-3820,2026-05-06,1862723.52,0.00
PAY-5366,INV-5473,2026-11-17,411156.13,13979.08
PAY-6279,INV-6394,2025-08-03,1334623.93,0.00
PAY-2239,INV-2261,,1041167.71,50039.12
PAY-5076,INV-5180,2026-05-17,456242.50,3926.08
PAY-1935,INV-1958,2026-06-28,130933.02,0.00
PAY-6311,INV-6421,2026-12-21,889463.95,17237.55
PAY-7387,INV-9138,2026-10-26,23679.97,0.00
PAY-4838,INV-4928,2026-08-04,715956.10,9942.03
PAY-4717,INV-4797,2025-12-10,653746.89,0.00
PAY-4870,INV-4962,2026-04-16,1901392.52,0.00
PAY-4467,INV-4550,2026-08-08,1560136.80,0.00
PAY-4624,INV-4713,2025-09-03,1186251.33,52568.56
PAY-3578,INV-3642,2025-05-21,1558507.05,0.00
PAY-6870,INV-6984,2025-12-22,1159999.65,0.00
PAY-1674,INV-1688,,779437.41,0.00
PAY-3859,INV-3922,2026-11-29,1288968.79,0.00
PAY-4979,INV-5072,2025-07-29,323749.50,15464.93
PAY-3044,INV-3079,2026-02-24,408587.53,
PAY-6715,INV-6827,2026-04-26,443766.74,5890.82
PAY-7043,INV-7167,2025-11-26,531506.98,0.00
PAY-3373,INV-3437,2026-03-10,1221778.84,0.00
PAY-3404,INV-3471,2025-02-30,574594.17,-959.82
PAY-3039,INV-3072,2026-03-22,1059944.12,37288.22
PAY-5214,INV-5320,2026-11-23,256124.73,0.00
PAY-6098,INV-6208,2027-01-15,254408.17,5866.16
PAY-2241,INV-2262,2026-07-26,1276101.99,0.00
PAY-5241,INV-5347,2025-08-04,306699.42,0.00
PAY-6905,INV-7027,2025-10-09,124372.17,5390.29
PAY-7141,INV-7263,2026-02-16,807899.67,0.00
PAY-7125,INV-7244,2026-05-11,65803.02,2624.28
PAY-5400,INV-5507,2026-10-03,543419.90,3375.84
PAY-6798,INV-6910,2026-04-05,1740883.80,0.00
PAY-2225,INV-2245,2026-04-08,430125.61,21230.56
PAY-7398,INV-9489,2026-10-05,146913.61,0.00
PAY-6558,INV-6675,2026-07-18,747102.57,3585.23
PAY-1732,INV-1742,,137788.72,5858.85
PAY-4164,INV-4240,2025-09-06,1392027.70,0.00
PAY-6045,INV-6156,,253580.59,3067.32
PAY-4626,INV-4717,2025-11-22,1337881.01,12549.46
PAY-5295,INV-5401,2025-05-31,255706.83,0.00
PAY-6319,INV-6429,2025-11-27,73549.11,2346.67
PAY-3242,INV-3302,2026-04-09,912686.66,
PAY-6484,INV-6606,2026-06-19,1722436.80,28378.55
PAY-3111,INV-3148,2026-08-30,503108.84,0.00
PAY-3123,INV-3164,2026-02-18,583157.16,14501.55
PAY-7362,INV-7484,2026-02-07,1915191.80,0.00
PAY-4448,INV-4529,2026-04-04,1397780.67,0.00
PAY-3915,INV-3979,2025-08-05,317555.26,0.00
PAY-1993,INV-2020,2025-12-26,1226247.07,0.00
PAY-1620,INV-1633,2025-09-11,1749771.04,0.00
PAY-4010,INV-4076,2026-04-19,1127468.88,26169.65
PAY-2537,INV-2555,2026-06-15,,10866.09
PAY-2237,INV-2258,2026-11-27,,19447.23
PAY-7321,INV-7445,2026-06-22,134355.44,5347.73
PAY-6523,INV-6643,2026-01-25,1929405.41,0.00
PAY-4993,INV-5087,2025-09-20,494384.88,5582.89
PAY-3704,INV-3764,2026-08-01,1024933.07,0.00
PAY-4443,INV-4522,2025-09-10,1687720.60,0.00
PAY-5869,INV-5983,2025-09-13,611140.56,0.00
PAY-1885,INV-1905,2026-08-29,988231.82,2955.13
PAY-2645,INV-2665,2025-09-03,1989637.88,0.00
PAY-4078,INV-4145,2026-04-27,1210160.56,27127.82
PAY-6632,INV-6747,2026-06-18,598741.09,
PAY-2744,INV-2759,2026-07-09,625923.24,10622.49
PAY-6252,INV-6366,2025-07-03,560003.26,0.00
PAY-2564,INV-2583,2026-10-04,1729738.48,0.00
PAY-2986,INV-3018,2027-02-08,1635165.95,0.00
PAY-1767,INV-1779,2025-11-23,407691.92,54936.73
PAY-2086,INV-2103,2025-10-10,978501.77,1480.38
PAY-6692,INV-6807,2026-01-19,1375857.18,0.00
PAY-4318,INV-4394,2026-11-18,1322737.95,0.00
PAY-4922,INV-5011,2025-12-15,50690.95,1204.36
PAY-5202,INV-5307,2026-09-08,829943.09,74766.98
PAY-3919,INV-3982,2026-08-26,695447.28,0.00
PAY-3691,INV-3750,2026-03-07,432000.50,0.00
PAY-1101,INV-1103,2026-10-10,186156.72,0.00
PAY-6960,INV-7082,2026-10-19,594984.92,0.00
PAY-5496,INV-5603,2026-01-12,34547.92,134.70
PAY-5012,INV-5105,2026-02-17,954344.14,0.00
PAY-6437,INV-6556,2026-02-27,1693080.66,0.00
PAY-2299,INV-2325,2025-10-09,1861112.46,97257.89
PAY-5792,INV-5903,2026-08-26,1379418.60,0.00
PAY-2665,INV-2685,2026-11-02,41705.78,0.00
PAY-3381,INV-3446,2026-03-22,1885285.81,0.00
PAY-1793,INV-1808,2025-08-21,1492101.09,0.00
PAY-2875,INV-2904,2025-12-30,1165973.78,15023.68
PAY-5315,INV-5421,2026-05-29,1373476.00,53933.93
PAY-4133,INV-4203,2026-03-18,361328.70,17006.75
PAY-2708,INV-2725,2025-11-18,180811.83,0.00
PAY-5391,INV-5499,2025-12-14,1121622.23,0.00
PAY-4066,INV-4130,2026-07-15,125039.72,0.00
PAY-2331,INV-2357,2026-05-20,873181.82,0.00
PAY-2085,INV-2102,2026-05-25,234508.33,0.00
PAY-3275,INV-3337,2025-10-18,626441.43,0.00
PAY-1374,INV-1386,2026-06-15,809488.11,37732.24
PAY-6433,INV-6549,2026-02-06,1657962.56,0.00
PAY-4835,INV-4924,2026-12-01,1705961.28,0.00
PAY-4370,INV-4446,2026-05-14,193020.67,3937.47
PAY-3834,INV-3897,2025-09-11,544511.60,0.00
PAY-6526,INV-6646,2025-07-24,1183777.28,0.00
PAY-5285,INV-5388,2026-10-02,185483.35,5770.80
PAY-7002,INV-7124,2025-12-10,811727.19,23869.38
PAY-5636,INV-5741,2026-04-19,1313086.41,65493.73
PAY-3080,INV-3118,2025-12-20,1963783.31,0.00
PAY-5725,INV-5833,2026-07-27,621625.37,-989.57
PAY-3115,INV-3155,2025-06-14,1420566.19,0.00
PAY-1556,INV-1566,2026-05-25,1327932.43,0.00
PAY-2675,INV-2695,2027-01-08,322964.37,0.00
PAY-1012,INV-1011,2025-10-22,191879.62,0.00
PAY-1973,INV-1997,2026-09-08,1032850.52,0.00
PAY-5230,INV-5335,2026-05-23,313581.39,0.00
PAY-6354,INV-6468,2025-11-22,717074.82,6221.46
PAY-4296,INV-4373,09-01-2027,493243.07,0.00
PAY-6277,INV-6392,2026-05-12,475229.44,0.00
PAY-1112,INV-1117,2025-10-04,1954718.96,0.00
PAY-4610,INV-4698,2025-07-31,1537908.69,32350.59
PAY-3320,INV-3382,2026-04-15,84427.14,574.16
PAY-2431,INV-2453,2025-10-19,383340.55,26711.39
PAY-6957,INV-7079,2025-09-15,190553.17,0.00
PAY-1468,INV-1479,2026-10-10,138483.39,4067.52
PAY-6468,INV-6589,06-11-2025,783581.68,0.00
PAY-4507,INV-4590,2026-06-22,1136906.94,0.00
PAY-3045,INV-3080,2025-11-14,372675.30,11660.67
PAY-1007,INV-1008,2025-09-03,-353606.56,17908.39
PAY-3328,INV-3388,2026-09-07,885027.05,28387.77
PAY-1846,INV-1859,2026-09-06,1778651.32,55472.52
PAY-4854,INV-4944,2027-01-31,1329411.34,0.00
PAY-4190,INV-4267,2025-09-20,332404.95,7865.31
PAY-4261,INV-4338,2026-03-12,1376418.10,0.00
PAY-1559,INV-1568,2026-06-24,111578.99,2177.65
PAY-5700,INV-5808,2026-03-02,586412.91,19377.97
PAY-1659,INV-1674,2025-09-12,276746.02,0.00
PAY-1907,INV-1928,2025-08-05,451837.25,6460.84
PAY-3678,INV-3736,2026-09-29,300152.04,0.00
PAY-4288,INV-4366,2025-12-12,859798.80,0.00
PAY-6880,INV-6995,2025-12-18,836293.16,0.00
PAY-4433,INV-4511,2026-06-23,1448307.98,0.00
PAY-3254,INV-3315,2025-08-01,1490576.21,58549.14
PAY-6415,INV-6531,2026-12-22,1822062.10,0.00
PAY-1534,INV-1539,2026-02-03,328508.10,0.00
PAY-6989,INV-7110,2026-10-22,1764149.34,0.00
PAY-5186,INV-5290,2026-01-02,1772806.04,0.00
PAY-6946,INV-7067,2025-11-26,1424491.85,0.00
PAY-3703,INV-3763,2026-01-29,100063.92,0.00
PAY-1328,INV-1339,2025-11-20,1642553.31,0.00
PAY-7365,INV-7487,,,4000.63
PAY-3434,INV-3499,2026-02-18,358680.83,6942.63
PAY-4970,INV-5060,2025-06-30,383962.97,
PAY-4472,INV-4555,2025-10-20,707918.51,0.00
PAY-6163,INV-6272,2025-07-25,1543576.29,11574.78
PAY-3746,INV-3808,2025-07-26,635201.47,21491.43
PAY-1920,INV-1940,2026-07-05,678605.06,0.00
PAY-1748,INV-1760,2026-10-26,777475.06,0.00
PAY-1690,INV-1703,2025-12-22,752850.64,0.00
PAY-6170,INV-6280,2026-03-14,640977.35,0.00
PAY-2119,INV-2139,2025-12-08,858490.94,0.00
PAY-4360,INV-4437,2026-04-18,946490.55,0.00
PAY-2024,INV-2053,2026-05-16,847327.11,36371.92
PAY-5531,INV-5637,2025-10-11,573356.38,0.00
PAY-1900,INV-1919,2026-02-09,132572.14,0.00
PAY-4156,INV-4231,2026-12-03,1964828.12,28820.38
PAY-2005,INV-2033,2026-10-30,969592.75,0.00
PAY-1437,INV-1450,2025-05-17,206511.39,4725.48
PAY-5278,INV-5383,2026-07-18,1402315.50,0.00
PAY-7402,INV-9005,2026-10-10,105489.69,0.00
PAY-2887,INV-2914,2026-09-12,1476334.18,43322.01
PAY-2297,INV-2320,2026-01-07,783342.97,0.00
PAY-5277,INV-5382,2026-09-16,268045.28,0.00
PAY-4587,INV-4674,2026-08-08,1345595.64,57401.58
PAY-2707,INV-2724,2026-06-15,348745.26,0.00
PAY-5051,INV-5149,2026-01-29,1404631.97,0.00
PAY-7238,INV-7365,2026-01-14,586998.52,28563.49
PAY-3652,INV-3710,2026-07-05,562024.36,26653.67
PAY-7339,INV-7461,2025-09-11,882101.70,0.00
PAY-5182,INV-5287,2025-06-18,635358.58,0.00
PAY-5476,INV-5582,2026-04-08,1466180.31,9403.70
PAY-5967,INV-6080,2026-12-28,1743329.12,78579.29
PAY-2839,INV-2866,21-08-2026,42028.32,0.00
PAY-4145,INV-4219,2026-11-02,133600.58,20092.65
PAY-3530,INV-3586,2026-02-23,1034888.98,0.00
PAY-2498,INV-2514,2026-12-22,1550691.59,0.00
PAY-1868,INV-1884,2026-10-18,896696.08,0.00
PAY-5981,INV-6095,2026-02-16,233172.64,20684.03
PAY-5486,INV-5593,2026-02-20,1508607.97,0.00
PAY-2465,INV-2479,2026-12-18,979703.87,0.00
PAY-7297,INV-7420,2025-12-08,81822.70,0.00
PAY-1404,INV-1415,2025-12-09,1257648.74,27505.56
PAY-5297,INV-5402,2026-12-25,442344.86,0.00
PAY-2402,INV-2428,16-04-2026,1339957.51,4015.27
PAY-1100,INV-1102,2026-06-11,1115837.53,0.00
PAY-5386,INV-5493,2026-11-22,24012.83,0.00
PAY-4812,INV-4902,2026-02-27,796116.64,0.00
PAY-6839,INV-6957,2025-06-03,1032401.81,0.00
PAY-5471,INV-5577,2026-10-13,1795396.61,86323.39
PAY-6206,INV-6319,29-11-2026,1959324.77,0.00
PAY-6635,INV-6750,2025-10-23,1310337.97,
PAY-7341,INV-7463,2026-10-12,136999.80,1523.70
PAY-2936,INV-2966,2025-08-23,1203648.11,0.00
PAY-2499,INV-2515,2026-09-21,1032619.04,0.00
PAY-1246,INV-1255,2025-09-29,247480.90,0.00
PAY-1460,INV-1470,2027-02-01,513316.54,0.00
PAY-1198,INV-1203,2025-11-12,651293.79,59743.93
PAY-5691,INV-5801,14-03-2026,943542.16,0.00
PAY-1266,INV-1275,2026-09-28,642617.28,0.00
PAY-4564,INV-4652,2026-01-26,629025.48,0.00
PAY-4535,INV-4623,2025-08-15,850588.68,16456.80
PAY-6516,INV-6637,2026-10-29,807011.64,0.00
PAY-6042,INV-6154,2026-04-25,694609.03,5595.25
PAY-5411,INV-5515,2027-01-18,427285.80,0.00
PAY-3966,INV-4028,2026-04-25,319141.78,13373.48
PAY-1880,INV-1900,2026-08-19,,5509.37
PAY-4800,INV-4890,2026-05-03,514369.40,41419.04
PAY-6828,INV-6941,2025-10-12,715028.72,0.00
PAY-2012,INV-2042,2026-05-17,1408124.94,63226.37
PAY-2749,INV-2766,2026-01-21,494705.53,0.00
PAY-4168,INV-4243,2026-10-27,27729.21,0.00
PAY-5371,INV-5478,2025-09-19,1826073.52,6576.32
PAY-1809,INV-1820,31-07-2025,130502.67,0.00
PAY-1725,INV-1736,,696585.20,17817.21
PAY-2633,INV-2654,2026-06-12,634569.95,0.00
PAY-6606,INV-6721,2025-11-26,725232.80,0.00
PAY-1035,INV-1036,2026-01-06,1315176.91,0.00
PAY-3425,INV-3491,,250993.17,20924.30
PAY-6628,INV-6744,2026-09-04,366889.87,8708.53
PAY-1039,INV-1042,,1413095.24,68737.81
PAY-3603,INV-3664,2026-05-09,837398.18,20308.14
PAY-4852,INV-4943,2025-12-09,36036.24,1385.74
PAY-1084,INV-1086,2026-11-11,987219.60,0.00
PAY-2555,INV-2573,2025-09-20,730297.55,0.00
PAY-1831,INV-1845,2025-12-04,1013911.68,0.00
PAY-5582,INV-5686,2026-07-14,87192.60,0.00
PAY-3717,INV-3777,2026-06-18,169713.29,5804.11
PAY-5924,INV-6037,2026-10-12,1120260.06,0.00
PAY-2392,INV-2419,2026-10-17,1539112.67,55286.22
PAY-5208,INV-5312,2025-07-16,947812.95,0.00
PAY-2428,INV-2450,2025-11-03,414576.78,0.00
PAY-5559,INV-5664,2026-02-30,1151967.41,0.00
PAY-1273,INV-1282,2026-04-04,371701.95,0.00
PAY-6625,INV-6739,2026-10-22,1948668.42,8791.96
PAY-3027,INV-3062,2026-06-20,1364306.43,0.00
PAY-4527,INV-4612,2026-10-28,938084.68,0.00
PAY-2075,INV-2094,2025-12-14,367341.48,-19265.57
PAY-7116,INV-7235,,285671.20,
PAY-3497,INV-3561,2026-08-07,,0.00
PAY-2960,INV-2995,2026-11-26,1743868.49,0.00
PAY-2226,INV-2246,2026-06-24,918179.89,5182.93
PAY-6487,INV-6609,2025-10-06,48747.88,134.71
PAY-3725,INV-3787,,847055.51,0.00
PAY-3641,INV-3700,22-08-2026,404479.05,43593.85
PAY-1634,INV-1648,2027-01-17,,0.00
PAY-5412,INV-5515,2026-11-23,627611.96,0.00
PAY-2782,INV-2802,2026-07-04,683519.11,0.00
PAY-6705,INV-6818,2026-11-17,295710.15,41252.02
PAY-5528,INV-5635,2026-07-04,502661.66,22437.06
PAY-2266,INV-2289,2026-02-30,1232735.21,
PAY-4900,INV-4992,2026-03-07,1263106.04,15033.55
PAY-7324,INV-7448,2026-04-07,893694.17,0.00
PAY-6467,INV-6588,2025-11-15,479790.16,0.00
PAY-4259,INV-4336,2026-11-18,1770363.67,16932.32
PAY-2430,INV-2452,2026-03-30,1802612.82,21012.94
PAY-2289,INV-2314,18-09-2026,1329798.58,39307.95
PAY-1293,INV-1303,2026-02-01,1043961.47,35340.05
PAY-4917,INV-5007,2026-02-23,743330.67,
PAY-7006,INV-7128,2026-08-30,1017637.05,0.00
PAY-4503,INV-4586,2025-11-08,1344316.40,17932.02
PAY-4438,INV-4516,2026-01-08,370770.86,0.00
PAY-7013,INV-7138,2025-10-29,200136.34,2485.81
PAY-4075,INV-4142,2025-10-22,1413688.03,0.00
PAY-1410,INV-1421,2025-12-26,962813.48,0.00
PAY-5615,INV-5718,2026-01-18,,16852.01
PAY-2652,INV-2674,2026-03-22,647345.42,0.00
PAY-6290,INV-6405,2026-12-06,352422.83,0.00
PAY-6593,INV-6711,15-06-2026,199689.59,3153.30
PAY-6027,INV-6141,2025-09-12,1676062.04,0.00
PAY-3763,INV-3826,2025-08-23,1698162.29,0.00
PAY-5193,INV-5297,2026-09-08,799976.70,0.00
PAY-4955,INV-5043,2025-09-04,1036745.27,42083.00
PAY-6071,INV-6184,16-04-2026,224285.28,1254.73
PAY-3152,INV-3208,2025-08-03,1176103.08,0.00
PAY-6926,INV-7047,16-10-2025,885908.34,0.00
PAY-1676,INV-1690,2026-11-15,1501510.19,0.00
PAY-4287,INV-4365,2025-10-16,846665.02,0.00
PAY-2525,INV-2542,2025-05-15,952373.92,0.00
PAY-4446,INV-4526,2026-07-19,233336.07,0.00
PAY-2317,INV-2341,2026-05-09,509008.76,13484.70
PAY-5808,INV-5920,2026-08-02,451025.38,0.00
PAY-2453,INV-2468,2026-03-11,758131.87,19352.74
PAY-4072,INV-4137,2026-05-12,1488650.82,0.00
PAY-7233,INV-7360,2026-01-19,295283.07,0.00
PAY-2037,INV-2064,2026-02-13,952082.34,0.00
PAY-4470,INV-4553,2025-09-30,1922547.36,0.00
PAY-5404,INV-5510,2025-12-18,37319.66,0.00
PAY-6729,INV-6842,2026-05-20,1491168.95,0.00
PAY-3744,INV-3806,2025-11-16,1683596.88,0.00
PAY-2641,INV-2662,2026-07-06,1587986.33,70213.38
PAY-6877,INV-6991,2025-07-18,382959.98,16504.25
PAY-7004,INV-7126,2026-05-06,749987.06,
PAY-1519,INV-1527,2026-07-20,725608.06,7179.25
PAY-3519,INV-3577,2026-02-09,607792.85,0.00
PAY-5913,INV-6027,21-03-2026,423492.29,0.00
PAY-3302,INV-3366,03-05-2026,959518.94,0.00
PAY-2660,INV-2680,2026-09-17,140625.11,4405.33
PAY-3074,INV-3110,2026-03-10,1078403.50,0.00
PAY-3984,INV-4050,2025-12-21,270148.70,1737.25
PAY-1370,INV-1382,2026-03-23,197669.22,6428.67
PAY-6165,INV-6274,2026-12-30,1348064.49,0.00
PAY-3962,INV-4024,2026-07-28,200345.84,0.00
PAY-6084,INV-6198,2025-11-27,379850.80,0.00
PAY-7086,INV-7206,2025-11-13,1483081.43,0.00
PAY-3479,INV-3544,2025-12-21,1141148.22,0.00
PAY-4163,INV-4239,2026-07-14,1256791.03,63262.99
PAY-6032,INV-6145,22-01-2026,669362.11,0.00
PAY-1032,INV-1031,2026-04-01,726585.73,0.00
PAY-7096,INV-7215,2026-06-04,819565.79,0.00
PAY-1706,INV-1720,2025-05-28,1422379.05,53688.72
PAY-6995,INV-7117,2025-12-15,1502961.06,0.00
PAY-5152,INV-5256,2025-12-23,1881492.76,0.00
PAY-4416,INV-4494,2027-01-25,477603.04,0.00
PAY-5441,INV-5548,2026-11-28,336466.94,17039.47
PAY-3298,INV-3363,2026-05-17,51806.96,0.00
PAY-6804,INV-6917,2025-10-28,403565.32,2136.06
PAY-3827,INV-3891,2025-12-14,101658.18,0.00
PAY-6691,INV-6805,2026-10-24,1155752.94,
PAY-1662,INV-1677,2026-02-26,630888.94,0.00
PAY-4799,INV-4889,2026-06-23,1438414.39,0.00
PAY-1589,INV-1602,2025-10-13,664379.13,0.00
PAY-1704,INV-1718,2026-02-30,594897.18,0.00
PAY-1123,INV-1130,2026-03-10,1977863.57,0.00
PAY-4641,INV-4731,2026-06-21,1559130.00,
PAY-2228,INV-2248,2025-10-01,644636.00,0.00
PAY-3464,INV-3528,30-08-2026,694561.50,0.00
PAY-7304,INV-7428,2026-08-28,1332148.00,0.00
PAY-4867,INV-4959,09-11-2025,1670148.75,0.00
PAY-3095,INV-3131,2026-07-21,1640230.81,40388.68
PAY-7164,INV-7287,2026-03-23,1937433.25,0.00
PAY-7107,INV-7228,2026-02-30,700267.26,19269.59
PAY-5350,INV-5459,2025-08-21,1583490.48,0.00
PAY-4061,INV-4126,2025-09-20,486232.24,0.00
PAY-6906,INV-7028,2025-09-15,1505167.89,21882.05
PAY-6963,INV-7086,2025-11-15,1973588.62,0.00
PAY-3520,INV-3577,2026-02-09,504570.70,
PAY-2798,INV-2818,2026-03-19,780077.65,0.00
PAY-1946,INV-1967,2026-02-18,527689.78,8145.07
PAY-3715,INV-3774,2026-09-29,,0.00
PAY-1500,INV-1509,2026-08-17,368607.80,0.00
PAY-1385,INV-1396,2026-07-29,1152775.79,0.00
PAY-5325,INV-5430,,563956.50,0.00
PAY-2664,INV-2683,2027-01-08,1320710.64,27123.18
PAY-1578,INV-1591,2026-07-11,1211620.12,25901.78
PAY-7082,INV-7202,2025-12-05,802772.91,0.00
PAY-3249,INV-3310,18-10-2025,1691037.54,0.00
PAY-7470,INV-9095,2025-08-19,146351.95,0.00
PAY-3051,INV-3087,2025-07-28,137231.54,0.00
PAY-4591,INV-4678,05-12-2026,336353.04,0.00
PAY-3886,INV-3951,2027-01-04,484596.88,0.00
PAY-1807,INV-1818,2025-11-12,487789.33,0.00
PAY-6328,INV-6440,2025-06-10,1625320.26,8925.58
PAY-5135,INV-5239,2025-07-22,121690.69,3737.72
PAY-5266,INV-5371,02-04-2026,1500817.11,0.00
PAY-5543,INV-5648,2026-09-26,1008506.87,42217.22
PAY-2165,INV-2185,2026-09-30,890119.91,0.00
PAY-2517,INV-2531,2025-10-10,1264435.50,0.00
PAY-3605,INV-3667,2025-05-17,427323.45,0.00
PAY-1225,INV-1233,2026-11-06,1311682.98,0.00
PAY-3583,INV-3646,2025-10-08,268557.08,0.00
PAY-3253,INV-3314,2026-04-09,316617.98,0.00
PAY-3611,INV-3673,30-06-2026,289066.15,0.00
PAY-4487,INV-4568,2025-12-18,17946.61,214.20
PAY-6298,INV-6411,2026-05-12,1098695.73,-3081.71
PAY-4402,INV-4479,2025-12-25,154444.19,4634.72
PAY-7077,INV-7197,2027-01-30,1808274.60,54188.47
PAY-1538,INV-1541,2026-01-15,504627.12,0.00
PAY-1729,INV-1740,2026-02-23,808593.16,31784.55
PAY-6208,INV-6322,2025-10-11,328978.99,0.00
PAY-6494,INV-6616,2026-02-14,738761.33,4224.72
PAY-5660,INV-5768,09-04-2026,1328828.92,0.00
PAY-5856,INV-5969,08-11-2026,952734.60,0.00
PAY-4517,INV-4600,2026-03-18,30707.35,450.09
PAY-1275,INV-1284,2026-07-21,286314.44,0.00
PAY-3460,INV-3525,2026-05-16,675870.98,0.00
PAY-2460,INV-2473,2025-07-11,466719.72,0.00
PAY-3857,INV-3920,2026-06-30,910495.31,
PAY-3658,INV-3715,2025-11-26,512237.71,0.00
PAY-1829,INV-1843,2025-09-04,1921799.90,0.00
PAY-1749,INV-1761,2025-07-30,592890.01,26974.58
PAY-5398,INV-5506,2025-05-20,259291.35,8617.65
PAY-6282,INV-6397,,547312.36,0.00
PAY-3779,INV-3843,2025-08-09,706655.41,8134.10
PAY-2657,INV-2678,2025-09-30,833637.42,32864.86
PAY-5403,INV-5510,2026-01-31,42642.87,0.00
PAY-3600,INV-3661,2026-03-20,171837.55,
PAY-5925,INV-6038,,1523218.69,60182.18
PAY-6646,INV-6761,2026-06-23,308084.30,0.00
PAY-4946,INV-5034,2025-09-13,540165.78,0.00
PAY-6657,INV-6772,2026-05-31,112102.92,0.00
PAY-7216,INV-7344,27-12-2026,457538.66,3344.36
PAY-2680,INV-2699,2026-01-03,819584.77,0.00
PAY-4142,INV-4214,2026-10-27,598732.36,27620.51
PAY-1783,INV-1793,2025-07-03,1141092.34,0.00
PAY-2578,INV-2595,31-08-2025,1041319.38,0.00
PAY-5909,INV-6024,2026-05-24,880172.12,0.00
PAY-3191,INV-3252,2026-09-24,154318.36,3412.78
PAY-4204,INV-4279,2026-11-15,834556.96,0.00
PAY-3832,INV-3895,2025-11-26,1541858.12,0.00
PAY-5319,INV-5424,2026-11-04,502964.70,263.07
PAY-2624,INV-2646,2026-02-12,1912708.28,59914.64
PAY-4414,INV-4491,2025-09-24,302917.97,0.00
PAY-3001,INV-3034,2025-07-10,1071596.47,
PAY-3454,INV-3520,2025-10-27,1293250.63,21870.94
PAY-2980,INV-3012,2026-12-02,1470968.57,0.00
PAY-1539,INV-1545,2026-06-17,449594.21,6719.08
PAY-5060,INV-5160,2026-12-01,169054.23,0.00
PAY-2906,INV-2936,2025-07-17,1116876.89,0.00
PAY-1669,INV-1683,2025-12-03,1935057.38,0.00
PAY-4202,INV-4276,2026-08-24,1387992.42,0.00
PAY-5324,INV-5430,2025-11-09,662888.92,9063.26
PAY-2261,INV-2282,2025-06-20,1037132.76,0.00
PAY-7018,INV-7143,2025-12-16,290798.56,0.00
PAY-3518,INV-3576,2025-09-03,203505.06,0.00
PAY-2412,INV-2437,2025-10-02,741400.70,4011.59
PAY-2582,INV-2600,2026-10-16,593395.39,0.00
PAY-3820,INV-3884,2026-02-11,1311917.00,12737.56
PAY-6327,INV-6439,2027-01-17,378994.14,4972.32
PAY-3891,INV-3957,2026-08-29,1447648.06,61710.00
PAY-5705,INV-5814,2026-05-05,450404.20,
PAY-5407,INV-5512,2026-03-21,49234.65,0.00
PAY-4228,INV-4306,02-05-2026,173665.84,4109.01
PAY-2101,INV-2119,2026-07-18,305373.47,13877.83
PAY-5593,INV-5696,,695331.14,0.00
PAY-4236,INV-4315,2025-02-30,1993099.13,3815.33
PAY-4861,INV-4952,2026-02-13,235131.96,7683.71
PAY-4595,INV-4683,2026-08-07,1854672.99,-34492.05
PAY-5995,INV-6107,2026-01-29,683612.74,0.00
PAY-4340,INV-4414,2025-12-21,1856244.15,0.00
PAY-7028,INV-7153,2025-11-21,588147.84,-589.77
PAY-1501,INV-1509,2026-07-07,187607.73,0.00
PAY-1985,INV-2012,2027-01-16,1002214.91,8758.51
PAY-4563,INV-4651,2026-05-28,,41707.57
PAY-5983,INV-6096,2025-06-27,119690.34,1929.27
PAY-3337,INV-3397,2025-12-28,645157.37,0.00
PAY-3986,INV-4054,2026-07-25,1885156.15,0.00
PAY-7426,INV-9201,2026-01-04,495033.59,0.00
PAY-5143,INV-5245,2026-05-30,855250.09,0.00
PAY-3161,INV-3219,2025-08-04,714208.14,0.00
PAY-1908,INV-1929,2026-01-28,557495.57,25717.19
PAY-3970,INV-4031,2025-08-22,1743603.88,84337.06
PAY-3782,INV-3846,2026-09-12,301395.04,0.00
PAY-3321,INV-3383,2026-06-01,508181.48,0.00
PAY-1087,INV-1089,2026-12-15,1029413.68,37071.47
PAY-4428,INV-4506,2026-09-03,1100343.94,0.00
PAY-6224,INV-6339,2026-09-27,1608177.91,0.00
PAY-4251,INV-4327,2026-03-26,1845633.36,0.00
PAY-7080,INV-7200,2025-09-25,1929906.50,0.00
PAY-1329,INV-1341,2025-09-26,231896.38,0.00
PAY-6408,INV-6525,2026-08-02,776572.75,0.00
PAY-6186,INV-6298,2025-07-21,453714.17,0.00
PAY-3355,INV-3416,2025-11-20,911538.39,0.00
PAY-1958,INV-1983,2025-12-28,649648.97,0.00
PAY-4498,INV-4580,2026-11-22,1619528.06,0.00
PAY-3495,INV-3560,2025-08-26,519115.56,0.00
PAY-6985,INV-7106,2025-09-30,597545.13,0.00
PAY-4024,INV-4089,2026-12-14,702250.52,0.00
PAY-5096,INV-5199,2026-10-03,1573468.61,61652.73
PAY-2196,INV-2219,2026-05-28,1538079.02,56973.15
PAY-4608,INV-4696,2026-05-19,386684.40,0.00
PAY-7287,INV-7411,2026-11-19,1980443.06,6432.71
PAY-1650,INV-1665,2025-11-11,185101.43,0.00
PAY-5852,INV-5965,2026-07-06,494452.00,16290.96
PAY-7247,INV-7373,2026-07-09,79664.94,3569.80
PAY-3056,INV-3092,18-10-2026,117578.97,5953.81
PAY-4504,INV-4587,,1116663.18,0.00
PAY-3329,INV-3388,2026-11-02,,0.00
PAY-3333,INV-3392,28-07-2025,530173.10,0.00
PAY-3078,INV-3116,2025-11-01,944854.94,0.00
PAY-5443,INV-5550,2026-01-22,1463681.84,0.00
PAY-4770,INV-4855,10-03-2026,1495187.03,0.00
PAY-7092,INV-7212,2025-10-24,,
PAY-6167,INV-6276,2025-08-15,301377.43,978.80
PAY-5663,INV-5771,2027-01-31,675844.37,0.00
PAY-1572,INV-1583,2026-12-18,1470295.04,20609.48
PAY-2618,INV-2639,2026-07-05,1719443.93,0.00
PAY-1497,INV-1506,2027-02-02,571008.16,26926.78
PAY-6471,INV-6593,,527607.32,14524.87
PAY-5608,INV-5710,2027-01-02,1547429.33,0.00
PAY-2629,INV-2650,2026-02-09,331219.83,0.00
PAY-1471,INV-1483,2026-06-17,121710.53,5294.32
PAY-3529,INV-3585,,627166.05,4578.22
PAY-1812,INV-1822,29-10-2026,404084.93,1423.56
PAY-5537,INV-5642,2026-06-03,565231.68,0.00
PAY-4844,INV-4933,2025-10-13,411417.56,0.00
PAY-2670,INV-2690,2025-07-16,1721282.19,24771.93
PAY-4681,INV-4763,2026-06-20,663143.78,15856.89
PAY-7263,INV-7389,2025-12-18,185005.62,0.00
PAY-5652,INV-5757,2026-05-17,351973.50,5.20
PAY-3050,INV-3086,2026-08-15,1957702.74,0.00
PAY-4969,INV-5060,2025-05-28,287406.85,0.00
PAY-6686,INV-6802,05-10-2025,406101.00,0.00
PAY-3034,INV-3068,2025-07-31,1880778.73,0.00
PAY-7189,INV-7314,2026-03-12,1168705.01,18982.29
PAY-3188,INV-3250,2026-03-13,206141.30,0.00
PAY-1496,INV-1506,2027-02-07,430267.23,35587.74
PAY-6956,INV-7078,2026-09-04,1551577.38,0.00
PAY-5806,INV-5918,2025-10-13,228830.62,2915.26
PAY-5425,INV-5527,2026-10-06,1094598.12,0.00
PAY-7275,INV-7401,2026-01-04,919947.37,85758.52
PAY-5861,INV-5974,2025-12-26,527207.81,55290.40
PAY-7448,INV-9179,2026-12-07,60781.16,0.00
PAY-6757,INV-6868,2026-12-01,,879.13
PAY-5045,INV-5141,2026-09-03,1092401.02,0.00
PAY-4124,INV-4191,2026-01-30,176113.88,3883.55
PAY-3893,INV-3959,2025-08-31,1131239.51,0.00
PAY-4628,INV-4720,04-04-2026,435850.49,20666.48
PAY-3358,INV-3419,2026-06-03,1624029.33,0.00
PAY-4600,INV-4687,2026-05-25,,6102.29
PAY-6582,INV-6700,2026-03-10,1658581.48,68658.84
PAY-5233,INV-5338,2026-11-12,1005572.09,0.00
PAY-4533,INV-4620,2025-12-05,608753.06,0.00
PAY-4765,INV-4851,04-12-2025,1308578.96,31505.63
PAY-6580,INV-6698,2025-10-31,867280.58,0.00
PAY-3534,INV-3589,2026-09-07,1115156.72,42804.33
PAY-6181,INV-6293,2026-06-12,736244.82,-49800.12
PAY-3205,INV-3266,2026-11-11,429664.90,0.00
PAY-7447,INV-9439,2026-06-11,452865.20,0.00
PAY-2223,INV-2243,09-06-2025,448627.72,7691.19
PAY-4560,INV-4649,2025-10-21,1761943.04,0.00
PAY-4907,INV-4999,2025-09-12,125615.07,0.00
PAY-5201,INV-5306,2026-04-13,1237807.68,0.00
PAY-7208,INV-7337,2026-10-12,1821236.39,0.00
PAY-4026,INV-4092,2025-12-31,563518.62,0.00
PAY-6474,INV-6596,2026-01-04,1303177.86,59526.21
PAY-3269,INV-3330,2026-01-26,1383962.37,0.00
PAY-1694,INV-1708,2026-11-26,1092879.27,35119.74
PAY-4948,INV-5036,2025-10-11,985450.38,0.00
PAY-3994,INV-4062,2026-03-28,492994.07,0.00
PAY-2647,INV-2667,2026-07-12,1623618.53,65475.24
PAY-7225,INV-7352,2026-01-24,591005.17,22855.07
PAY-1340,INV-1351,2025-09-01,1733954.30,34737.01
PAY-1871,INV-1887,2025-12-05,956401.85,0.00
PAY-6450,INV-6570,2025-12-05,310962.93,6375.17
PAY-6213,INV-6329,2026-10-27,178209.93,0.00
PAY-2493,INV-2509,2025-08-18,483507.63,0.00
PAY-2166,INV-2186,2025-06-07,189354.24,-403.90
PAY-4478,INV-4560,2025-07-27,605344.72,8802.78
PAY-6674,INV-6789,2026-04-05,423800.30,0.00
PAY-3587,INV-3648,2025-07-31,369366.93,0.00
PAY-3126,INV-3167,2026-09-01,628244.44,0.00
PAY-2659,INV-2680,2026-10-20,95854.79,349.65
PAY-5071,INV-5175,2026-01-10,384917.93,0.00
PAY-5169,INV-5276,2026-08-29,983213.51,0.00
PAY-6722,INV-6836,2026-11-15,77587.12,3100.30
PAY-3990,INV-4058,2026-11-26,714546.66,0.00
PAY-6041,INV-6153,2026-11-25,742207.69,34170.08
PAY-1971,INV-1995,2026-02-19,658076.66,23123.53
PAY-4539,INV-4629,2026-10-29,341057.66,15629.25
PAY-3936,INV-3999,2025-08-05,423177.23,0.00
PAY-6773,INV-6886,2026-05-31,877044.00,0.00
PAY-2776,INV-2796,2026-12-16,1307084.19,0.00
PAY-3525,INV-3582,2025-08-31,1106280.06,13548.11
PAY-1884,INV-1904,2025-08-25,1858802.63,63857.54
PAY-2833,INV-2859,2025-10-19,1037285.64,22496.16
PAY-3208,INV-3270,2026-10-04,458161.49,0.00
PAY-6672,INV-6787,2025-09-24,1535696.73,14625.54
PAY-6549,INV-6670,2025-08-28,353759.24,0.00
PAY-6253,INV-6367,2025-09-20,198432.39,3913.61
PAY-6805,INV-6918,2026-12-23,828025.14,6021.45
PAY-1219,INV-1226,2026-06-25,657406.41,0.00
PAY-4044,INV-4108,2027-01-12,1287795.60,5388.05
PAY-1963,INV-1988,2027-01-22,1163297.57,0.00
PAY-1348,INV-1358,2025-08-23,345411.02,0.00
PAY-2808,INV-2830,10-10-2026,458827.47,0.00
PAY-3138,INV-3188,2025-05-16,43684.95,0.00
PAY-4235,INV-4314,2026-08-09,83476.94,
PAY-6645,INV-6761,2026-07-26,504908.96,25506.30
PAY-2065,INV-2085,2025-10-11,734380.07,0.00
PAY-1611,INV-1625,2025-09-13,,0.00
PAY-4646,INV-4735,2025-10-25,1645248.75,0.00
PAY-3650,INV-3708,2025-10-27,865150.63,
PAY-7403,INV-9309,2026-04-30,49644.23,0.00
PAY-5460,INV-5567,,1768050.16,3661.15
PAY-4512,INV-4594,2026-03-08,778484.65,
PAY-5835,INV-5949,2026-04-19,65911.93,-456.75
PAY-3155,INV-3211,2026-11-06,734753.52,0.00
PAY-5950,INV-6062,2026-11-01,1654110.64,0.00
PAY-2796,INV-2816,2025-07-26,15851.17,0.00
PAY-4976,INV-5067,2026-10-07,1708121.91,
PAY-2213,INV-2234,06-06-2026,1040611.01,0.00
PAY-6238,INV-6354,2026-09-27,587875.75,0.00
PAY-1252,INV-1260,,1119511.23,21429.85
PAY-2592,INV-2611,2025-11-03,683389.34,20415.41
PAY-2574,INV-2592,2026-03-24,953025.01,36594.77
PAY-7179,INV-7303,2026-09-22,1470947.90,40878.98
PAY-7106,INV-7227,2026-10-03,1420265.44,0.00
PAY-1158,INV-1169,2026-05-09,455701.35,0.00
PAY-6145,INV-6255,2026-11-06,903914.30,0.00
PAY-1069,INV-1072,2026-09-06,1520534.58,48896.09
PAY-3930,INV-3991,2026-11-02,601105.91,1728.76
PAY-3768,INV-3834,2025-07-10,606241.63,0.00
PAY-6485,INV-6608,2027-01-16,130309.02,0.00
PAY-3876,INV-3941,2026-07-09,,0.00
PAY-6510,INV-6633,2026-01-09,411635.46,0.00
PAY-1077,INV-1080,2026-03-02,1062748.57,49796.56
PAY-3659,INV-3716,2026-05-06,847055.99,781.62
PAY-2690,INV-2711,2025-05-21,165376.12,25011.62
PAY-5577,INV-5681,2026-02-16,537506.52,0.00
PAY-5873,INV-5987,2025-08-19,1358996.15,0.00
PAY-2748,INV-2765,2026-11-29,1016161.48,0.00
PAY-5520,INV-5625,2025-10-03,1085540.53,0.00
PAY-6545,INV-6665,2026-03-26,1269063.87,40115.61
PAY-3019,INV-3055,2026-02-20,-727390.51,32885.82
PAY-7186,INV-7311,2026-02-01,1538909.57,27692.29
PAY-2786,INV-2807,2026-08-06,36038.91,
PAY-5130,INV-5233,2025-02-30,260644.22,0.00
PAY-4256,INV-4332,2026-08-21,1742886.40,0.00
PAY-5530,INV-5637,2025-10-23,812947.96,0.00
PAY-1461,INV-1472,2025-08-19,1084954.20,37785.74
PAY-3324,INV-3384,2026-10-09,804243.64,50649.72
PAY-2958,INV-2993,2026-06-22,460525.73,14390.45
PAY-2910,INV-2939,2026-05-17,953876.56,0.00
PAY-3649,INV-3707,2025-12-13,222122.71,0.00
PAY-1367,INV-1378,2025-11-20,776841.11,37209.15
PAY-2389,INV-2416,11-02-2026,1788899.12,0.00
PAY-3372,INV-3436,2026-12-21,1168231.73,56309.55
PAY-1874,INV-1893,2026-04-09,1495535.81,21914.20
PAY-4141,INV-4213,,1322477.07,15568.15
PAY-3636,INV-3695,2026-02-13,596575.60,0.00
PAY-3668,INV-3725,2026-06-10,380522.17,24814.07
PAY-5501,INV-5608,,,
PAY-4491,INV-4573,2025-10-05,1996388.48,0.00
PAY-2562,INV-2581,2026-06-25,750165.15,0.00
PAY-6521,INV-6641,2026-10-01,614712.94,5347.50
PAY-6678,INV-6795,2026-08-10,1048679.24,33478.54
PAY-2984,INV-3015,2026-11-08,609577.25,0.00
PAY-6511,INV-6633,2026-02-11,200788.01,22847.28
PAY-5973,INV-6085,2026-08-29,416649.08,0.00
PAY-6063,INV-6176,2026-11-17,927994.41,0.00
PAY-4189,INV-4265,2026-04-17,1415807.68,11216.18
PAY-6783,INV-6894,2026-12-10,198391.81,24995.29
PAY-1264,INV-1274,2026-10-24,38420.15,3218.66
PAY-6108,INV-6217,2025-08-07,58405.80,0.00
PAY-3278,INV-3340,2026-07-24,74038.13,0.00
PAY-3995,INV-4063,2026-08-08,144183.48,
PAY-2947,INV-2976,2026-08-14,,0.00
PAY-5374,INV-5482,2025-08-22,1350172.02,39506.82
PAY-1206,INV-1212,2025-12-15,79658.90,0.00
PAY-6500,INV-6624,2026-10-05,-620795.23,
PAY-5516,INV-5622,2026-04-29,1680042.86,0.00
PAY-4096,INV-4165,2026-03-29,1921923.77,0.00
PAY-5715,INV-5825,2026-03-20,319255.41,0.00
PAY-2885,INV-2913,2026-01-24,238519.98,28469.26
PAY-5917,INV-6031,2025-10-22,1260826.59,21837.80
PAY-2252,INV-2275,2026-02-21,430263.01,0.00
PAY-6845,INV-6962,2026-02-24,915607.04,4417.24
PAY-4032,INV-4097,2026-08-06,899424.54,0.00
PAY-7026,INV-7151,2026-01-22,1179062.74,0.00
PAY-5591,INV-5695,,1480646.77,19018.69
PAY-2242,INV-2263,2026-01-07,245146.20,5839.70
PAY-6802,INV-6915,2026-01-08,1143737.89,0.00
PAY-6493,INV-6615,2026-12-16,272848.04,8120.70
PAY-3838,INV-3901,2026-06-16,142476.20,2809.02
PAY-3710,INV-3770,2026-08-13,1733486.02,56606.42
PAY-5783,INV-5894,2026-04-24,898332.92,0.00
PAY-4098,INV-4167,2026-05-13,1961654.87,
PAY-2381,INV-2408,2025-07-02,166324.14,5113.47
PAY-4997,INV-5091,2026-04-25,153443.97,0.00
PAY-4657,INV-4746,2025-07-10,987324.48,0.00
PAY-6743,INV-6857,2026-12-16,1350158.59,0.00
PAY-3165,INV-3225,2026-04-06,572763.13,17564.31
PAY-5751,INV-5863,2026-02-18,409423.52,10126.37
PAY-2135,INV-2155,17-07-2025,480507.94,0.00
PAY-6173,INV-6283,2026-02-26,1703397.34,76952.48
PAY-3011,INV-3044,2025-05-17,1613176.73,0.00
PAY-4109,INV-4180,2026-01-05,1676268.23,0.00
PAY-4524,INV-4606,2026-11-17,47442.04,3167.56
PAY-7185,INV-7310,2026-03-14,1916483.72,0.00
PAY-1705,INV-1719,2026-02-09,424920.98,-332.36
PAY-3781,INV-3845,2026-11-30,325125.16,0.00
PAY-3806,INV-3870,2026-07-31,542624.68,21953.28
PAY-5899,INV-6016,2026-01-02,1334224.40,0.00
PAY-2540,INV-2559,2025-08-15,1147244.82,0.00
PAY-6121,INV-6229,03-09-2025,558409.27,0.00
PAY-4910,INV-5001,2026-10-28,895614.38,37244.70
PAY-5019,INV-5114,25-11-2026,804408.14,0.00
PAY-1801,INV-1814,2026-10-06,1332860.33,0.00
PAY-6923,INV-7044,2026-12-23,1109384.88,0.00
PAY-5964,INV-6077,2026-08-17,29995.00,0.00
PAY-1784,INV-1795,2025-10-28,,1894.94
PAY-6653,INV-6768,2026-11-08,1230370.61,42098.81
PAY-6910,INV-7032,2026-07-05,686175.66,6278.68
PAY-3610,INV-3672,2026-10-29,89941.11,1062.22
PAY-3562,INV-3620,2026-05-08,1421889.53,25108.69
PAY-5418,INV-5521,2026-07-15,1223018.67,0.00
PAY-3987,INV-4055,2025-10-12,297245.70,0.00
PAY-5280,INV-5384,2026-06-05,723074.17,29967.82
PAY-1184,INV-1192,2026-12-24,242929.34,6803.24
PAY-5452,INV-5559,2026-01-20,1104610.93,37506.27
PAY-2102,INV-2120,2026-02-25,1743251.60,0.00
PAY-2942,INV-2972,2025-09-26,1095736.19,0.00
PAY-4186,INV-4261,2026-02-23,1186865.33,0.00
PAY-2132,INV-2153,2026-03-06,1298406.30,0.00
PAY-2541,INV-2560,2026-02-24,516898.54,26730.62
PAY-5238,INV-5343,2025-08-11,236777.42,7221.53
PAY-2501,INV-2517,2026-09-04,1213920.18,0.00
PAY-5664,INV-5772,2025-07-02,1697979.53,85440.83
PAY-6383,INV-6498,2026-06-24,107184.17,0.00
PAY-5417,INV-5521,2026-06-05,682080.62,73695.58
PAY-1178,INV-1185,2026-06-28,513658.56,0.00
PAY-1857,INV-1873,2025-08-03,1357498.11,0.00
PAY-3286,INV-3351,2026-06-17,1426644.72,
PAY-3648,INV-3707,2025-10-25,397405.32,0.00
PAY-1276,INV-1285,2026-02-07,601548.62,27105.65
PAY-6577,INV-6695,2026-03-09,927894.31,
PAY-7070,INV-7190,12-01-2027,100722.94,0.00
PAY-3150,INV-3206,2025-07-29,1775534.00,0.00
PAY-2551,INV-2571,2026-03-16,410617.25,0.00
PAY-1199,INV-1204,2025-09-18,1853514.22,0.00
PAY-5865,INV-5980,2026-09-14,1873550.90,0.00
PAY-3028,INV-3063,2026-12-14,1638818.86,0.00
PAY-2456,INV-2470,2026-04-13,1829961.32,0.00
PAY-5958,INV-6071,2026-05-19,1960281.34,0.00
PAY-4225,INV-4303,2026-09-26,999270.26,0.00
PAY-4703,INV-4783,2026-06-19,664313.34,0.00
PAY-6874,INV-6988,2025-10-16,1688788.72,0.00
PAY-1514,INV-1522,2025-12-13,295829.48,29121.39
PAY-1709,INV-1724,2026-11-05,1875020.91,0.00
PAY-1856,INV-1871,,1670880.17,0.00
PAY-6342,INV-6453,2026-07-31,546440.43,27910.52
PAY-4226,INV-4304,2026-11-13,702564.27,0.00
PAY-6950,INV-7072,2025-12-11,924915.03,0.00
PAY-6255,INV-6369,2025-10-25,1727255.97,0.00
PAY-4161,INV-4237,2026-08-30,847470.20,54124.84
PAY-2094,INV-2111,2026-08-15,1961922.63,14515.86
PAY-6505,INV-6629,2026-07-21,484021.62,19584.85
PAY-2106,INV-2125,2026-02-17,1613510.26,79323.39
PAY-6261,INV-6375,2026-01-23,80660.27,0.00
PAY-6052,INV-6162,2026-07-01,407361.69,8254.66
PAY-3314,INV-3378,2025-08-03,523740.55,0.00
PAY-6266,INV-6380,2025-06-01,558035.15,4702.84
PAY-5734,INV-5847,2026-02-03,36229.84,899.34
PAY-1036,INV-1038,2025-07-09,537625.24,0.00
PAY-3134,INV-3181,2026-01-30,1141994.17,0.00
PAY-5648,INV-5752,2026-12-11,111546.97,0.00
PAY-3237,INV-3299,2025-11-28,583648.01,0.00
PAY-3458,INV-3523,2025-06-19,345462.03,36855.33
PAY-6082,INV-6197,2026-11-09,1741272.49,0.00
PAY-6344,INV-6455,2026-01-05,1608537.31,0.00
PAY-5828,INV-5942,2026-12-15,1820193.00,0.00
PAY-1076,INV-1079,2026-02-30,1931121.31,4015.31
PAY-2029,INV-2057,2026-01-25,1064453.81,0.00
PAY-4820,INV-4910,2025-07-18,540798.99,0.00
PAY-6129,INV-6236,2025-12-27,1569816.49,74112.18
PAY-3801,INV-3864,2026-10-13,660307.75,2436.80
PAY-2834,INV-2860,2026-11-10,495999.26,0.00
PAY-4201,INV-4275,2026-10-25,877523.19,36720.51
PAY-4396,INV-4474,2025-11-22,1642811.90,27508.79
PAY-2812,INV-2837,2025-12-08,1148998.24,40040.38
PAY-2565,INV-2584,2025-12-13,6854.09,
PAY-4933,INV-5021,2025-09-26,1927103.16,0.00
PAY-3240,INV-3300,2026-06-28,544722.10,0.00
PAY-6941,INV-7062,2026-04-21,1927535.97,0.00
PAY-7313,INV-7437,2026-02-04,1901646.56,37561.42
PAY-7444,INV-9014,2026-09-14,221611.35,0.00
PAY-5988,INV-6100,2025-12-07,277554.11,0.00
PAY-1755,INV-1767,2026-07-12,55016.07,3102.94
PAY-5240,INV-5345,2026-03-16,310898.32,9855.63
PAY-4744,INV-4824,2026-06-07,529610.66,0.00
PAY-4945,INV-5033,2026-11-30,1742577.86,0.00
PAY-4207,INV-4282,2025-11-17,215935.84,0.00
PAY-6937,INV-7058,2025-12-24,392598.74,
PAY-4327,INV-4401,2026-03-25,575501.18,30906.38
PAY-6367,INV-6481,2025-08-22,634199.73,0.00
PAY-2997,INV-3029,2026-01-16,938161.20,25186.66
PAY-2033,INV-2061,2025-12-19,1050335.34,0.00
PAY-3644,INV-3703,2025-09-11,1177562.48,0.00
PAY-3336,INV-3395,2026-11-17,952427.31,43644.32
PAY-1476,INV-1487,2026-08-07,484389.28,0.00
PAY-5709,INV-5818,2026-03-11,1168329.14,52812.46
PAY-1711,INV-1725,,513162.45,0.00
PAY-6267,INV-6380,2025-07-19,533999.88,0.00
PAY-6200,INV-6313,2025-06-27,869915.58,0.00
PAY-6753,INV-6866,2026-04-11,468290.71,0.00
PAY-4373,INV-4450,27-04-2026,147136.37,0.00
PAY-5505,INV-5611,2026-10-28,403672.13,0.00
PAY-7065,INV-7187,2026-11-02,582237.51,46028.49
PAY-7023,INV-7149,2026-08-05,104725.42,3980.99
PAY-1891,INV-1909,2025-10-23,92369.14,395.83
PAY-2849,INV-2876,2026-01-18,1294145.76,0.00
PAY-7302,INV-7426,2027-01-06,573380.99,0.00
PAY-2124,INV-2143,2026-08-20,465917.85,0.00
PAY-7149,INV-7271,2026-06-11,498871.06,0.00
PAY-6427,INV-6542,2026-06-19,1581683.22,0.00
PAY-3565,INV-3623,2026-02-12,79222.06,0.00
PAY-2791,INV-2811,2026-11-21,454449.13,0.00
PAY-3294,INV-3359,2026-10-22,1726461.16,66748.56
PAY-1425,INV-1437,2025-09-04,785265.85,0.00
PAY-2583,INV-2601,2026-10-20,1440146.72,0.00
PAY-4063,INV-4128,2025-08-19,1610389.28,12102.46
PAY-4094,INV-4163,2025-11-09,417584.00,10153.89
PAY-6958,INV-7080,31-07-2026,704141.14,0.00
PAY-2882,INV-2911,2026-01-09,1796655.78,0.00
PAY-7270,INV-7396,2026-04-05,241941.74,5674.90
PAY-3195,INV-3256,2025-12-19,1025990.15,15946.05
PAY-4571,INV-4657,2026-12-04,1721135.77,87252.37
PAY-7394,INV-9114,2026-03-19,494616.05,0.00
PAY-2351,INV-2381,2026-03-20,1440414.93,0.00
PAY-2656,INV-2677,2025-08-21,227307.37,0.00
PAY-4789,INV-4876,13-11-2025,274806.31,0.00
PAY-4629,INV-4721,2025-10-24,720795.45,22121.57
PAY-2913,INV-2942,2026-11-16,1929254.58,0.00
PAY-2508,INV-2523,06-10-2026,,0.00
PAY-6155,INV-6265,2027-01-24,858867.60,13420.25
PAY-3443,INV-3508,2026-11-02,658170.61,0.00
PAY-5971,INV-6084,2025-08-28,393019.89,5005.77
PAY-4003,INV-4069,2026-07-12,153690.78,0.00
PAY-1570,INV-1581,2026-08-07,1074431.21,0.00
PAY-2202,INV-2224,2026-04-13,136394.73,3109.96
PAY-5934,INV-6045,2025-12-17,1318121.11,10377.13
PAY-5302,INV-5409,2026-06-05,134456.25,0.00
PAY-5286,INV-5390,2025-07-07,,0.00
PAY-6038,INV-6148,2025-12-17,,7342.72
PAY-4197,INV-4272,2026-02-08,231358.46,0.00
PAY-2350,INV-2380,2026-12-26,1773796.65,0.00
PAY-3874,INV-3940,2026-05-03,52680.40,3702.71
PAY-3499,INV-3562,2026-05-27,287153.44,0.00
PAY-2309,INV-2336,2026-03-18,216874.08,9799.13
PAY-6900,INV-7021,2025-11-12,504493.07,0.00
PAY-2813,INV-2838,2026-12-03,54485.36,0.00
PAY-1025,INV-1025,2025-07-27,1584533.49,
PAY-6924,INV-7044,2026-11-06,737051.52,0.00
PAY-4206,INV-4281,2026-09-17,83386.87,0.00
PAY-5904,INV-6019,2026-07-23,135489.11,0.00
PAY-6786,INV-6898,2025-08-24,1404566.22,17203.63
PAY-7385,INV-9282,2026-07-14,341249.94,0.00
PAY-7337,INV-7459,19-03-2026,1383581.40,0.00
PAY-5943,INV-6054,2026-12-17,28894.10,1407.95
PAY-5006,INV-5101,2025-02-30,1086230.93,0.00
PAY-5157,INV-5262,2025-06-30,1601428.17,7352.79
PAY-1133,INV-1139,2026-12-16,397241.30,0.00
PAY-4076,INV-4143,2025-10-12,1275006.67,53427.53
PAY-1553,INV-1560,2026-12-17,962921.95,
PAY-2444,INV-2462,2026-08-03,405636.06,0.00
PAY-5161,INV-5267,2026-05-13,1267801.19,
PAY-6519,INV-6639,2025-07-04,717522.63,71098.80
PAY-1610,INV-1624,2026-11-04,1048146.70,54329.33
PAY-2154,INV-2175,2025-12-17,578139.43,15091.86
PAY-6813,INV-6926,2026-07-19,1692885.51,0.00
PAY-1797,INV-1811,27-09-2026,783804.48,45705.38
PAY-5793,INV-5904,2026-01-18,337672.02,0.00
PAY-1955,INV-1979,2025-10-14,1134688.70,21739.72
PAY-4027,INV-4093,2026-02-26,1354800.77,0.00
PAY-5212,INV-5318,2025-11-28,613415.12,0.00
PAY-6050,INV-6160,,858047.23,29422.41
PAY-5996,INV-6108,2025-07-03,196576.11,0.00
PAY-3365,INV-3428,2025-07-01,1033265.33,0.00
PAY-2573,INV-2591,2026-10-23,1077281.91,0.00
PAY-7083,INV-7203,2026-12-15,196069.41,0.00
PAY-1683,INV-1698,2026-01-13,1671044.59,76867.97
PAY-1730,INV-1741,2025-08-24,814476.75,0.00
PAY-3699,INV-3758,2026-03-01,497290.96,0.00
PAY-3621,INV-3681,2026-06-02,948389.04,43575.72
PAY-2424,INV-2446,,349798.21,0.00
PAY-5322,INV-5427,2026-09-16,98782.99,0.00
PAY-1646,INV-1661,2025-12-13,1843733.12,61852.73
PAY-2750,INV-2767,2026-07-19,332126.12,0.00
PAY-6568,INV-6685,2026-06-28,1545876.37,4959.70
PAY-7251,INV-7376,2026-10-27,548785.49,38759.86
PAY-1862,INV-1878,2026-08-29,1654831.16,0.00
PAY-7001,INV-7123,2026-04-09,731010.06,27439.46
PAY-1365,INV-1376,2026-09-14,1373971.94,65463.44
PAY-4087,INV-4155,2026-08-31,1829431.84,0.00
PAY-3977,INV-4042,2025-12-24,1232122.37,10485.43
PAY-1810,INV-1821,2026-09-02,1087575.60,9983.46
PAY-2628,INV-2649,2026-10-27,442070.49,6036.35
PAY-1612,INV-1625,2025-09-08,-25111.86,0.00
PAY-6776,INV-6889,2025-11-07,1465334.10,0.00
PAY-3198,INV-3260,2025-09-12,573145.44,0.00
PAY-1119,INV-1126,2025-05-29,501009.62,0.00
PAY-3480,INV-3545,2025-07-26,844064.79,6032.82
PAY-7159,INV-7280,2026-06-04,1031856.38,
PAY-3371,INV-3435,2026-11-14,1493492.31,32340.36
PAY-7181,INV-7305,2026-01-28,565554.43,23775.35
PAY-6092,INV-6203,2025-06-06,993188.51,0.00
PAY-6544,INV-6664,2026-01-31,928704.81,29073.41
PAY-1118,INV-1125,2026-12-05,424196.29,12872.98
PAY-2527,INV-2544,2026-08-30,218296.16,0.00
PAY-3174,INV-3235,2025-10-12,95892.38,0.00
PAY-3956,INV-4017,2025-07-05,1126989.21,13180.57
PAY-6876,INV-6990,,885142.21,0.00
PAY-1735,INV-1746,28-11-2026,88324.54,0.00
PAY-2357,INV-2386,2025-11-25,1208873.81,27817.66
PAY-1932,INV-1955,2026-09-13,53508.96,0.00
PAY-4452,INV-4532,2025-11-18,1199649.50,20737.77
PAY-7350,INV-7470,2025-10-12,239258.19,7816.65
PAY-2917,INV-2946,2026-06-26,706057.73,0.00
PAY-1692,INV-1705,26-06-2026,508900.08,0.00
PAY-1575,INV-1588,2026-08-01,1058091.58,14049.87
PAY-2176,INV-2196,2026-09-21,1446982.69,0.00
PAY-4233,INV-4311,2026-03-30,1144747.16,0.00
PAY-4006,INV-4072,2026-11-24,186460.26,4815.19
PAY-6491,INV-6614,2025-08-07,668329.60,0.00
PAY-7163,INV-7286,2025-05-26,964006.05,24588.32
PAY-5102,INV-5205,2025-11-08,320478.12,0.00
PAY-1121,INV-1128,25-07-2025,1976346.30,0.00
PAY-6004,INV-6115,2025-09-06,1259671.65,19206.82
PAY-1071,INV-1074,2026-08-20,244238.62,0.00
PAY-5438,INV-5543,2026-09-06,644849.51,29613.76
PAY-5948,INV-6060,2025-09-12,1051701.18,0.00
PAY-4515,INV-4596,2025-12-22,1260348.37,0.00
PAY-5635,INV-5740,2026-12-24,731705.58,5386.16
PAY-6013,INV-6127,2026-05-11,1666667.33,49612.47
PAY-2643,INV-2664,27-04-2026,953177.17,
PAY-3743,INV-3805,2025-10-24,1340356.97,20698.64
PAY-5697,INV-5806,2026-09-12,-195852.58,118.66
PAY-6090,INV-6202,2025-06-07,252090.69,
PAY-4097,INV-4166,2026-03-23,260539.49,0.00
PAY-3411,INV-3476,2026-09-12,502811.68,28420.93
PAY-1489,INV-1497,,39641.10,0.00
PAY-6117,INV-6227,2026-05-23,568003.78,
PAY-2083,INV-2101,2026-09-22,1395761.91,0.00
PAY-7176,INV-7299,17-07-2026,144933.89,5578.63
PAY-5469,INV-5575,2026-04-19,796862.44,35844.89
PAY-4382,INV-4460,2026-11-26,1432481.18,0.00
PAY-1286,INV-1296,2026-02-17,1092520.93,0.00
PAY-1009,INV-1009,2025-07-21,-586365.52,59120.60
PAY-7090,INV-7210,2026-08-20,945733.41,0.00
PAY-4720,INV-4801,2026-08-14,774580.34,53410.74
PAY-7228,INV-7354,2026-06-29,82803.29,0.00
PAY-3284,INV-3348,,453865.06,0.00
PAY-5261,INV-5365,2026-01-31,1814861.16,0.00
PAY-1927,INV-1949,2025-07-02,414168.08,0.00
PAY-6000,INV-6112,2025-11-13,1230760.36,8265.03
PAY-4031,INV-4096,2026-02-26,1109845.11,
PAY-1311,INV-1320,2026-01-09,1779540.12,0.00
PAY-1943,INV-1963,2025-12-27,1218663.99,0.00
PAY-3356,INV-3417,2026-07-20,1583948.99,0.00
PAY-3982,INV-4048,2025-08-11,1580667.65,
PAY-1368,INV-1379,2026-09-03,1659770.49,0.00
PAY-2483,INV-2499,2025-08-01,799816.89,26061.14
PAY-3459,INV-3524,2025-12-09,773254.96,0.00
PAY-1641,INV-1656,2027-01-14,807844.86,0.00
PAY-2774,INV-2794,2025-10-22,1735545.19,0.00
PAY-6248,INV-6362,2026-03-04,89157.85,7849.46
PAY-4135,INV-4206,2026-04-04,863708.89,30109.86
PAY-1131,INV-1137,2026-10-27,881661.34,0.00
PAY-2625,INV-2648,2026-06-04,177744.07,0.00
PAY-1716,INV-1730,2026-02-30,763536.34,28460.45
PAY-6293,INV-6407,2026-06-10,909405.60,0.00
PAY-2240,INV-2262,2026-08-31,693188.43,-460.04
PAY-4542,INV-4632,,988979.56,
PAY-5640,INV-5745,2026-12-09,1721098.76,63942.34
PAY-1791,INV-1803,01-11-2025,,0.00
PAY-7079,INV-7199,2026-04-08,1411159.50,18534.33
PAY-2464,INV-2478,2026-03-19,1496415.25,
PAY-1482,INV-1491,2026-04-26,91374.79,0.00
PAY-4598,INV-4685,,,46002.11
PAY-5331,INV-5438,2025-06-20,30981.56,0.00
PAY-2843,INV-2872,2026-04-03,418483.70,0.00
PAY-5622,INV-5725,2025-07-17,538588.97,0.00
PAY-6291,INV-6406,2025-11-11,1230249.29,0.00
PAY-2182,INV-2203,2026-06-01,854930.36,0.00
PAY-5387,INV-5494,2026-01-05,1857655.43,0.00
PAY-1270,INV-1279,2026-04-02,1769994.04,
PAY-5167,INV-5273,2026-02-20,1380799.16,0.00
PAY-1079,INV-1082,2025-06-06,65368.36,0.00
PAY-1881,INV-1901,2026-04-28,1710001.80,36849.93
PAY-2204,INV-2226,2025-10-30,1213179.02,0.00
PAY-2095,INV-2112,2025-05-24,1928053.49,0.00
PAY-3218,INV-3280,2026-04-07,778800.95,0.00
PAY-5985,INV-6098,2025-10-28,,40353.53
PAY-3726,INV-3788,2026-05-21,1667321.14,0.00
PAY-2563,INV-2582,2027-01-10,122940.29,0.00
PAY-2109,INV-2129,2026-09-05,566939.80,0.00
PAY-2262,INV-2283,2026-03-15,363884.14,5227.02
PAY-2615,INV-2636,2026-08-06,141710.95,4289.69
PAY-7423,INV-9378,2026-04-05,457166.48,0.00
PAY-5149,INV-5253,2025-12-14,1008272.08,0.00
PAY-4901,INV-4993,,228045.90,0.00
PAY-5445,INV-5552,2026-11-26,1155774.06,25455.17
PAY-2688,INV-2708,15-12-2026,1282781.71,0.00
PAY-5434,INV-5536,2025-08-01,1385822.57,0.00
PAY-1146,INV-1154,2026-08-16,1314196.54,31474.71
PAY-6664,INV-6780,2026-05-08,621449.44,0.00
PAY-5790,INV-5901,2026-11-04,524993.18,57026.74
PAY-1166,INV-1175,02-07-2026,1644519.64,0.00
PAY-2989,INV-3021,2026-12-10,1793983.17,0.00
PAY-4545,INV-4634,2026-04-14,625968.88,92210.14
PAY-1961,INV-1986,2025-08-16,331871.77,
PAY-6671,INV-6786,2025-02-30,1644139.64,0.00
PAY-3911,INV-3975,2025-09-18,1387883.22,0.00
PAY-5018,INV-5113,2026-08-14,134792.38,0.00
PAY-7007,INV-7129,2025-12-09,75073.28,0.00
PAY-3342,INV-3401,2026-02-13,1964667.77,1619.21
PAY-3261,INV-3321,2026-10-15,818758.00,0.00
PAY-2446,INV-2463,2026-02-30,510422.84,15255.39
PAY-2876,INV-2905,2026-02-28,-677007.24,5021.69
PAY-1318,INV-1327,2025-05-20,1087234.21,17079.32
PAY-3965,INV-4027,2026-01-15,1997280.85,0.00
PAY-7293,INV-7416,2026-07-24,618088.68,78826.10
PAY-5644,INV-5748,03-06-2026,880569.94,0.00
PAY-7073,INV-7193,2026-06-27,147279.23,0.00
PAY-5866,INV-5981,2026-02-20,111576.80,0.00
PAY-7319,INV-7443,2026-02-21,654530.50,19268.48
PAY-6030,INV-6143,2026-06-08,123442.45,4083.83
PAY-6666,INV-6782,2025-09-03,97329.05,5947.96
PAY-4985,INV-5078,2025-09-18,212710.08,0.00
PAY-2323,INV-2348,2026-02-30,409448.40,10241.18
PAY-3867,INV-3931,2026-12-18,1511797.12,0.00
PAY-2544,INV-2562,2026-01-14,1435953.06,0.00
PAY-7234,INV-7360,2026-03-20,295107.74,0.00
PAY-3573,INV-3637,2026-07-18,1201090.48,52072.14
PAY-7150,INV-7272,2025-08-27,1743012.33,0.00
PAY-1278,INV-1287,2026-07-12,348001.39,3091.13
PAY-1162,INV-1172,16-07-2025,624638.46,0.00
PAY-3166,INV-3227,2026-09-05,,0.00
PAY-3563,INV-3621,2025-07-28,32573.54,870.46
PAY-3047,INV-3083,2025-12-17,237582.21,8399.04
PAY-4749,INV-4830,2026-03-21,493741.96,18018.94
PAY-5634,INV-5739,2025-06-04,255048.49,0.00
PAY-2692,INV-2712,2025-07-27,1115007.92,1446.41
PAY-7226,INV-7353,2026-03-10,1631981.74,0.00
PAY-1159,INV-1169,2026-04-29,651669.05,
PAY-2419,INV-2441,2026-10-05,1497735.02,0.00
PAY-5383,INV-5490,2025-08-14,1686993.83,79010.51
PAY-1903,INV-1923,2025-08-01,417599.96,0.00
PAY-5380,INV-5487,2026-08-05,930673.88,0.00
PAY-3474,INV-3538,2027-01-04,210083.17,0.00
PAY-6409,INV-6526,2026-08-07,1476484.37,37492.28
PAY-2300,INV-2326,2026-03-14,1942961.17,0.00
PAY-6454,INV-6575,2026-10-20,219721.08,5997.21
PAY-2733,INV-2748,2026-08-26,871119.97,0.00
PAY-1320,INV-1331,2026-07-02,477132.54,11387.45
PAY-3711,INV-3771,2026-09-21,429439.87,6320.47
PAY-4106,INV-4176,2026-01-29,230518.43,0.00
PAY-6127,INV-6234,2026-10-16,607471.82,0.00
PAY-3178,INV-3239,2026-07-09,641401.88,25664.99
PAY-4671,INV-4756,2026-10-15,769447.96,0.00
PAY-3075,INV-3111,2025-06-27,1754569.16,0.00
PAY-3632,INV-3693,2026-03-22,-1291009.83,
PAY-3647,INV-3706,10-01-2027,924886.46,16060.36
PAY-7190,INV-7315,2025-12-01,337162.47,11448.68
PAY-1233,INV-1240,2026-01-22,819028.47,0.00
PAY-6254,INV-6368,2026-02-20,713755.83,5645.67
PAY-2757,INV-2773,2025-08-09,1352816.02,56644.89
PAY-1865,INV-1881,2025-10-07,1503555.91,0.00
PAY-6971,INV-7093,2026-12-01,1584520.44,8769.47
PAY-6276,INV-6392,2026-06-10,803270.32,32716.34
PAY-5521,INV-5626,2026-07-27,85561.43,10729.32
PAY-1805,INV-1817,2026-11-12,690627.29,0.00
PAY-6426,INV-6541,2026-12-02,591060.03,0.00
PAY-5131,INV-5234,2026-10-19,116547.92,0.00
PAY-7165,INV-7288,2025-02-30,334259.20,359.25
PAY-4282,INV-4359,2025-05-26,579299.71,0.00
PAY-3241,INV-3301,2026-09-25,611444.33,0.00
PAY-4606,INV-4694,2025-09-20,1365385.09,
PAY-6463,INV-6583,2025-07-19,1618382.91,15689.06
PAY-4684,INV-4765,2026-08-06,1019419.91,48635.98
PAY-4021,INV-4086,2026-09-18,723243.26,0.00
PAY-3285,INV-3349,2025-07-18,809679.45,35955.20
PAY-7301,INV-7424,,680359.69,0.00
PAY-6230,INV-6345,2026-09-17,1918318.08,46985.20
PAY-7467,INV-9260,2026-07-08,484402.68,0.00
PAY-6361,INV-6475,2026-01-27,,0.00
PAY-6644,INV-6760,2026-02-06,322750.40,14921.94
PAY-6323,INV-6435,2026-10-22,268378.75,0.00
PAY-6278,INV-6393,2026-05-25,135388.76,1256.34
PAY-2586,INV-2605,2026-03-23,535958.00,16001.66
PAY-4155,INV-4230,2026-07-02,77078.67,0.00
PAY-1966,INV-1991,2026-05-23,703836.68,0.00
PAY-3124,INV-3165,09-07-2025,19174.75,0.00
PAY-6911,INV-7032,2026-07-31,388173.23,24900.58
PAY-2383,INV-2410,2025-10-10,1197558.48,37519.71
PAY-3391,INV-3456,2026-07-09,1490988.18,0.00
PAY-1506,INV-1512,2026-12-13,768741.60,269.79
PAY-6166,INV-6275,2026-03-14,908286.61,43608.58
PAY-5138,INV-5241,2026-06-17,-356766.31,17882.00
PAY-3131,INV-3177,2025-07-18,567053.06,0.00
PAY-2151,INV-2172,2025-10-16,368327.37,0.00
PAY-2848,INV-2876,2026-02-01,584002.60,48614.76
PAY-4670,INV-4756,2026-10-19,1083712.70,54233.72
PAY-6759,INV-6870,2026-02-12,488456.89,0.00
PAY-5931,INV-6043,2026-04-12,964937.05,39900.60
PAY-6618,INV-6732,2025-12-23,963539.42,3188.07
PAY-7047,INV-7170,04-09-2025,433790.40,65215.99
PAY-1296,INV-1306,2026-12-22,1217094.60,0.00
PAY-1964,INV-1989,2026-03-09,1953867.35,214.94
PAY-4877,INV-4968,2025-11-15,1306799.94,0.00
PAY-4150,INV-4225,2025-11-05,,16168.37
PAY-3928,INV-3989,2026-02-18,795957.84,39480.34
PAY-7089,INV-7209,2026-11-27,237529.97,0.00
PAY-3797,INV-3861,,1161688.88,0.00
PAY-3825,INV-3889,2025-08-25,1593958.12,70815.99
PAY-6535,INV-6655,2026-05-09,651702.31,0.00
PAY-4902,INV-4994,2026-04-25,1007305.71,51914.36
PAY-5299,INV-5405,2026-11-14,1711213.38,8593.28
PAY-4551,INV-4639,11-10-2026,1297507.29,0.00
PAY-4442,INV-4521,2027-01-31,1723123.76,0.00
PAY-2726,INV-2741,2026-09-08,,-2116.29
PAY-4664,INV-4751,2026-09-17,804332.98,33512.19
PAY-5766,INV-5879,2026-03-28,642556.16,0.00
PAY-3772,INV-3837,2025-09-01,10524.98,0.00
PAY-2067,INV-2088,2026-01-19,1117621.31,0.00
PAY-2712,INV-2728,2027-01-05,425388.51,0.00
PAY-2235,INV-2255,2025-10-23,243235.10,0.00
PAY-1472,INV-1484,2026-08-28,503353.02,0.00
PAY-5357,INV-5464,2026-10-02,593496.52,0.00
PAY-5581,INV-5685,2026-09-01,,29750.00
PAY-1527,INV-1534,2025-11-29,93389.52,0.00
PAY-1326,INV-1337,2025-06-27,20363.18,202.91
PAY-3804,INV-3867,2026-09-18,379642.22,0.00
PAY-1234,INV-1241,2025-10-16,77756.76,0.00
PAY-7300,INV-7423,2025-07-27,1054380.60,34446.75
PAY-1262,INV-1272,2026-09-29,1264923.49,0.00
PAY-4308,INV-4384,2026-09-28,1335699.84,68247.70
PAY-5831,INV-5946,14-04-2026,1608905.97,0.00
PAY-4667,INV-4753,2025-09-29,507795.17,0.00
PAY-7178,INV-7302,2026-10-28,760020.93,
PAY-1960,INV-1985,2026-11-09,57567.00,142.15
PAY-4742,INV-4822,2026-08-21,1094933.58,40578.50
PAY-3501,INV-3563,2026-01-27,442809.46,19117.84
PAY-4707,INV-4789,2025-09-21,48376.02,0.00
PAY-6742,INV-6856,2025-08-27,1337010.64,0.00
PAY-4102,INV-4171,2026-02-13,277218.36,0.00
PAY-7166,INV-7289,2025-08-22,754490.73,14332.35
PAY-4447,INV-4527,2025-10-07,1231783.22,0.00
PAY-3754,INV-3816,,1890301.78,
PAY-6673,INV-6788,2025-11-24,1122908.59,-159.41
PAY-4450,INV-4531,2026-11-17,,0.00
PAY-3239,INV-3300,2026-07-09,270359.68,0.00
PAY-6733,INV-6845,2026-03-04,1788579.34,
PAY-1921,INV-1941,2026-08-23,128020.25,0.00
PAY-6070,INV-6184,2026-05-01,278739.20,0.00
PAY-1806,INV-1818,2025-02-30,637036.85,0.00
PAY-2215,INV-2235,2026-08-19,565639.53,0.00
PAY-6961,INV-7083,2026-12-30,1577886.43,0.00
PAY-1486,INV-1494,2025-11-03,579311.61,37219.08
PAY-3033,INV-3067,2026-12-17,,44428.87
PAY-5435,INV-5537,2025-08-08,76529.07,0.00
PAY-4350,INV-4424,2025-07-09,877380.14,0.00
PAY-6608,INV-6723,2026-01-25,522215.09,0.00
PAY-5758,INV-5871,2025-06-01,874039.80,27265.77
PAY-5360,INV-5468,2025-07-03,111173.30,0.00
PAY-1886,INV-1906,2026-07-25,1830967.66,0.00
PAY-3008,INV-3042,2026-05-03,1964250.25,0.00
PAY-5763,INV-5876,2026-10-17,1466056.77,0.00
PAY-5650,INV-5754,2025-08-22,1367392.15,848.05
PAY-1136,INV-1142,2025-06-14,316280.02,0.00
PAY-3104,INV-3139,2026-07-18,1243865.09,0.00
PAY-3325,INV-3385,2026-08-09,,2845.90
PAY-7231,INV-7358,2025-09-12,146207.48,0.00
PAY-3444,INV-3509,2026-08-30,1854798.95,0.00
PAY-5382,INV-5489,2025-10-14,1063388.43,0.00
PAY-3306,INV-3372,2025-11-23,573522.17,10968.99
PAY-6256,INV-6370,2025-12-19,1489577.03,26984.77
PAY-1853,INV-1866,2025-11-03,1174242.96,54140.35
PAY-6198,INV-6311,2026-08-21,1388698.34,0.00
PAY-1177,INV-1184,2026-10-08,,
PAY-1546,INV-1553,2025-09-09,1678910.28,0.00
PAY-7052,INV-7175,2026-06-02,365377.74,1446.59
PAY-3255,INV-3316,2025-12-01,880482.94,17459.57
PAY-4269,INV-4346,2026-10-29,1333386.25,0.00
PAY-1780,INV-1790,2025-12-08,282003.66,0.00
PAY-3490,INV-3556,2025-11-05,398850.49,0.00
PAY-1022,INV-1022,2026-09-04,,0.00
PAY-6848,INV-6964,2025-11-15,1272441.60,33305.42
PAY-5562,INV-5666,2026-09-06,864226.04,8232.95
PAY-6893,INV-7014,2026-10-24,915697.39,45070.88
PAY-2542,INV-2560,2026-02-18,403368.02,0.00
PAY-4103,INV-4172,2026-08-03,440634.51,0.00
PAY-3735,INV-3797,2026-06-02,1299365.68,0.00
PAY-7292,INV-7415,2026-09-14,155657.90,3619.93
PAY-4950,INV-5038,2025-08-08,725945.68,0.00
PAY-5290,INV-5395,2026-03-27,320915.64,5073.31
PAY-5017,INV-5112,2026-10-09,245421.02,0.00
PAY-5654,INV-5759,2026-11-01,407350.94,0.00
PAY-7203,INV-7330,2026-09-23,1764004.34,44085.40
PAY-6551,INV-6671,2026-11-06,187602.82,0.00
PAY-5937,INV-6047,2026-05-04,345808.10,0.00
PAY-5787,INV-5899,2025-09-01,225993.99,0.00
PAY-2743,INV-2759,2026-07-13,541686.43,0.00
PAY-1030,INV-1029,2025-12-23,1022447.55,
PAY-5473,INV-5579,2025-12-20,1614787.62,-949.63
PAY-4862,INV-4953,2026-08-16,,0.00
PAY-1750,INV-1762,2026-12-13,882109.15,0.00
PAY-5553,INV-5659,2026-01-01,474385.48,53830.47
PAY-7381,INV-9096,2025-08-24,116615.15,0.00
PAY-4356,INV-4431,2025-09-03,1244013.96,-62946.69
PAY-3828,INV-3891,2026-01-04,232441.28,0.00
PAY-7363,INV-7485,2026-01-12,,0.00
PAY-2817,INV-2845,2025-08-18,580047.16,21794.29
PAY-5048,INV-5144,2025-07-17,58297.26,2665.51
PAY-4895,INV-4986,2026-11-26,1493732.20,61818.72
PAY-5672,INV-5783,2026-10-25,1700325.35,0.00
PAY-3276,INV-3338,2026-07-12,1552348.83,70541.01
PAY-4878,INV-4968,2025-09-17,545665.31,34046.77
PAY-6353,INV-6465,2025-11-03,1315937.37,16693.19
PAY-1901,INV-1920,2026-09-02,658455.55,0.00
PAY-5729,INV-5840,2026-02-01,391861.69,0.00
PAY-1442,INV-1455,2026-10-20,39096.78,0.00
PAY-6137,INV-6246,2025-11-19,653082.58,0.00
PAY-2852,INV-2879,2025-07-24,614925.86,4915.50
PAY-4688,INV-4769,2026-01-16,1717634.07,0.00
PAY-3481,INV-3546,2025-10-10,1605600.67,79394.80
PAY-2129,INV-2150,2026-01-02,1628911.63,0.00
PAY-3252,INV-3313,2026-05-11,1273851.04,0.00
PAY-4039,INV-4103,,1815266.54,0.00
PAY-4271,INV-4349,2025-02-30,4918.85,236.65
PAY-3227,INV-3288,2026-03-20,1644783.22,0.00
PAY-5900,INV-6017,2025-09-09,800729.88,0.00
PAY-1074,INV-1077,2025-11-20,1035919.10,37034.58
PAY-1765,INV-1777,2027-01-05,356611.88,435.73
PAY-3352,INV-3412,2026-12-04,917598.17,26540.54
PAY-2806,INV-2827,2026-11-08,1664091.05,0.00
PAY-4756,INV-4840,2025-08-04,1080659.86,49449.02
PAY-7276,INV-7401,2025-02-30,805287.51,53215.72
PAY-4773,INV-4858,2026-01-17,144001.10,17487.46
PAY-3926,INV-3987,2025-08-24,127831.97,0.00
PAY-2051,INV-2073,2026-07-29,525912.55,0.00
PAY-5661,INV-5769,2026-09-12,1078033.62,0.00
PAY-2233,INV-2253,2025-07-25,1712923.65,0.00
PAY-3175,INV-3236,2026-06-26,403769.15,0.00
PAY-3660,INV-3717,2025-09-19,1770757.33,50491.68
PAY-2195,INV-2218,2025-08-06,1674182.72,0.00
PAY-5814,INV-5924,2026-12-27,676009.10,0.00
PAY-5413,INV-5516,2026-04-09,548328.20,55295.81
PAY-4175,INV-4250,2026-07-12,51340.35,0.00
PAY-4930,INV-5017,2025-08-16,973462.65,0.00
PAY-5058,INV-5158,2026-01-07,1012345.24,0.00
PAY-5399,INV-5506,2025-06-08,465916.30,0.00
PAY-4361,INV-4438,2025-08-04,1692692.60,23819.43
PAY-7210,INV-7339,2026-02-02,1579583.43,0.00
PAY-6559,INV-6676,2025-07-26,514074.24,0.00
PAY-2193,INV-2213,2025-07-21,452175.01,6531.37
PAY-5231,INV-5336,2026-10-10,850852.11,35469.80
PAY-2585,INV-2604,,1120277.56,
PAY-4875,INV-4966,2026-11-23,65676.75,5176.13
PAY-5976,INV-6088,2026-07-22,1740698.24,49984.41
PAY-4074,INV-4141,2026-08-02,1500597.11,73856.21
PAY-6417,INV-6532,2026-06-07,641782.25,0.00
PAY-2952,INV-2981,2027-01-05,776163.01,74872.51
PAY-3319,INV-3381,2026-04-03,72378.36,0.00
PAY-5198,INV-5303,2026-12-03,781819.43,0.00
PAY-5337,INV-5447,2025-02-30,851490.89,0.00
PAY-3273,INV-3334,2025-06-06,1204768.17,0.00
PAY-5336,INV-5446,2025-09-25,1805778.25,0.00
PAY-6704,INV-6818,,567152.00,30679.36
PAY-4728,INV-4809,2025-06-05,1908268.37,0.00
PAY-6771,INV-6885,2026-02-23,702188.02,0.00
PAY-6811,INV-6924,2026-07-19,839986.97,19280.54
PAY-6899,INV-7019,2026-02-21,1008080.57,0.00
PAY-5754,INV-5866,2026-11-09,148921.31,4214.24
PAY-6425,INV-6541,2026-11-10,1254069.01,0.00
PAY-7315,INV-7439,2025-07-05,1209783.75,51984.20
PAY-3888,INV-3953,2025-07-19,1366606.07,0.00
PAY-5090,INV-5193,2026-12-22,1134915.39,0.00
PAY-3236,INV-3298,2026-06-13,88482.25,992.23
PAY-3598,INV-3659,2025-07-23,202621.16,0.00
PAY-4205,INV-4281,2026-11-17,147532.35,3307.00
PAY-3902,INV-3967,2025-07-21,652240.92,0.00
PAY-2598,INV-2616,,1714481.06,0.00
PAY-2199,INV-2222,2026-07-18,1290306.05,0.00
PAY-3946,INV-4009,2025-11-18,1634200.53,
PAY-7093,INV-7213,2025-07-07,1632236.35,0.00
PAY-3521,INV-3578,26-07-2025,190247.95,3078.86
PAY-4011,INV-4077,2026-03-05,676649.18,0.00
PAY-2819,INV-2847,,705235.68,0.00
PAY-5670,INV-5781,2026-05-16,1611261.55,0.00
PAY-6903,INV-7025,2026-06-29,1533451.34,-120.39
PAY-2721,INV-2737,2025-07-28,1442260.55,0.00
PAY-6421,INV-6535,2026-01-02,161930.95,0.00
PAY-7036,INV-7160,2026-09-21,90690.31,4957.92
PAY-5112,INV-5214,2025-09-22,1710685.16,82477.26
PAY-5142,INV-5244,2026-06-15,1434984.85,24091.09
PAY-4383,INV-4461,2026-04-08,1091229.08,0.00
PAY-3402,INV-3469,2026-07-30,597304.34,18086.45
PAY-2614,INV-2635,2026-06-01,725428.96,0.00
PAY-7087,INV-7207,2026-06-17,182580.60,0.00
PAY-2741,INV-2757,2025-11-25,1878964.79,0.00
PAY-6680,INV-6797,2025-12-26,712407.94,0.00
PAY-6574,INV-6692,2026-10-07,611933.74,0.00
PAY-4265,INV-4343,19-09-2026,912847.24,14819.98
PAY-4582,INV-4667,2026-03-28,646029.47,15394.37
PAY-7049,INV-7172,2025-09-24,1581480.76,26499.35
PAY-2902,INV-2933,2026-02-06,961896.31,0.00
PAY-6931,INV-7054,2025-08-22,1292906.14,0.00
PAY-4188,INV-4264,,1490212.63,0.00
PAY-6679,INV-6796,2025-10-10,889228.97,0.00
PAY-2473,INV-2488,10-10-2026,309967.99,8249.18
PAY-4735,INV-4815,2026-08-06,404010.87,0.00
PAY-1436,INV-1449,2026-02-02,741098.77,0.00
PAY-3759,INV-3822,2026-09-03,1943853.03,0.00
PAY-6189,INV-6301,2026-08-02,425556.45,4292.01
PAY-5470,INV-5576,2026-02-27,1360617.13,25800.40
PAY-1080,INV-1083,2026-10-10,744313.14,0.00
PAY-4082,INV-4150,2026-01-17,178873.21,5871.82
PAY-4863,INV-4954,,1514931.17,0.00
PAY-5680,INV-5791,2026-12-06,237780.65,22661.61
PAY-1136,INV-1142,2026-12-10,98438.51,484.75
PAY-5855,INV-5968,2025-08-13,777041.30,0.00
PAY-3440,INV-3505,2025-08-23,1526132.99,0.00
PAY-3193,INV-3254,2026-10-13,876690.61,9075.06
PAY-5472,INV-5578,2025-10-29,734075.57,0.00
PAY-1059,INV-1060,2025-12-07,1858537.09,0.00
PAY-2644,INV-2664,2026-04-18,958266.15,0.00
PAY-1450,INV-1463,2026-05-24,1548014.97,0.00
PAY-5073,INV-5176,2025-09-09,494704.70,0.00
PAY-2167,INV-2187,2026-04-15,609371.39,14608.04
PAY-5885,INV-6002,2025-06-25,510078.70,35856.62
PAY-4952,INV-5040,2025-07-18,1942566.03,20746.89
PAY-3731,INV-3794,2026-05-30,1001567.27,0.00
PAY-6711,INV-6823,2026-10-07,286523.39,0.00
PAY-1271,INV-1280,2026-12-06,960393.38,1077.85
PAY-4903,INV-4995,2026-06-19,408069.26,0.00
PAY-5474,INV-5580,2025-07-12,1523829.81,3156.88
PAY-1432,INV-1445,2025-12-18,1396570.65,0.00
PAY-5059,INV-5159,2026-03-01,383874.10,0.00
PAY-3845,INV-3907,2026-05-08,1191771.96,1573.22
PAY-5104,INV-5207,2026-11-13,1074056.36,0.00
PAY-3170,INV-3229,2025-11-11,1379746.45,0.00
PAY-5423,INV-5525,2025-07-08,394788.73,0.00
PAY-7206,INV-7333,2026-02-03,1277630.05,0.00
PAY-6022,INV-6136,2026-08-21,1606851.32,0.00
PAY-7236,INV-7363,2026-04-27,34477.52,0.00
PAY-4241,INV-4319,2026-08-25,559003.95,8287.71
PAY-4648,INV-4737,2026-07-12,387568.01,0.00
PAY-1878,INV-1898,2026-10-05,1426813.04,0.00
PAY-3850,INV-3914,2026-08-23,1711681.75,0.00
PAY-3143,INV-3194,2025-08-15,134181.32,0.00
PAY-4619,INV-4708,2026-04-25,-1662862.18,0.00
PAY-7168,INV-7292,2026-11-02,106668.73,0.00
PAY-3485,INV-3550,2026-08-01,449296.20,0.00
PAY-6717,INV-6829,2027-01-09,1594561.85,0.00
PAY-5453,INV-5560,2026-05-28,1476204.08,
PAY-5439,INV-5544,2025-12-06,1937952.73,0.00
PAY-1562,INV-1571,2026-11-23,714302.32,0.00
PAY-5569,INV-5672,2026-11-05,1872938.24,59301.02
PAY-3554,INV-3610,2026-11-06,192046.91,0.00
PAY-3596,INV-3658,2026-01-01,1444724.91,0.00
PAY-3347,INV-3407,2026-03-23,332787.85,0.00
PAY-1967,INV-1991,11-05-2026,310563.82,0.00
PAY-3403,INV-3470,2026-01-16,1309579.62,0.00
PAY-6179,INV-6291,2026-06-18,1938126.74,0.00
PAY-7009,INV-7132,2026-03-14,17537.53,0.00
PAY-5234,INV-5339,2026-11-21,238783.91,0.00
PAY-3106,INV-3141,2026-09-06,292625.75,13513.98
PAY-4004,INV-4070,2025-09-21,218774.26,0.00
PAY-2002,INV-2030,31-12-2025,168732.12,0.00
PAY-7334,INV-7456,2026-03-14,813434.32,0.00
PAY-3016,INV-3049,2026-12-08,808628.70,0.00
PAY-1344,INV-1355,25-12-2026,1590357.66,0.00
PAY-1017,INV-1017,2025-09-24,172252.67,0.00
PAY-6481,INV-6604,2026-10-03,21044.16,0.00
PAY-7451,INV-9089,2025-11-08,387725.24,0.00
PAY-4312,INV-4388,2026-01-05,228325.17,10785.43
PAY-2731,INV-2747,2026-01-22,1976469.30,0.00
PAY-1499,INV-1508,2026-05-31,754485.18,16780.49
PAY-1655,INV-1671,2025-12-10,449370.73,3821.96
PAY-3133,INV-3180,,13967.01,0.00
PAY-4280,INV-4357,2026-04-17,1064938.32,0.00
PAY-4536,INV-4624,2026-04-15,632155.09,28602.12
PAY-6701,INV-6815,2026-09-16,522121.28,0.00
PAY-7273,INV-7399,2026-11-18,934538.39,0.00
PAY-2901,INV-2932,2027-01-13,1626696.01,
PAY-1586,INV-1598,2025-06-16,1452977.30,0.00
PAY-6420,INV-6534,2026-10-15,293907.06,19899.00
PAY-4494,INV-4576,2025-08-18,156253.63,12155.97
PAY-1896,INV-1914,2026-06-24,1264169.23,0.00
PAY-6055,INV-6164,2025-05-31,318477.59,0.00
PAY-7042,INV-7165,2026-09-16,1835088.30,0.00
PAY-1794,INV-1809,2025-09-16,1110270.96,0.00
PAY-4230,INV-4308,2025-10-05,,30817.63
PAY-6196,INV-6309,2027-01-25,1482767.42,0.00
PAY-5267,INV-5372,2026-07-04,242451.84,
PAY-3238,INV-3299,2025-12-08,1068453.79,0.00
PAY-6508,INV-6631,2025-07-03,288095.75,0.00
PAY-4803,INV-4892,2026-09-24,364012.02,2784.00
PAY-2510,INV-2525,2025-08-13,458089.30,43474.87
PAY-1942,INV-1962,2025-10-21,189641.66,0.00
PAY-4019,INV-4084,2026-07-08,558601.65,
PAY-3646,INV-3705,2025-10-26,735224.50,0.00
PAY-3317,INV-3380,2026-01-24,570042.39,0.00
PAY-6350,INV-6461,2026-01-10,-1547903.53,0.00
PAY-7100,INV-7220,2025-09-27,1999488.60,0.00
PAY-3289,INV-3354,2025-05-07,896558.55,22299.99
PAY-2038,INV-2064,2026-03-21,450479.61,58052.28
PAY-6897,INV-7018,2025-09-23,155998.21,0.00
PAY-3210,INV-3272,2025-08-23,1837904.24,0.00
PAY-2945,INV-2975,26-11-2025,343989.02,0.00
PAY-6190,INV-6302,2025-11-10,623248.92,0.00
PAY-3571,INV-3632,2026-05-02,,0.00
PAY-6627,INV-6742,2026-05-21,1856507.52,0.00
PAY-5284,INV-5387,2026-08-28,438345.12,31459.12
PAY-7463,INV-9244,2026-05-13,146798.85,0.00
PAY-2134,INV-2155,2025-06-29,1016107.72,0.00
PAY-7342,INV-7464,2026-05-20,1219382.90,0.00
PAY-5329,INV-5435,2026-11-05,1335600.65,0.00
PAY-7245,INV-7370,2025-09-10,48730.07,0.00
PAY-4166,INV-4242,05-04-2026,1024781.60,0.00
PAY-2944,INV-2974,2025-12-26,805292.36,35684.64
PAY-3606,INV-3668,2026-07-20,1238164.24,0.00
PAY-2792,INV-2812,2025-10-09,385717.40,19504.84
PAY-2866,INV-2892,2025-08-16,80040.22,0.00
PAY-2758,INV-2774,2026-04-09,63211.14,333.02
PAY-2415,INV-2438,2026-06-15,315678.92,0.00
PAY-1027,INV-1027,2026-08-09,1923871.59,0.00
PAY-2694,INV-2714,2026-05-29,939046.49,32585.76
PAY-5312,INV-5417,2025-12-28,405150.02,11276.09
PAY-3232,INV-3294,2025-12-27,840565.74,0.00
PAY-7353,INV-7474,2027-01-06,405567.27,19301.43
PAY-2174,INV-2194,2026-07-14,693954.80,24569.06
PAY-1116,INV-1121,2026-01-14,449547.59,13841.02
PAY-6197,INV-6310,2026-06-28,1718436.68,0.00
PAY-5702,INV-5810,2026-11-16,1062089.02,49346.83
PAY-3753,INV-3815,2026-01-22,1743906.37,0.00
PAY-3684,INV-3743,,159411.63,0.00
PAY-1194,INV-1201,2026-01-13,117503.18,0.00
PAY-3472,INV-3537,2026-01-31,1482406.09,0.00
PAY-4713,INV-4794,2026-01-02,1259109.32,42234.68
PAY-3985,INV-4051,2025-11-29,1530978.59,0.00
PAY-6373,INV-6487,2026-06-13,713528.67,5529.32
PAY-5857,INV-5970,14-11-2026,556347.19,24372.24
PAY-5040,INV-5136,2026-05-27,193298.96,8210.23
PAY-1673,INV-1687,2025-06-19,947933.64,0.00
PAY-2521,INV-2539,2026-07-28,1344512.80,32534.38
PAY-4592,INV-4680,2026-07-29,1572149.15,21242.50
PAY-1056,INV-1057,2026-09-28,1893840.56,71470.83
PAY-2295,INV-2319,2026-04-20,1189460.12,0.00
PAY-4905,INV-4997,2025-12-03,1840240.46,87839.93
PAY-2425,INV-2447,,1252138.45,0.00
PAY-7327,INV-7451,2025-08-30,1118328.10,47956.66
PAY-4359,INV-4436,2026-07-24,1376229.47,
PAY-2904,INV-2935,2026-06-13,522485.30,0.00
PAY-5546,INV-5651,2026-08-14,1970408.00,0.00
PAY-1736,INV-1747,2026-10-24,1562344.05,50215.42
PAY-1330,INV-1342,2025-10-14,854066.51,19483.03
PAY-2219,INV-2239,2025-07-13,1446246.47,0.00
PAY-5862,INV-5976,2026-05-06,1712012.39,46498.81
PAY-2128,INV-2149,2026-02-08,725210.10,0.00
PAY-4013,INV-4079,2025-08-30,993031.66,91304.12
PAY-6533,INV-6653,2025-08-14,1075145.14,0.00
PAY-6748,INV-6861,2026-09-19,1123542.90,
PAY-2506,INV-2522,2026-12-24,281536.03,9628.09
PAY-4180,INV-4255,2025-07-25,1317032.62,
PAY-6630,INV-6745,2026-05-26,674459.65,47349.88
PAY-4883,INV-4973,2026-03-04,,0.00
PAY-7037,INV-7162,2025-10-07,431348.06,9544.29
PAY-5731,INV-5842,2026-01-27,1612496.56,0.00
PAY-5667,INV-5776,2025-10-14,1368130.15,0.00
PAY-6402,INV-6516,27-01-2026,742095.06,
